sample	TCGA-ZS-A9CG-01
ARHGEF10L	10.1378
HIF3A	7.066
RNF17	0.0
RNF10	12.0387
RNF11	11.1221
RNF13	10.1665
GTF2IP1	12.2077
REM1	2.5357
MTVR2	0.0
RTN4RL2	8.0269
C16orf13	9.7516
C16orf11	0.0
FGFR1OP2	8.4224
TSKS	0.0
ATRX	10.279
PMM2	10.3617
LOC100272146	3.8788
ASS1	14.1961
NCBP1	9.1986
ZNF709	4.384
ZNF708	4.9618
RBM14	9.8279
NCBP2	9.8089
DISC1	7.2974
CAMK1	9.0883
RPL37	14.0021
SPR	11.0395
ZNF700	7.1998
ZNF707	8.108
CAMK4	1.6119
ZNF704	7.3709
LOC339240	3.8099
GOLGA6B	7.138
RNF115	8.6138
RNF112	4.0675
ZC3H14	9.3477
SPN	5.6143
HMGCLL1	1.2455
NACAP1	6.6885
LRRTM1	7.1096
GRIN1	0.0
RBMY1A3P	0.0
DHX8	9.5193
DHX9	10.9908
LOC441204	4.8289
TCOF1	9.0579
LRRTM3	0.0
NUP98	10.2573
XPC	10.5081
SLC12A2	7.2396
GRINA	14.4307
LRRTM2	2.1465
NUP93	8.0494
HAP1	1.9038
KLRA1	2.1465
CAMKV	0.0
SPPL3	9.3325
GOLIM4	10.5868
ZNF646	8.2959
OPA3	9.0504
OPA1	10.5784
RHEB	9.991
RAB40C	8.8635
RAB40B	8.2896
RAB40A	1.6119
COL7A1	12.052
MDP1	7.3852
GTSE1	2.6969
FAM183A	0.0
ARFRP1	10.0777
OVCH1	0.7532
FAM183B	0.0
PSAP	15.0896
KIAA0831	9.1356
SPPL2A	11.0848
SLC46A1	10.2518
TGFBR2	12.3067
ITGA8	2.5357
ITGA9	4.7936
STK40	10.3878
MYO3B	5.0239
ATP2A1	2.8419
ATP2A2	12.1033
ATP2A3	5.7491
ITGA1	10.0093
ITGA2	9.5813
ITGA3	6.1758
ITGA4	5.7556
ITGA5	10.5257
ITGA6	11.2935
ITGA7	9.4058
TRHR	0.0
LOC100132288	8.2801
DENND4A	9.6499
DENND4B	9.225
DENND4C	9.5644
SWAP70	9.184
RARRES1	10.8938
LOC100132287	7.7927
PHLDA3	8.0569
PHLDA2	4.8289
TACO1	10.9946
PMM1	11.1367
GAP43	0.7532
NENF	10.8607
SQLE	11.3088
MRPL28	10.9277
LOC100289341	5.0834
FBXL13	0.0
FBXL12	8.4734
FBXL15	8.9914
CYP27B1	3.3091
FBXL17	9.239
FBXL16	1.6119
FAM169A	10.6922
FAM116B	7.1519
FAM116A	8.7114
FAM169B	0.0
RALGAPA2	8.5009
GHDC	10.502
H19	12.003
SDK2	5.9703
GRP	0.0
TPRN	9.3852
THSD4	8.2705
KIAA0895L	6.9416
CHST9	6.8081
CHST8	0.7532
COL4A5	10.181
COL4A4	4.4307
COL4A3	2.5357
COL4A2	11.8874
COL4A1	11.8905
SLC35D2	10.1228
CHST1	4.0073
ZNF879	3.5811
CHST3	5.8554
CHST2	6.6198
CHST5	0.0
CHST4	0.0
CHST7	5.9545
CHST6	2.1465
ITGAX	7.0807
OR8J1	0.0
SNORD115-17	0.0
BCL2A1	4.5196
GPSM2	4.5771
HLCS	9.5112
NOG	0.0
LIPG	9.292
ITGAV	9.9793
HIBCH	12.3182
ZNF703	6.998
ITGAL	8.9797
ITGAM	6.0767
LOC286359	0.0
HLF	13.4903
NOV	6.0321
FAM134C	10.9746
FAM134B	7.6325
FAM134A	11.9164
SERPING1	16.2188
SMAD9	2.3542
TRERF1	3.8788
LOC653501	7.1519
LRPAP1	12.1947
LQK1	6.0321
SMAD6	7.272
SMAD7	7.3285
GOLPH3L	9.5193
SMAD1	9.5928
AFTPH	9.303
SMAD3	10.4178
MUS81	9.1125
AMMECR1L	8.8929
IL1RAPL1	5.3731
TMPRSS11B	0.0
IGF2R	11.6557
TMPRSS11D	0.0
TMPRSS11F	0.0
ZC3H10	7.6225
RAD21L1	0.0
IL1RAPL2	5.1956
SLC36A3	0.0
CKS1B	9.6616
SLC36A1	6.3435
ST13	13.4555
RPL31P11	2.3542
C14orf115	0.0
ZC3H15	10.1404
TMEM213	1.2455
C14orf118	6.6198
ARTN	2.5357
ART1	0.0
HRH3	0.0
ART3	1.2455
HERC2P2	8.0494
ART5	2.1465
ART4	7.021
RNF111	8.895
TCEA2	8.6011
TCEA3	11.703
TCEA1	11.5617
MGC57346	2.1465
COX4I2	5.443
COX4I1	13.3402
BFAR	9.9264
ZC3H18	9.4699
TMEM212	0.0
SNORD115-13	0.0
TCEB3B	1.6119
SIPA1	9.5314
CRTAM	2.5357
EDA	2.5357
OR6P1	0.0
CCDC116	1.2455
CADPS2	8.7917
CCDC114	4.0675
CCDC115	9.2159
CCDC112	3.4961
CCDC113	6.6594
CCDC110	5.0239
CCDC111	7.4289
LEO1	9.0411
ATP1A4	0.0
ATP1A3	0.7532
ATP1A2	12.2524
ATP1A1	12.5367
KGFLP2	6.6127
MGRN1	11.0582
TCP1	12.0439
CRTAP	12.9961
CBLC	2.6969
SPHK1	4.7858
DPT	4.4758
BPESC1	0.0
CUEDC1	7.1519
CUEDC2	10.3678
CBLB	7.5399
CPEB4	10.8896
CPEB1	0.0
ZNF45	6.8601
CPEB3	9.2159
CPEB2	9.0745
BEGAIN	6.2685
RBMXL3	0.0
OSGEP	8.7782
ABAT	13.2595
LOC100129637	6.4715
ZNF780A	7.7702
ZNF780B	7.0286
TLN2	7.4005
FRG1	8.9856
FRG2	0.0
RHEBL1	3.9445
ZNF41	6.7903
IFT80	6.9185
FBRS	9.9675
ZNF414	7.8624
IFT88	8.5934
IL10RA	7.5345
POU5F1B	4.384
SP1	10.5102
SLC27A4	9.8883
SP2	8.6804
OLA1	9.6069
PNOC	0.0
CNTF	4.0073
MCM10	3.4056
PDIA5	11.0414
SP4	6.0913
TMEM38B	8.5883
THUMPD3	9.4587
IGFBPL1	0.0
SP5	9.6714
ATG4C	7.667
ATG4B	9.526
ATG4A	9.4232
THUMPD2	6.5155
LOC441208	5.5312
ATG4D	7.2172
PHOX2A	0.0
PHOX2B	0.0
SNORD114-31	0.0
SNORD114-30	0.0
LRGUK	1.9038
MPHOSPH8	8.9817
UPK2	2.5357
CFH	15.5825
CFI	14.1293
PNP	9.6119
ANKFY1	9.8034
C1orf14	0.0
CFB	15.7251
OR5P3	0.0
OR5P2	0.0
MLLT4	10.9741
SNORD115-6	0.0
CREBBP	10.6945
PNN	9.7539
PHYHIPL	9.6629
ATP6V0E1	11.8877
ATP6V0E2	12.5806
RNF128	13.1364
CFP	6.0169
AAAS	9.7822
HAMP	0.7532
ZNF394	8.3515
SIDT1	4.4758
SERPINA10	13.3305
SIDT2	10.1812
SNORD115-7	0.0
TAF8	8.9319
PISRT1	0.0
SIX4	3.2057
LOC283070	9.5193
SIX6	0.0
PM20D1	0.7532
MR1	7.561
MGC4473	0.0
SIX3	0.0
SNORD115-4	0.0
WASH3P	8.855
CNPY4	6.2163
CNPY3	8.9738
CNPY2	11.5498
CNPY1	0.0
NODAL	3.4056
SYNJ1	7.7101
KNDC1	3.6615
HMG20A	10.0045
HMG20B	10.4149
PHOSPHO2	3.8323
AAGAB	9.0354
C4orf19	7.8192
C3orf79	0.0
SLC7A6OS	6.3201
C3orf77	0.0
C3orf75	9.1232
C3orf74	0.0
C4orf10	7.7006
C3orf72	0.0
C3orf71	5.2045
C3orf70	3.4961
ZNF285	5.2744
MRO	7.1519
ZFP82	4.384
CHFR	8.5145
EFHA1	9.4275
RTBDN	2.1465
EFHA2	6.5047
AAA1	0.0
GPR75	4.384
NUDT9P1	1.2455
SYPL2	8.2117
RFX8	1.6119
ZNF222	5.443
RFX4	0.0
OR2C3	0.0
AVPR2	3.4056
RFX7	7.1519
NRXN3	7.6375
GPR77	2.1465
NRXN1	0.0
RFX3	3.5811
SNORD104	0.0
RFPL2	6.1057
VPS37D	8.2833
NLRP13	0.0
APC	8.4622
TMEM179B	10.2378
ABCE1	9.9305
UQCRC2	12.7489
XPNPEP1	9.397
XPNPEP2	12.1839
TIGD4	0.7532
ZNHIT3	8.9846
GGCX	12.1497
PAPLN	5.3491
ADNP	10.0602
TMEM218	8.042
STXBP6	8.4166
KHDRBS1	11.1442
RUNDC2C	3.2573
KHDRBS3	9.0107
GGCT	8.8614
VPS37C	8.1745
STAC2	0.0
LOC283404	0.0
ZNF395	9.2569
STAC3	4.384
TBL1Y	0.0
LHCGR	0.0
TMEM211	0.0
OR1Q1	0.0
TMEM127	11.0775
GPR78	0.0
TRPA1	0.0
VPS37B	8.8072
TTC7A	8.1151
UQCRHL	9.3658
ZBED4	8.4021
C11orf2	11.5633
C11orf1	8.5463
DPYSL5	0.0
DPYSL2	10.8381
DPYSL3	8.3844
OSTM1	8.8929
RUNX2	3.6615
C11orf9	9.8188
KRTAP10-12	0.0
KRTAP10-11	0.0
KRTAP10-10	0.0
IGFBP2	13.8669
IGFBP3	10.9756
IGFBP1	13.8795
BOP1	9.8609
IGFBP7	12.0271
IGFBP4	14.7835
IGFBP5	10.9077
SKP2	7.3346
TTC4	9.0579
CYP2R1	7.3946
CKLF	7.4409
ZNF193	5.9222
C15orf26	0.0
C15orf27	4.8289
C15orf24	10.8953
GJA3	0.0
APLNR	5.6143
C15orf23	7.4179
C15orf21	4.8968
GJA8	1.6119
CYP8B1	14.9542
C15orf28	0.7532
C15orf29	7.3769
STMN1	9.2259
S1PR2	5.2744
KDM3B	9.9625
REG1P	0.0
STK17A	8.7231
KDM3A	9.755
LOC401387	0.0
S1PR1	10.489
ZNF642	5.8892
TMC4	4.0675
MYO3A	0.0
TMC6	7.1309
KIAA1958	5.2486
APIP	9.4018
TMC1	0.7532
GPR15	1.6119
TMC3	1.6119
PKLR	13.1927
TECRL	0.0
EIF2B4	9.6031
EIF2B5	9.6395
EIF2B2	8.9953
EIF2B3	9.0467
EIF2B1	9.9028
PRKAR2A	8.1328
CSNK2A1P	7.7148
XRRA1	8.1278
C20orf56	12.7907
C20orf54	5.1406
TXNIP	13.1
SLC36A4	6.3796
LOC389791	3.8099
ZNF876P	2.3542
MLF1	3.3091
QPRT	12.7028
IFT140	8.068
MLF2	12.2894
TMEM14C	11.1598
FAM157A	1.6119
FAM157B	0.0
FANCF	8.2991
MECOM	6.7541
ITGA2B	1.6119
RSPH1	0.7532
IFI16	8.6995
SOX6	7.7335
LOC440944	7.1998
TTC1	9.7377
C9orf128	0.7532
C9orf129	6.3065
MYT1L	0.0
C9orf125	7.6815
C9orf122	2.1465
CEPT1	9.5166
KIAA1267	9.5017
RTCD1	8.936
CFHR2	13.8157
CFHR3	10.1413
CLIC4	10.9353
CLIC5	7.3099
CLIC2	7.4063
CLIC3	1.2455
CFHR4	10.4149
CFHR5	12.3519
KRTAP2-2	0.0
KRTAP2-1	0.7532
CXorf1	0.0
KIAA0020	9.3985
KRTAP2-4	0.0
TMEM147	10.1988
ASGR1	13.9133
ASGR2	14.1786
PCDHA1	0.0
FOXL2	1.2455
RIT1	7.9728
TMEM141	10.3886
FOXL1	2.9736
SF1	11.4995
PCDHA6	0.0
PKIB	6.1482
TMEM149	8.6761
API5	10.6211
KRTCAP3	0.7532
NUMBL	6.1482
RTKN2	1.9038
RNF180	4.2861
P2RX7	4.7575
SECISBP2L	9.6726
SBF1P1	0.0
LOC100128811	0.0
HAS2	2.1465
KIAA1199	4.6435
HLA-DPA1	10.7909
ZSWIM3	6.3313
FAM32A	10.7106
KIAA1191	11.8206
FER1L6	0.0
ALOX12P2	4.6825
FER1L4	2.6969
FER1L5	0.0
CA5B	9.4132
ZNF559	6.8601
VWA1	11.4151
C19orf22	9.9625
C19orf23	4.6033
C19orf20	8.1187
C19orf21	1.2455
C19orf26	1.2455
ZMAT4	0.0
C19orf24	10.4134
C19orf25	8.954
MYBL1	5.4656
NR1D1	9.5694
C19orf28	9.2634
C19orf29	8.7872
ITGB1BP1	8.8291
ITGB1BP3	0.7532
ITGB1BP2	5.9545
ZNF7	9.5456
ZNF2	6.6397
ZNF3	9.2051
CTCFL	3.7084
PHLDA1	13.0711
RPL31	14.1441
ZNF8	5.2058
PCP4L1	4.2345
C11orf17	8.2283
C11orf16	0.0
ZAP70	5.1406
SNORD115-9	0.0
C11orf10	10.6078
ZCCHC13	0.0
UFSP2	9.3556
OGFR	10.7744
EPM2AIP1	9.5473
CDC5L	9.8736
RAC2	7.0586
RAC3	8.3874
RAC1	11.7154
SBDS	10.9951
RCL1	12.6888
SBK2	0.0
MRPS18A	9.9615
CPLX2	7.7054
CPLX3	2.5357
ORC3L	8.9699
CPLX1	7.3346
AP2A1	11.4633
CPLX4	0.7532
AP2A2	11.262
LOC389333	3.3091
LILRB3	5.205
CADPS	1.2455
FIGNL1	7.4294
KDM4DL	0.0
PBX3	8.0193
PBX1	9.5735
AIRE	0.0
TMOD2	6.4263
MFSD11	8.6015
NSUN2	10.2948
NSUN5	9.4446
NSUN4	8.6561
NSUN7	0.0
NSUN6	9.3882
PRAMEF4	0.0
PRAMEF5	0.7532
PRAMEF6	0.7532
TUBG2	7.9449
FAM71F1	0.0
PRAMEF1	0.7532
PRAMEF2	2.6969
FAM71F2	1.6119
PTCH2	1.6119
OR7G1	0.0
PCDHGA2	3.5811
PRAMEF9	0.0
PRDM9	1.2455
SGK269	8.3454
FAM108B1	9.1669
TBC1D1	9.2762
ZXDA	5.1406
PAMR1	4.9297
RAD9A	7.5277
ERGIC2	9.0146
ERGIC3	12.428
CDR2L	5.8724
ERGIC1	12.2473
CLEC14A	8.6011
PDF	8.2905
B3GAT3	9.7002
B3GAT2	0.7822
B3GAT1	2.6969
FAM66E	0.0
FAM66C	0.7532
PER1	11.6272
CPPED1	11.9014
OR10A2	0.0
UXT	10.2098
CALM2	11.8955
CALM3	13.1933
SPG21	10.9771
CALM1	12.2621
GSDMA	1.2455
GSDMB	7.8835
GSDMC	1.2455
GSDMD	12.6855
HRH4	0.7532
UPK1B	0.0
DLGAP2	0.0
DLGAP3	3.4056
DLGAP1	1.6119
DLGAP4	10.2222
DLGAP5	2.6969
BRDT	0.0
HRH2	1.9038
MBNL2	10.6305
MBNL3	9.4824
PLK3	7.2065
A1BG	14.1943
TTC8	7.5238
PLK2	9.5565
ZNF720	7.4967
OIP5	3.1253
CLCN3	9.4203
CLCN2	6.2813
CLCN1	2.8419
HRH1	4.8289
CLCN7	11.0096
CLCN6	8.5934
CLCN5	10.3306
CLCN4	7.9001
FBXL19	7.7882
BRD8	9.0279
BRD9	8.8929
PCDHGA1	1.9038
FBXL18	8.0532
BRD4	10.7117
BRD7	9.5273
BRD1	8.8507
BRD2	12.1954
BRD3	8.9732
DNAJA2	10.9791
DNAJA3	10.8797
DNAJA1	12.8478
TGFBR3	10.6423
DNAJA4	8.5036
GLG1	10.9543
LOC643387	4.5621
PTPN12	9.9375
PTPN11	11.3817
LOC84931	0.0
LOC100192379	0.0
LOC100192378	1.2455
MYCBP	8.4281
PTPN14	7.7927
GALR3	4.6825
GALR2	1.6119
GALR1	2.5357
SETD1B	9.8319
LYAR	7.9767
PCDH20	7.2265
C8orf30A	10.7241
CH25H	7.9369
C16orf74	3.4056
C16orf75	6.0767
MRPL27	10.0482
CSF2RA	4.6825
DMD	9.8275
C16orf71	4.7205
C16orf72	9.9968
C16orf73	0.0
GAB4	0.0
LRFN4	3.5811
C16orf78	0.0
C16orf79	3.1105
GAB1	7.6911
C2orf81	3.9309
C2orf80	0.7532
C2orf83	0.0
C2orf82	3.4961
C2orf85	0.0
C2orf84	0.7532
HABP2	11.1015
C2orf86	6.7449
C2orf89	5.2224
C2orf88	4.1254
FLJ46361	0.0
NDRG3	8.661
NDRG4	3.0944
TBC1D9	10.7153
ZSCAN2	7.953
PRAP1	13.4363
CHD1L	10.7035
HOXA6	1.2455
HOXA5	2.5357
SNORD38A	0.0
DNAJB13	0.7532
DNAJB12	10.1526
DNAJB11	10.8907
HOXA4	2.9974
HLA-DQB1	8.0039
MSMB	0.7532
UPF0639	0.0
DNAJB14	7.3529
RNF138	7.9767
HOXA3	6.8429
ENOSF1	9.4317
HOXA2	2.5357
CISD2	10.3878
CISD3	11.2464
CISD1	9.334
CLNS1A	10.9338
HOXA1	0.7532
FLJ44635	3.9445
R3HDML	2.1465
TSHZ2	8.6731
TSHZ3	4.9297
EIF4E1B	0.0
MRC2	5.2486
FOXS1	4.2861
PABPC1P2	0.7532
ZNF581	8.2479
IGLL1	0.0
MCOLN1	9.9355
ZNF582	5.2486
TIPARP	9.7499
ZNF584	7.2265
ZNF587	7.5605
HAPLN4	7.203
ZNF589	6.0169
U2AF2	10.824
THSD1	9.3688
SGK494	4.2861
TMEM115	10.6423
ZFP161	8.2928
RELA	10.8527
?|26823	0.0
LPAR6	7.2847
LSM12	9.331
PSD	5.4878
UXS1	8.7114
CAMKK2	10.1378
CAMKK1	4.8633
P2RX2	0.0
HOXA9	2.8419
LOC84856	1.6119
OR8U1	0.0
LPAR5	3.6615
ZP3	3.5811
LOC441046	2.8419
ZP2	3.9445
TMEM123	12.2084
MTRF1L	7.6959
MYO1H	0.7532
MYO1G	4.9297
MYO1F	8.0001
MYO1E	9.1036
MYO1D	10.136
MYO1C	11.2848
MYO1B	13.716
MYO1A	6.9266
GRN	12.5995
LCN6	1.6119
LOC100128640	4.8968
RPL36AL	11.6676
RAET1G	1.6119
KIAA0391	9.334
CHMP7	8.7486
CHMP6	9.6567
BCR	10.3144
OR52N4	0.7532
OR52N5	0.0
OR52N2	0.0
CTPS2	8.6948
NDC80	4.1254
OR52N1	0.0
SULT6B1	0.0
LY6G6C	0.0
HOXA13	7.6572
LY6G6E	0.0
HOXA11	1.2455
HOXA10	5.6143
KRTAP19-2	0.0
KRTAP19-3	0.0
PPIAL4C	5.4656
KRTAP19-1	0.0
KRTAP19-6	0.0
KRTAP19-7	0.0
KRTAP19-4	0.0
FAM188A	8.0643
FAM160B1	10.1878
KRTAP19-8	0.0
FAM160B2	8.7067
RAD54B	6.9345
GALNTL5	0.0
GALNTL4	8.3147
TSSK4	2.5357
GALNTL6	0.0
GALNTL1	4.7205
LSM11	7.138
ZNF323	8.2479
GALNTL2	8.8443
SNORD114-3	0.0
SF3B1	11.9604
TUSC2	9.2553
SRI	9.0336
SUN1	10.0312
SRL	3.5811
SRM	10.0284
SRR	7.907
LGALS9	7.953
LGALS8	10.9484
LGALS3	8.4954
LGALS2	1.9038
LGALS1	11.8077
SRY	0.0
LGALS7	0.0
LGALS4	12.7841
NMU	0.0
RNF114	10.6723
AKIRIN2	10.3989
AKIRIN1	9.3386
EIF2AK1	12.1399
ERCC6L	2.9736
EIF2AK3	9.0873
EIF2AK2	7.4635
TDG	7.5022
EIF2AK4	9.908
HN1	8.3933
SMS	9.3658
NMB	6.2813
EREG	0.0
LOC729467	0.0
AVPI1	8.2316
MYO16	8.1677
FAM136B	0.0
TRNT1	7.9409
ASAP1	9.5287
ASAP2	8.7578
ASAP3	9.4699
OCRL	10.2541
?|441362	0.0
VSIG10L	5.3246
PLAUR	5.6143
XIST	0.0
KRT28	0.7532
TBX2	8.6561
LOR	0.0
LRRC26	0.0
KIAA1524	3.2057
LRRC24	6.5162
KIAA1522	10.175
MPDU1	10.7317
KIAA1033	10.0425
LOX	8.5064
LPGAT1	11.1266
LOC284661	0.0
SEMA6D	3.9445
LRRC29	6.2426
KIAA1529	4.7575
SH3D20	1.2455
GCNT4	5.2486
GCNT7	0.7532
PRKX	6.5476
C14orf138	6.8081
C14orf139	4.9931
GCNT3	3.7376
GCNT2	7.9962
C14orf135	8.661
LOC440957	8.2864
C14orf132	2.6969
ZNF165	4.7575
LPCAT4	5.8554
LPCAT2	7.7148
LPCAT3	10.7639
LPCAT1	8.2641
SPNS1	10.335
KRT20	0.0
MID1IP1	11.1581
TAS2R42	0.0
PIGA	6.7723
PIGB	8.1639
PIGC	9.3793
PIGF	8.2948
CALCRL	8.0116
PIGH	8.6004
TBC1D3	8.2031
MGC70857	11.5462
PIGK	9.5206
PIGL	5.8033
PIGM	8.6658
PIGN	8.8909
PIGO	9.6333
PIGP	9.1071
C20orf185	0.0
C20orf186	0.0
PIGS	8.2641
ILKAP	8.2479
PIGU	9.0088
PIGV	9.7108
PIGW	7.6572
PIGX	8.1915
PIGY	10.8262
PIGZ	6.5893
KRT25	0.0
TMEM80	7.7316
NDFIP2	10.3745
ELAC1	6.9588
ANKLE1	2.1465
OR52R1	0.0
OR10A7	0.0
ALPP	0.0
RHPN1	7.9449
INPPL1	10.8601
OLR1	4.7575
RHPN2	9.6382
SRRM1	10.4918
ITGAD	2.5357
MGST2	12.2759
SRRM2	12.4722
RAET1L	0.0
SRRM4	2.9736
ITGAE	6.9824
PDK1	9.637
SEPX1	11.3976
PDK3	5.5734
PDK2	11.8002
EBP	11.7036
PDK4	14.201
SUN3	0.0
LNPEP	8.1912
MYO5C	7.1792
ALPI	0.7532
ZNF292	8.3991
SEC61A1	13.0664
SEC61A2	6.3582
ALPL	10.9643
PTGS2	2.6969
PECR	11.9474
DDHD2	7.6325
TBC1D5	10.0575
NAPRT1	12.2981
MGST3	11.9243
ZYG11A	6.5047
ORC2L	7.9369
RAB9BP1	0.0
OGFRL1	5.5734
PUF60	12.9243
SV2B	6.5155
ZFAND1	10.0887
MYO5B	9.8111
TMEM82	7.3099
PECI	12.9417
OR11G2	0.0
PPID	10.0556
PLVAP	12.146
SLC39A13	9.2242
SLC39A10	6.4937
SLC39A11	9.9803
LOC96610	9.5184
SLC39A14	13.1878
SCN2B	0.0
CEP120	7.3589
MTMR10	9.8572
EIF1AX	10.4047
EIF1AY	4.8968
NTRK2	3.4961
NTRK3	1.9038
ARHGAP23	5.6736
ARHGAP22	3.8099
ARHGAP21	9.4418
ARHGAP20	2.6969
ARHGAP27	6.8168
ARHGAP26	8.9319
ARHGAP25	6.9902
ARHGAP24	7.088
NARFL	9.5954
ARHGAP29	10.121
ARHGAP28	3.0944
NFKBIL2	7.9155
LOC150197	0.7532
PCGF1	8.3605
SYDE1	8.4789
DDIT3	9.4781
DDIT4	11.6941
NFKBIL1	9.3748
SLCO4C1	3.3091
RXFP3	0.7532
COL19A1	0.7532
NKRF	9.331
PCGF2	8.5817
TMEM84	2.3542
SMAD2	9.7934
MYSM1	5.7306
ATG2A	10.1157
LOC162632	3.3091
ATG2B	9.5735
PPPDE1	9.7687
PPPDE2	9.3493
BMP7	1.2455
C1orf38	7.1239
BMP5	0.0
BMP4	9.125
BMP3	0.0
BMP2	5.5524
BMP1	10.5881
GPR4	8.7463
C1orf31	9.3822
RLIM	10.3565
OR5R1	0.0
PCGF6	7.561
C1orf35	9.043
SSFA2	11.5924
FEM1C	9.8286
TERF2	9.2059
TERF1	10.2533
ASF1B	4.9297
LOC344595	4.0675
GOLGA8E	0.0
NDUFAF1	9.5112
GOLGA8G	0.0
FEM1A	9.8778
GOLGA8A	8.7601
GOLGA8C	0.7532
GOLGA8B	8.8909
MARCH11	0.0
MARCH10	0.0
LOC100125556	5.9375
CT45A1	0.0
PTOV1	11.32
CT45A3	0.0
CT45A2	0.0
CT45A5	0.0
CT45A4	0.0
RASSF7	9.4028
CT45A6	0.0
LPPR5	0.0
LPPR4	3.6615
LPPR3	0.0
LPPR2	9.4101
HBII-52-27	0.0
PMS2L4	4.8968
SPRY2	8.1044
RSAD2	6.6594
RSAD1	10.3587
ATP5C1	12.3248
NFS1	10.6789
CHD3	8.6238
CHD2	10.4364
CHD5	0.7532
CHD4	11.433
CHD7	9.3911
CHD6	8.6388
CHD9	9.3598
CHD8	9.5826
SGCA	2.3542
LOC121838	1.6119
CAP1	11.8244
CAP2	10.1827
LOC283050	3.8788
NPC2	11.5141
NPC1	9.3222
SKIV2L	10.4543
SNORD11	0.0
TNFSF12-TNFSF13	5.0664
C3orf59	4.7205
C3orf58	10.4869
PRKCB	5.2224
RAB3GAP2	9.8768
IL4R	9.7412
BHLHA15	2.5357
PIKFYVE	8.8635
C3orf51	0.0
C3orf50	0.0
C3orf52	0.7532
C3orf55	0.0
C3orf54	4.2345
C3orf57	1.6119
CAPS	7.3709
DYNC1LI1	8.6707
DYNC1LI2	10.0444
TRPC1	4.6033
EFHC2	0.0
EFHC1	6.294
CAPG	7.7657
TPRKB	8.2083
ETHE1	9.6419
PRDM16	5.1406
ABCG1	9.2026
ABCG2	12.0097
PLSCR5	0.0
ABCG4	0.0
ABCG5	9.675
PRDM10	6.5995
PLSCR1	8.7578
ABCG8	10.5075
MPO	1.6119
HNF4G	9.3186
AVP	0.0
ELP2	9.8893
PRKCZ	7.7743
SPC25	2.8419
TARS2	10.668
POLRMT	10.9479
MS4A6E	0.7532
MPZ	4.5196
SRBD1	8.2833
SGSM2	8.7917
MCPH1	7.0807
GRPEL1	10.4485
GRPEL2	8.1469
PLRG1	10.1647
SGSM1	4.7205
SF3B14	10.4911
SLC36A2	0.0
KRIT1	8.5883
LRRC27	7.3709
ASPHD1	7.6275
TRPC7	0.0
GADL1	6.7263
KRTAP5-10	1.2455
HLX	9.8715
QRSL1	7.8751
VOPP1	8.5386
FCER1G	7.5345
AKR1B10	9.7979
BTG3	9.0927
BTG2	8.4678
AKR1B15	2.1465
FAHD1	10.549
ZNF592	10.2038
SLA2	2.1465
SNORA67	1.9038
C4orf36	1.9038
C4orf37	1.2455
C4orf34	10.2205
C4orf35	1.2455
C4orf32	8.855
C4orf33	7.3346
C4orf31	2.8419
SRD5A3	8.8378
SRD5A2	10.1665
SRD5A1	10.8284
ZFP1	7.1658
C4orf38	5.2486
C4orf39	0.0
HELLS	3.3091
ZCCHC3	8.7984
FAM49A	5.3491
FAM49B	10.4343
PDILT	1.2455
SNORD12	0.0
SLC6A20	2.5357
ZFP36L2	13.2417
GGA1	10.1299
C10orf99	0.0
GGA3	8.6755
GGA2	10.1988
C15orf48	1.6119
ZNF510	6.9428
C10orf90	0.0
C10orf91	0.0
C10orf93	0.0
C15orf40	7.6523
C15orf41	7.9728
C10orf96	0.0
C15orf43	6.7449
SLC12A6	7.7974
FHOD1	6.7541
FHOD3	4.1809
ADH7	2.1465
ADH6	14.6671
ADH5	12.9336
ADH4	15.6521
C4orf6	2.5357
C4orf7	0.0
PKD1	9.2076
NRL	6.2556
GJC2	2.6969
C4orf3	12.4267
GJC1	6.12
ZNF138	6.0169
PFKFB1	8.1847
PRKACG	0.0
SPRYD3	10.3504
PRKACA	10.9942
ERICH1	6.9347
NUAK2	10.3908
PRKACB	9.5447
PSMB7	11.8339
PSMB6	10.8676
PSMB5	11.4635
C14orf119	9.4671
PSMB3	11.4799
PSMB2	11.2187
PSMB1	11.8312
LOC100128842	3.2057
C20orf79	0.0
TNFSF10	9.8199
PFKFB2	7.7382
LMBR1L	8.7067
HDHD3	11.3013
HDHD2	9.2407
C20orf71	0.0
C20orf70	0.0
LRRC23	6.1621
C20orf72	8.5985
PFKFB4	5.1684
PNMA1	7.1239
PPAPDC1A	0.0
TDGF1	8.4761
KLK1	0.0
TDGF3	5.2486
LOH3CR2A	3.6615
LOC339788	0.0
RMI1	8.7137
CORO6	2.3542
CORO7	8.1128
SNORD21	0.0
SNORD20	0.0
SNORD23	0.0
KLHDC5	7.8192
SNORD25	0.0
KCNK9	0.0
SFRS9	10.6723
LOC285456	2.8419
KCNK4	0.0
KCNK5	9.0653
BDNFOS	7.0031
KCNK7	1.6119
FAM155B	5.8554
CRY1	8.1364
CRY2	12.2839
FAM155A	0.0
C9orf144	0.0
SULT2A1	16.1638
C9orf140	2.8419
C9orf142	8.956
GLTP	8.4481
NACC2	6.0767
ACOT11	3.7893
ACOT12	9.6543
ACOT13	11.278
VPS13A	7.7428
LOC100128788	4.5621
VPS13C	9.1772
VPS13B	10.0528
BEX5	3.7376
BEX4	6.6496
BEX2	4.3359
BEX1	0.7532
UBAP2	8.5091
TXLNG	6.5047
NUP160	9.9325
ELTD1	9.273
N4BP3	5.2744
CRYM	9.0708
TMEM163	4.6825
TMEM165	9.3401
SULT1A3	9.1271
ME2	8.2544
EVI2A	6.2295
SERPINA5	13.5477
EVI2B	6.3313
FOXN1	0.0
FOXN2	8.2016
FOXN3	11.2174
SUGT1P1	1.6119
FAM27A	2.3542
NICN1	9.0378
WDR1	12.1013
UGT1A5	8.006
COL14A1	6.6397
ZNF799	7.0734
GRIN2B	0.0
GRIN2C	2.1465
GNA14	6.0015
GNA15	5.5734
GNA12	10.0331
GNA13	10.5777
GRIN2D	3.2057
GNA11	8.3814
NOL9	6.9103
PRKAR1A	12.6842
IFFO1	8.942
ZFP64	8.2544
IFFO2	9.2242
PRKAR1B	6.0321
MFGE8	10.8964
SH2B1	9.908
KLK5	0.0
IL6ST	10.6497
SBF1	9.4755
SBF2	9.7696
SERPINA7	11.6322
PCNT	8.5909
SAR1A	11.4266
DBN1	7.5184
SAR1B	10.4379
TPPP	6.6885
ADD2	1.2455
SNORD127	0.0
OGDH	11.6225
SIN3A	10.1716
ADD1	12.0174
CDC73	9.6195
C11orf35	8.4638
C11orf34	0.0
C11orf36	0.0
C11orf31	10.5634
C11orf30	7.0952
R3HDM1	8.3903
OLIG3	0.0
SEMG1	0.0
UPP1	8.1008
SEMG2	0.0
LOC284276	0.0
ZNF418	4.1254
EN2	1.2455
LOC100134713	3.7391
LMBRD2	6.4492
ANKRD20B	1.6119
OLIG1	0.7532
ZFP62	7.7702
RPL13AP20	4.7205
DAZL	0.0
DAZ3	0.0
DAZ2	0.0
DAZ1	1.2455
TAS2R19	0.0
DAZ4	0.0
SRFBP1	7.2199
TAS2R16	0.0
TAS2R10	1.6119
BCAT2	7.4857
BCAT1	6.7903
LOC283267	7.4179
NEUROG3	0.0
MACROD2	6.3189
MACROD1	10.5371
NEUROG2	0.0
MYH7B	5.5734
GBA2	10.1232
AKAP4	0.0
AKAP5	4.4758
AKAP6	7.1795
AKAP7	10.1785
DBNL	10.1716
AKAP1	10.4766
AKAP2	9.1657
AKAP3	4.9297
ORC1L	4.8633
C1orf135	3.5811
PIPOX	13.2774
AKAP8	9.1232
AKAP9	9.6333
EIF2A	10.4959
ZNF416	5.7854
PPIP5K1	7.8148
CYP26A1	6.6692
CCDC117	11.1371
PSTK	6.3313
SNORD124	0.0
WSCD1	4.1254
TUBE1	7.9329
PHPT1	10.6735
SMC1A	10.5887
RLF	8.3178
NFU1	8.9033
TMEM170B	8.2801
RRP1B	9.2026
NOVA2	5.6143
NOVA1	1.9038
LOC255167	10.1148
KLHL34	0.7532
HSP90B1	14.4544
MCF2L	9.0038
SMC1B	2.9736
KRR1	9.0302
TMEM132E	1.6119
FAM64A	1.6119
TMEM132A	7.3649
LOC100130015	7.7448
PEG10	3.0944
SPATA16	0.0
OVGP1	5.3968
STRN	6.4827
TAS1R3	1.6119
TTTY17A	0.0
CETN3	7.667
CETN2	10.7082
CETN1	0.0
CCL28	4.4758
SNORD115-5	0.0
FAM92A1	8.7715
DIO1	12.817
DIO2	7.6474
DIO3	4.2861
CCL21	6.9746
CCL20	3.4961
CCL23	1.6119
CCL22	2.6969
CCL25	0.0
CCL24	3.3091
CCL27	0.0
CCL26	1.9038
ALPK1	7.6911
SLC23A1	10.2549
ALPK3	7.3709
ALPK2	10.4047
TRIOBP	10.4492
C8orf48	1.2455
C8orf47	2.5357
C8orf46	6.5155
C8orf45	5.5312
C8orf44	4.94
PHRF1	10.2468
C8orf42	7.8148
C8orf41	6.8424
C8orf40	9.5644
CDC45	4.8289
CUX2	12.1302
SNORA14A	0.0
FAM70A	3.9445
SNORD80	0.0
FAM70B	5.1684
BRF2	7.592
UBE2L6	10.5951
BRF1	9.503
FSIP1	0.0
DNAJC8	10.4703
DNAJC9	8.2608
MB	4.2345
DNAJC4	9.2053
DNAJC5	10.0787
DNAJC6	4.9931
DNAJC7	10.5585
DNAJC1	10.3519
DNAJC2	9.0059
DNAJC3	11.2856
CYP4F12	10.8744
ZNF701	3.8099
NTRK1	1.2455
GOSR2	9.5513
SLC18A2	2.1465
PTPRVP	2.3542
GOSR1	9.8297
SLCO6A1	0.0
RRP15	8.8846
CCDC97	9.7527
RALBP1	10.2247
NRN1	6.0015
TMEM179	0.0
MAP3K6	8.6338
TRIM49	0.0
SSB	10.5796
RAP1B	10.6355
RAP1A	10.1742
PPP1R8	9.5394
ZNF831	2.3542
TRIM46	0.7532
ZNF833	3.8788
SNORA68	0.0
MAP3K4	8.3301
ZNF837	6.6397
TRIM47	8.8825
NCRNA00219	8.2673
SNORA65	0.0
SNORA66	0.0
SLC23A2	13.2431
LOC643677	1.9038
SNORA61	0.0
SNORA62	0.0
IPO11	8.4488
MTNR1A	0.7532
ZNF410	8.9685
FAM91A1	10.8596
MTCP1NB	9.6666
HPYR1	0.7532
TPSG1	2.8419
TRIM43	0.7532
ATOH7	3.9445
ACAT1	12.4536
ACAT2	10.1894
ZNF573	3.5811
ATOH1	0.0
RNF152	6.8168
CD200R1	2.5357
LIMD1	10.5414
RNF151	0.0
RNF157	8.5143
ATOH8	11.1279
PMEPA1	5.986
PEX1	8.8762
TMEM177	9.1018
MARVELD3	6.0821
CTF1	2.6969
MECP2	10.0284
PEX3	8.5145
PCDHGA5	2.1465
LDLR	12.7095
PEX2	11.0272
IFITM4P	0.0
TRPV4	2.6969
RARRES2	14.9131
TRIM8	11.0545
TSPY3	0.0
LOC643719	2.6969
TSPY1	0.0
OR8S1	0.0
IL2RA	4.2345
IL2RB	5.5097
TRPV6	0.0
RAB33A	1.6119
PEX7	7.5452
TAS2R8	0.0
IL2RG	6.8601
CP110	7.9569
NUP210	8.9258
SLC17A6	0.0
SLC17A7	3.2057
SLC17A1	9.9456
SLC17A2	11.1615
SLC17A3	9.658
MDH1B	2.1465
C16orf58	12.1427
C16orf59	5.1123
SETDB2	7.7428
RARRES3	10.1509
C16orf52	9.5967
CDK5RAP3	11.7841
CDK5RAP1	8.9934
C16orf57	8.4817
C16orf54	3.2057
C16orf55	6.5047
NUDT16L1	9.303
KIAA0319L	10.9423
MYF5	0.0
ITCH	10.1733
ZNF207	10.4647
CCDC144B	0.7532
CCDC144C	0.7532
CHMP4B	10.7842
CCDC144A	0.7532
BAX	9.5787
TSPY2	0.0
BAD	9.7554
IARS	10.095
BHMT2	13.5285
PRKCDBP	5.4201
COBLL1	12.4112
SLC37A2	6.1057
OR52L1	0.0
CDK18	8.4253
CDK19	7.9713
GFI1B	0.7532
MYOD1	0.7532
PMPCA	11.5649
TOB2	10.981
CDK12	9.3371
CDK13	9.3643
CDK10	10.8037
SRRT	9.8199
CDK16	9.2841
CDK17	8.6561
CDK14	9.7934
CDK15	0.7532
GPR126	7.9001
LOC283856	4.6825
GPR124	6.6097
GPR125	9.7284
GZF1	8.6438
GPR123	0.0
GPR120	0.0
SNORA74A	0.7532
ATP6V1B1	0.7532
ATP6V1B2	9.9365
AASDH	7.5076
PIP5KL1	0.7532
GPR128	4.8968
LOC723972	3.4961
MTA3	8.6363
SNORD56B	0.0
VIPAR	9.0279
STL	2.3753
KCNAB1	5.3968
ZNF304	7.1519
BFSP2	0.7532
ZNF302	8.7692
BFSP1	4.1809
P2RY8	8.4195
TP53TG5	0.0
KCNAB3	1.6119
STS	8.0717
MMP25	5.1864
MMP24	10.3421
MMP27	0.0
KCNAB2	5.986
MMP21	1.2455
MMP20	0.7532
MTERFD1	9.7687
HOXB13	0.0
ZC3H13	10.6509
RPL15	14.1439
TFG	11.7201
HVCN1	4.3359
FBXO17	8.8614
TOMM34	9.3778
PIH1D1	10.1895
RND1	8.0193
RND2	1.6119
RND3	10.7153
NCL	13.1715
SPATA24	5.3246
CTNNBIP1	10.5136
PPP3CA	8.7278
PPP3CB	9.1924
PPP3CC	7.2902
SNORD78	0.0
ZNF821	7.1981
LIF	4.1254
KIAA1549	10.5926
KIAA1012	9.7912
?|100133144	0.0
NCF1	5.3491
KIAA1543	9.699
LRRC41	10.6429
LRRC40	8.4224
LRRC43	0.0
LRRC42	8.872
LRRC45	10.129
MMP23B	4.8633
LRRC47	10.5861
HDAC10	10.5057
LRRC49	3.2057
LRRC48	4.7575
GPATCH4	9.2226
PRR21	0.0
B3GNT4	1.9038
B3GNT5	7.8581
B3GNT6	0.0
B3GNT7	5.4201
FNDC8	2.9736
B3GNT1	10.2638
B3GNT2	7.3407
B3GNT3	4.6435
FNDC4	10.3489
FNDC5	7.2656
FNDC7	0.0
B3GNT8	4.3359
B3GNT9	4.3611
ADRA2B	7.0134
ADRA2C	9.1267
MRPL46	10.6601
SEC63	11.3449
PWWP2B	7.8192
PWWP2A	7.7382
FGFR1	8.5091
STAT4	4.384
PCYT1A	8.3515
PBRM1	9.132
DAAM1	9.8524
DAAM2	9.2838
HLA-DRB1	10.6155
HLA-DRB6	7.9879
XAF1	9.1565
PWP2	9.2308
HLA-DRB5	8.5333
CCDC152	10.1474
CCDC153	2.9736
CCDC150	4.8289
CCDC151	3.4961
GUK1	12.632
CCDC157	4.725
CCDC154	1.9038
CCDC155	0.0
CCDC158	5.3968
CCDC159	8.8529
SNX21	8.2091
H1FNT	0.0
TMCO5A	0.0
SYT8	0.7532
SYT9	3.8788
LRRC4C	1.6119
LRRC4B	3.9445
MTCH2	11.8077
FN1	16.8177
ATP5J	12.097
SYT1	1.2455
SYT2	1.9038
OR6T1	0.0
SYT4	0.7532
SYT5	0.7532
SYT6	0.7532
SYT7	9.7912
SYK	6.1057
MYCNOS	0.7532
RHO	0.7532
PRAMEF17	0.0
OBFC2B	9.0354
KAZ	5.2634
OBFC2A	7.2396
MEP1A	0.7532
MEP1B	0.7532
TASP1	6.4937
TG	7.5972
SNORD113-7	0.0
KISS1R	0.0
PER3	7.9649
FUBP3	10.3214
ATP5L	11.8005
LOC100133331	6.5662
COLQ	5.1684
SLC9A3R2	11.7339
SCHIP1	7.7702
SPZ1	0.0
FLJ16779	0.0
FAM189A2	3.0944
FAM189A1	3.4056
ZFYVE19	9.6762
MARCO	3.3091
SAP30	7.0511
TRIM5	8.4771
HFE	7.2656
TCP11L2	5.8033
NES	9.6195
CNTROB	8.5091
PALMD	9.2059
HSFX1	0.0
SNORD96A	0.0
ANGPT2	7.953
ANGPT1	4.7936
ANGPT4	0.0
TRIM4	10.0914
LOC100130274	0.0
PRSS22	0.0
MRPL45	10.0995
PALM2	7.2812
OXT	0.0
DUPD1	0.0
ZFPM2	3.6615
SEPT10	10.6601
C1orf53	7.7054
C1orf52	7.6375
C1orf51	8.3665
C1orf50	7.7242
C1orf57	9.7945
C1orf56	8.8254
C1orf55	9.7296
C1orf54	5.8724
MPZL2	9.2825
C1orf59	3.0944
C1orf58	7.5342
SSTR5	0.0
LOC647979	12.914
LOC151300	0.0
ICMT	9.5017
TRIM7	4.5621
NIPA1	7.1727
TBK1	9.0448
LAG3	3.5811
RGP1	6.6478
FCF1	9.3882
MPZL1	10.2606
ATP6V0A4	0.7532
ATP6V0A1	11.3154
ATP6V0A2	7.9845
GPR98	8.3991
GPR97	3.9445
SLC22A15	0.0
?|90288	8.7394
GUCA1A	0.0
GUCA1C	0.0
GUCA1B	2.6969
KRT75	0.0
KRT74	0.0
KRT77	0.0
KRT76	0.0
KRT71	0.0
C17orf108	7.8192
KRT72	2.6969
C17orf106	9.0905
C17orf107	7.3944
C17orf104	2.8419
C17orf105	0.7532
C17orf102	0.7532
C17orf103	9.331
C17orf100	6.12
C17orf101	9.4388
UNC13A	2.1465
SMPD4	10.0528
ATR	7.9247
ADAM33	2.5357
ACOXL	1.6119
SMPD2	6.6097
BRIP1	3.3091
PDE11A	8.3301
ITGBL1	5.8033
ZDHHC3	9.8893
ZNF571	5.2997
NKX6-3	0.0
ATP5A1	13.3922
HFE2	13.8084
SASH3	5.8554
RAB30	7.066
TTC28	8.776
AAMP	11.2212
LRRFIP1	11.1753
TTC24	0.0
TTC25	4.0675
TTC26	4.0675
DOT1L	9.1548
FUNDC2P2	2.8419
FLJ46111	2.5357
TTC22	4.4307
LOC402644	0.0
ZNF572	6.1894
TCL1B	0.0
CARS	9.5539
PODXL2	1.6119
IL6R	11.1893
ENO1	13.8122
ENO2	4.8633
ENO3	8.4137
TRAM2	9.9284
MGC16025	0.0
PER4	0.0
SYCP2	1.2455
NPAT	7.7054
TAOK2	10.5129
SYCP1	0.0
CNOT6L	10.4192
NDUFS1	11.2939
LLGL2	9.9018
SLC22A18	11.2108
ADAM3A	0.0
ACOX2	11.635
ACOX3	8.7917
SLC22A14	0.0
ACOX1	13.0243
SLC22A12	8.0039
SLC22A13	0.0
SLC22A10	5.2486
SLC22A11	9.6018
SSTR4	0.0
NSMCE1	10.6868
LOC728613	6.2426
CFD	6.0321
OBSCN	3.9445
PFDN1	9.5354
PTK2	11.5161
PTK7	4.1809
PTK6	6.5476
RABGAP1	9.3356
SNORD119	0.0
PRKAA2	9.6107
PRKAA1	10.326
ITGB3BP	7.3223
PFDN2	10.1465
CELF4	1.2455
CYB5B	11.1208
GAL3ST1	7.0807
POMP	10.7496
GAL3ST3	0.0
GAL3ST2	1.6119
GAL3ST4	2.8419
LRRC14B	0.0
SCARA3	8.1779
TRPC4	1.2455
XPA	8.2512
IL18RAP	3.7376
IL17RD	2.8419
ATG16L1	9.3613
ATG16L2	8.161
C4orf50	0.0
C4orf51	0.0
C4orf52	8.948
C3orf30	0.0
ARHGDIB	9.3371
C3orf36	1.9038
C3orf35	1.9038
C3orf34	4.2345
NANP	7.1931
C3orf39	8.042
C3orf38	8.0116
USH1G	0.0
IL17REL	0.0
MATN1	1.3693
MATN3	4.1254
MATN2	9.2455
MATN4	0.0
PCGEM1	0.0
WNT9A	0.0
ENDOG	8.8943
STIL	4.9297
C12orf12	0.0
PDSS2	9.8416
C15orf62	5.8724
C15orf63	10.665
CES3	11.0082
CES2	14.3616
EBF3	4.1254
EBF2	2.3542
EBF1	4.9931
KBTBD10	2.7799
FFAR2	2.8419
CES8	8.3332
LMNA	12.6851
FFAR1	0.0
BDH2	9.8997
ENDOU	1.2455
BDH1	12.6564
DDX23	10.8004
DDX21	10.3214
DDX20	7.8453
DDX27	9.6157
ZNF157	0.0
DDX25	2.1465
DDX24	11.8706
ERBB2	10.0122
HLA-DMB	8.5492
DDX28	9.0448
UNC13D	6.1482
TSNAX	10.2501
OTC	12.4539
ZNF90	6.6789
RPL32P3	6.6078
ZNF92	6.6097
ZNF578	1.2455
UNC13B	11.3119
ZNF98	0.0
ZNF99	0.0
PI4KAP1	6.9347
UNC13C	0.0
FLVCR2	10.169
FBXO18	9.9049
DCTD	10.3663
RAET1E	1.2455
UBE2J1	9.9385
FKBP10	6.7992
FKBP11	9.2209
TBX21	3.8099
FAM3A	11.5114
C12orf10	9.5179
FAM3C	9.908
FAM3D	0.7532
C20orf12	4.1254
C20orf11	10.5115
FBXO15	2.6969
SNORD94	0.0
PCK1	14.7582
VPS16	9.9395
PDPN	1.9038
GGPS1	9.6894
SFTA3	0.0
SFTA2	0.0
HBII-52-46	0.0
HBII-52-45	0.0
WSCD2	0.7532
NACA2	6.6198
C9orf169	4.6431
PROX1	10.5257
CNGB1	0.0
C9orf163	3.3091
CNGB3	0.0
FAM153C	0.0
SNORD47	0.0
C9orf167	5.5524
PARD6A	4.8633
CLK2P	3.9445
PLA2G6	8.9914
PLA2G7	6.3796
MARCKS	8.5386
PLA2G3	1.6119
CCDC76	7.442
CCDC77	6.4604
CCDC75	4.7205
CCDC72	10.6898
CCDC73	4.9028
CCDC70	1.996
CCDC71	8.8867
OR2G3	0.0
FPR1	5.3491
FPR2	1.9038
FPR3	6.5476
OR2G6	0.0
CCDC78	2.5357
CGRRF1	7.2784
TMEM109	11.5776
TMEM108	1.9038
HIST3H2BB	0.0
PRAC	0.0
HOPX	4.0073
SPARCL1	14.8342
SNORD4B	0.0
SNORD4A	0.0
FOXH1	1.494
TMEM107	6.6298
LOC285780	1.2455
TMEM105	5.9222
PRG3	0.0
SMPDL3B	2.6969
VSTM1	0.0
GHITM	13.3457
LOC100127888	0.0
TRANK1	8.6288
LOC650293	0.0
CSHL1	0.0
NPPC	0.0
SPEN	10.4322
OSGIN2	8.3844
SYT3	0.0
FKBP1B	4.2345
FKBP1A	11.245
SLAIN2	9.7249
MANEAL	9.1874
SARS	11.194
STAT6	12.112
ZFYVE26	8.7208
STOML2	11.083
STOML1	8.938
PIP5K1P1	1.6119
FBLIM1	7.272
RPN1	13.1496
FAM10A4	9.5433
TRPT1	8.4339
DAXX	10.0722
CDC16	9.7923
KIAA1486	1.2455
AHNAK	13.32
NT5E	9.8438
TMEM40	0.0
LOC340017	0.0
ZNF431	2.3542
LGALS9C	2.6969
LGALS9B	0.0
UNC50	9.0927
NKAIN4	1.6119
NKAIN3	0.0
NKAIN2	1.2455
LOC284788	1.9038
MAP1A	4.6825
MAP1B	7.8453
TMEM200C	0.7532
IGSF9B	1.2455
PDCL3	7.9767
LBX2	8.2991
UNC5C	1.6119
VGF	1.2455
LBX1	0.7532
UNC5D	1.2455
CCM2	10.5068
TBC1D4	9.6543
MAP1S	9.0727
FRMD8	9.7331
ZNF430	2.6969
ZSCAN5A	5.443
IMMP1L	6.2291
FRMD5	0.0
FRMD6	7.6124
FRMD7	1.2455
PLCD4	5.0239
FRMD1	0.0
PKNOX2	2.3542
FRMD3	8.1608
SNRPF	8.9177
TMEM200B	8.644
DSCR9	2.1465
CYorf15B	7.2527
CYorf15A	8.528
GNAS	13.7227
MED13L	9.3896
DSCR4	0.0
DSCR6	0.7532
PTCD2	7.8751
PTCD3	10.319
DSCR3	9.9131
PTCD1	9.0217
PDE7A	7.1096
ZNF433	5.7119
SIX5	9.7945
GNAL	6.3796
HLTF	9.3926
AGFG2	11.7637
AGFG1	10.0045
DPF2	9.542
DPF3	4.5196
DPF1	0.0
ASNA1	10.6255
RPS12	14.0524
SAGE1	0.0
WNT16	1.2455
CRYGS	3.4056
RPL18A	11.212
SIX1	3.3091
KRT3	0.0
KRT2	0.0
KRT1	2.5357
OR2F1	0.0
FST	11.1693
SIX2	1.2455
CRYGN	0.0
KRT4	0.0
CLEC18A	1.6119
CRYGA	0.0
CEND1	0.0
CRYGC	0.0
DACT1	3.7376
DACT3	3.3091
DACT2	8.4137
VPS45	9.5877
SPRR2F	0.0
VPS41	10.5331
BCAP29	9.632
SLC15A4	8.1151
TMCC1	10.8922
TMCC2	3.4056
ECT2L	2.8419
MGC23284	6.7075
SDR42E1	6.3189
PP14571	1.2455
TAS2R30	0.0
TAS2R31	0.0
NMNAT2	4.1254
LOC147804	6.6496
NMNAT1	8.6536
ALOX12B	0.7532
FOXG1	0.0
TAS2R38	0.0
TAS2R39	0.0
EPB41L1	8.0606
NAA16	6.8601
EPB41L3	5.5097
EPB41L2	8.5545
EPB41L5	9.4713
ACSS3	12.6827
ACSS2	11.4547
ACSS1	7.1239
KIDINS220	9.8034
TMEM156	2.6969
PLEKHM1	8.8929
PLEKHM2	10.15
FLJ43860	0.0
RHOXF1	2.8419
VPS4B	8.816
ZNF727	0.0
GMEB2	9.1443
FAM72D	3.4961
SLC43A3	9.4332
FAM72B	3.8099
FAM72A	1.2455
OR5C1	0.0
DCAF13	10.4269
DFNA5	6.9347
MAGEH1	9.4403
VHL	8.5624
WNT3	6.1057
WNT2	1.6119
FIZ1	7.9728
LRRN4	7.0286
AGXT	14.1371
CNTNAP3	7.4237
LRRN1	0.0
PMS2L11	3.4961
PPP1R15A	10.3221
TREML3	0.0
CNTNAP2	9.2109
BLMH	9.6308
TREML4	0.0
ST8SIA6	0.7532
CNTNAP5	0.0
MOGS	10.6735
CNTNAP4	0.0
SNORA46	0.0
RECK	6.9588
SNORA44	0.0
DHDPSL	10.8945
SNORA42	0.0
SNORA40	0.0
MRPL37	12.0413
GPRIN2	1.6119
GPRIN3	3.7376
GPRIN1	6.1057
ROGDI	9.314
MRPL34	10.8969
NCRNA00235	1.9038
SNORA49	0.0
SNORD116-24	0.0
SNORD116-25	0.0
HIST2H2BA	2.6969
MRPL35	9.6119
RUNX1T1	1.2455
HIST2H2BF	4.8289
FLJ46321	0.0
SNORD116-23	0.0
ZNF813	2.3542
SPTBN5	2.8419
SPTBN4	3.9445
SNORD116-28	1.4799
SNORD116-29	0.0
SPTBN1	14.1052
ZNF814	7.3146
KLF13	11.3972
KLF12	10.0805
KLF11	10.4336
EBAG9	10.8425
KLF17	0.0
KLF16	8.8006
KLF15	12.4729
KLF14	0.0
TFAP2A	1.2455
RBMY1B	0.0
TFAP2C	0.7532
TFAP2B	0.0
TFAP2E	2.3542
RBMY1F	0.0
KRTDAP	0.0
MCCD1	0.0
C4orf14	9.0411
GBE1	11.1723
TYRP1	0.0
OR51T1	0.0
PCNA	10.2089
SLC44A1	9.6432
SLC44A2	9.2778
C4orf17	1.6119
EIF3E	13.7403
SLC44A5	2.5357
ZBTB7C	5.9222
ZBTB7B	11.2958
LOC144776	0.0
MSI1	1.6119
C4orf11	0.0
MCCC2	12.1822
C4orf12	3.4056
PCNX	9.9305
MRPL39	9.2109
LOC92659	5.6541
HDAC1	10.4814
ENGASE	9.546
ZMYND8	9.3955
THBS1	10.7235
OR2L13	0.0
FAM149A	9.0411
FAM69B	8.1605
RPA4	1.6119
RPA1	9.9456
KLK2	3.2057
RPA3	9.0146
ANKFN1	10.1422
TENC1	11.7617
CXorf40A	9.5761
CXorf40B	9.4101
KLK3	1.9038
COQ9	10.7741
NDUFS5	11.2066
NDUFS6	10.5926
NDUFS7	11.5115
C1S	15.5258
C1R	14.4658
COQ7	8.4195
COQ6	9.547
SLC9A3R1	12.4285
COQ3	7.1519
COQ2	6.8256
FAM198A	4.5196
NEK7	10.5277
FAM198B	9.5407
ZRANB1	10.3752
KLK6	0.0
ZRANB3	6.294
ZRANB2	9.6115
TTC7B	9.8545
HBD	1.9038
LOC100271722	5.1684
FAM132A	1.9038
ZFAND2A	9.9466
HBB	9.2472
CHMP2B	9.3417
PCDHGB2	8.0746
MUC20	6.12
BOK	13.0709
PCDHGB7	3.8099
ATP9B	7.6911
ATP9A	9.9141
HBZ	0.0
LIPT2	5.4138
ZNF828	8.3178
BOC	5.8892
SLC22A3	14.3647
RREB1	10.4738
DENND2C	4.6102
TPX2	5.9384
DENND2A	5.1956
LOC100133920	1.6119
DENND2D	5.9058
GAGE1	0.0
OR52J3	0.0
PPT2	8.708
GAGE4	0.0
INPP4A	7.0952
GPR101	0.0
LOC145474	0.0
MICAL3	10.3175
PHC1	7.4979
PHC3	9.1634
GPR107	10.6186
GPR108	10.9653
MFAP3L	9.9665
THOC4	8.7624
UBE2G2	10.4436
SYPL1	11.2434
STAT3	12.5116
UBE2G1	9.7493
SCNN1G	0.0
SAFB	10.7176
GRXCR1	0.0
GRXCR2	0.0
ZNF366	3.9445
RAX2	0.0
PRF1	7.1024
MGMT	10.797
SLC35E2	3.9502
WSB2	10.4235
TRNP1	5.1406
H2AFV	11.2315
LOC400804	1.9038
OR2A25	0.0
ZNF335	8.578
H2AFX	8.6288
H2AFY	10.6038
H2AFZ	10.3856
TMCO2	0.7532
TMEM189-UBE2V1	0.0
RNF8	7.9125
RFX5	9.0392
RNF6	9.043
RNF7	10.0113
RNF4	10.4018
RNF5	10.8691
RNF2	7.9649
APP	12.3905
H2AFJ	11.8722
RYBP	9.6978
PRSS1	0.0
NCAPG2	6.5581
SNORA71D	0.0
PSMA4	10.8964
NRXN2	9.3688
CSN1S2A	0.0
SRGN	10.3074
LRRC69	2.3542
KC6	0.0
CLTA	11.1936
BPY2	0.0
CLTC	12.6318
CLTB	10.305
TMEM159	4.7936
RRAGA	11.381
LRRC61	8.8635
TNS3	12.3585
LRRC67	0.0
ADRBK1	10.2147
ADRBK2	11.8552
DPEP3	0.7532
STAMBPL1	7.3161
C7orf36	6.1482
C7orf34	0.0
C7orf33	0.7532
C7orf31	4.9931
C7orf30	9.184
PAIP2B	8.2577
DEFB121	0.0
TNK1	7.2656
RRAGB	8.5226
LHFP	7.4912
ZNF829	3.2057
USP27X	7.5184
PCOLCE	6.5579
TFAP2D	0.0
GPR50	0.0
PRSS3	0.0
EPM2A	7.3589
ISCA1	10.1526
RNF103	11.4301
ISCA2	8.4982
FAM118A	7.0734
UBE2NL	1.2455
FAM118B	7.4179
LMX1A	0.7532
ZCCHC24	10.3329
LMX1B	0.0
TMEM178	6.12
OR6V1	0.0
PPIG	9.7833
RECQL	9.0498
CD300C	2.9736
SRPRB	11.0762
SHC2	11.7289
MAP7D3	6.7813
ETV3L	0.7532
H3F3A	12.6081
SIK3	9.5592
IL23R	2.1465
MAP7D1	9.4797
INTS4L1	2.6969
POU4F3	1.2455
KCP	2.8488
PRKRIR	8.8443
ACTR8	8.4537
BAIAP3	8.7424
ACTR6	8.4166
ACTR5	8.1293
UQCRC1	13.6218
ACTR3	10.7484
ACTR2	11.5462
PAQR9	8.0001
FOXP2	4.4758
WBSCR26	1.6119
EOMES	2.6969
YY1	10.0132
VAX2	0.7532
PTGFRN	9.3718
RECQL4	7.1863
TUSC5	0.0
KRT84	0.0
GGT5	7.6959
WBSCR28	0.0
GNRHR	1.6119
LYSMD2	8.0827
KIAA0748	2.1465
PDE3B	9.6444
SPINK13	0.0
NDP	0.0
HYDIN	5.7306
CNR1	4.8289
GBX2	0.0
GBX1	0.0
CNR2	0.0
SNORD115-8	0.0
GNL3L	8.1745
POLDIP3	10.5906
POLDIP2	12.7224
ZNF57	5.8554
GP1BA	2.8126
RASA1	8.608
CBARA1	11.7793
TTC39C	9.0504
FNDC1	3.3091
GTDC1	7.2974
TTF1	7.1096
ALDH18A1	10.1254
RASA3	6.3065
TUFT1	8.528
SLC25A10	11.8978
TIAF1	9.6895
ICOS	1.9038
HHEX	10.4918
ACTN2	11.1585
RABEP1	9.6551
PTPRU	9.2569
SAA2	10.3527
H2BFWT	0.0
PTPRT	2.8419
SAA1	11.9192
ZXDB	7.9001
ANKS1B	7.8496
C1orf74	6.4604
C1orf77	10.3428
ANKS1A	9.446
C1orf70	1.2455
OR5V1	0.0
PTPRR	1.2455
TSTA3	11.6282
SLAIN1	2.5357
SPERT	0.0
LOC285359	5.594
ACTRT1	0.0
ACTRT2	0.0
TINF2	9.8831
GNRH2	0.0
NKX3-2	2.3542
NKX3-1	5.8209
GNRH1	1.6119
NAP1L5	6.6397
ZIM3	0.0
RPL12	13.7153
VHLL	0.0
ZNF597	4.384
ZNF816A	2.3542
MDGA2	1.2455
SPRR1B	0.0
NDUFA7	10.2304
ADAM10	9.3279
ADAM11	2.6969
ADAM12	1.2455
ADAM15	10.8421
ADAM17	7.2462
ADAM18	0.0
ADAM19	7.4802
PPP1R2P1	1.9038
WDSUB1	6.7449
CPNE9	0.7532
CPNE8	8.2864
TYW1	8.6313
PTPRF	13.0233
CPNE3	12.3811
CPNE2	8.3116
CPNE1	10.6748
MIF4GD	8.7621
CPNE7	6.6496
CPNE6	1.9038
CPNE5	4.6825
CPNE4	0.0
WNT8A	0.0
TNFRSF11B	9.6567
SFRS14	8.9054
SGCZ	0.0
GDEP	0.0
GLYAT	12.9806
TRIT1	8.4761
SFRS12	9.3628
DNMT3B	4.5621
OPALIN	0.0
DNMT3A	8.6313
SFRS11	10.237
FLJ45445	5.7854
ZNF121	5.6344
RBM10	10.0547
XRN2	11.1172
DNMT3L	3.8788
RABEPK	11.1141
UPK3BL	4.535
LOC729609	0.0
AAK1	9.2226
SNRPN	10.7304
GDE1	10.2638
SNRPB	11.0091
SNRPC	10.2814
SNRPA	10.0759
SHANK3	10.3602
OR2B2	0.0
SHANK1	1.6119
SNRPE	9.8588
PBX4	1.2455
KLC4	11.3037
OR2B3	0.0
ZNF554	6.7992
TNNI3K	1.6814
SALL4	2.9736
PTPRK	10.6534
HUS1	8.1222
RGS9BP	2.1465
PLAC8L1	1.6119
PTPRJ	10.7217
UCP2	8.2016
ZFR2	0.0
PLCB1	5.8554
GPR62	4.9618
PTPRH	9.0963
ZDHHC15	1.2455
ZDHHC14	7.6023
TMEM167B	10.1622
PCSK9	7.7242
ZDHHC11	4.1254
PRCC	10.568
ZDHHC13	3.7376
ZDHHC12	9.8945
PCSK2	0.0
PRKAG3	0.0
PCSK1	1.2455
PCSK6	12.8302
PCSK7	9.4213
PCSK4	7.9125
PCSK5	5.443
DUSP28	6.1482
HIPK2	11.2644
HIPK1	10.1076
LASS3	1.2455
HIPK4	2.8419
RPS3	13.9188
DUSP21	0.0
DUSP22	9.1891
DUSP23	11.7087
LEMD3	8.5598
LEMD2	9.6798
DUSP26	0.0
DUSP27	0.0
QARS	11.8973
NCAN	3.4056
SPDYE1	1.9038
SLC16A6	4.7205
YBX2	7.0437
SCRG1	0.0
GPATCH2	7.5399
C3orf19	8.95
C3orf18	8.0307
NAPA	12.3365
OR6Q1	0.0
C3orf15	6.9508
C3orf14	3.8099
C3orf17	9.056
C3orf16	0.7532
C3orf10	11.2409
OSR2	3.4056
LARP1	11.6803
LARP4	11.9597
LARP6	8.0269
LARP7	9.2936
MGC26647	0.0
ISM2	0.0
ISM1	7.752
TNFSF15	0.0
GPATCH3	8.8313
HSD17B7P2	6.8429
TRYX3	0.0
TTLL3	7.1272
TPTE	2.5357
ZNF552	6.6097
RPSAP9	4.1254
UBE2Q1	11.3076
DDX49	9.9325
COL15A1	8.6313
LOC153328	3.7376
ODAM	12.3842
DDX41	10.5344
TMEM45A	4.4758
DDX43	0.0
DDX42	10.9287
PTER	8.327
DDX47	9.5354
DDX46	9.658
PTEN	10.8408
SLC20A1	9.4346
PLTP	8.0863
ATMIN	9.6942
EIF5A2	8.3424
TMEM45B	5.7119
LOC728743	9.1582
ELAVL4	0.7532
LGR4	9.2889
LGR6	2.5357
C20orf30	12.0936
ELAVL2	1.2455
ELAVL3	0.7532
CDKN1C	5.6541
CDKN1B	10.294
CDKN1A	12.0064
UBE2D2	10.1457
DPYSL4	1.2455
MAEL	0.7532
MLL3	9.4879
GUF1	8.4509
SNORD67	0.0
SNORD66	0.0
LOC285419	0.0
HBII-52-28	0.0
MFNG	6.7632
MLL4	9.8778
EDNRA	4.1809
EDNRB	10.2197
SNORD69	0.0
SNORD68	0.0
MYADML2	0.0
FLJ36031	9.4232
DNAI1	0.0
APOD	6.8515
DNAI2	0.0
APOB	17.0334
STX10	8.5386
APOO	7.6911
APOM	11.5495
NDUFV2	11.322
APOH	16.9853
FAM151B	3.9445
UTP11L	8.895
FAM151A	9.7415
FAM104A	8.8379
FAM104B	7.7927
NFIL3	11.2899
EN1	0.7532
REG3G	0.0
UQCRH	11.183
VEGFB	6.5476
REG3A	1.2455
CCDC50	11.0456
CCDC51	8.9012
CCDC52	6.8168
CCDC53	10.3252
CCDC54	0.7532
CCDC55	9.2666
CCDC56	10.8114
CCDC57	8.6731
CCDC58	7.8666
CCDC59	8.6707
UGT3A2	4.9618
SNORD38B	0.0
TAS2R60	0.0
TMEM128	8.324
GPHN	10.6038
PAXIP1	7.8483
WFDC6	0.0
ZMIZ2	10.1422
NUFIP2	10.6874
RAD18	6.8168
NUFIP1	7.5292
RPL13AP6	4.3359
PREPL	9.748
RPL13AP3	3.8099
SULT4A1	9.2537
CABP7	2.6314
CABP5	0.0
CABP4	2.1465
CABP2	0.0
CABP1	6.2556
FBXO34	7.8793
FBXO36	5.6541
SLC35B2	10.3097
FBXO30	7.2199
FBXO31	12.5869
FBXO32	9.1161
FBXO33	8.1222
HBE1	0.0
ZC3H7B	11.728
CNRIP1	5.5524
FBXO38	9.2059
FBXO39	1.6119
MPG	9.7743
SPAG17	0.0
SAT1	13.4273
TK1	8.7624
SAT2	11.3832
LOC282997	5.1406
PELP1	9.9274
LOC415056	0.0
MBOAT2	2.6969
MBOAT1	5.6929
MBOAT7	10.527
MBOAT4	0.7532
SPSB3	10.3849
SPSB2	7.2911
SPSB1	11.8874
HINT1	13.188
HINT2	11.2728
HINT3	10.0704
LOC642929	0.0
SDPR	11.692
IL23A	3.0944
N6AMT1	7.3769
BIRC8	0.0
CDC34	10.9618
LOC284233	0.0
CDC37	11.9955
OR2A1	0.0
ALAS1	14.5378
ALAS2	1.9038
OR2A2	0.0
OR2A5	0.0
OR2A4	1.6119
FICD	7.0286
EIF1	13.732
S100A5	0.0
BRWD3	7.7289
OR2T34	0.0
BRWD1	9.9223
S100A1	7.7289
OR2T33	0.0
S100A3	0.7532
KIAA0513	6.9508
LONRF3	9.0504
LONRF2	5.2224
LONRF1	8.215
GJA1	8.944
JARID2	7.9609
STAG3L4	6.0321
BIRC2	9.9595
KIAA1609	5.6344
OR7D2	0.7532
GJA4	8.1115
CDCA7L	4.5075
GJA5	6.579
ZNF365	0.0
LOC100134868	2.6969
LOC146481	0.0
C20orf203	0.0
C20orf202	2.1465
APBA3	9.1143
C20orf200	0.7532
SLCO1B3	13.197
SPIN2A	0.0
SPIN2B	5.7685
PGLS	10.364
TUB	7.5662
SLC6A5	0.0
ZNHIT1	12.1608
GJA9	2.3542
SYNJ2BP	10.1904
EFHB	1.9038
COL10A1	1.2455
MORC3	9.2126
MORC1	0.0
MORC4	10.0093
FTSJD2	9.9968
CHKB-CPT1B	7.5494
GNE	11.6474
PTPRZ1	0.0
TOMM20L	1.2455
UPK3A	0.0
TXNL4A	9.1373
WRB	9.2537
ZNF367	7.5452
IGDCC4	1.2455
PWRN1	0.0
MEF2C	7.5399
MRPL42P5	3.7633
CCDC42B	1.5825
DIAPH2	8.7647
VPS24	9.5954
CCNA1	0.0
DYNC1I1	10.4612
FBLL1	5.5734
ATP13A3	11.703
DYNC1I2	9.5486
ATP13A5	0.0
ATP13A4	0.0
RNF5P1	8.9875
RAI1	8.2316
RAI2	5.5312
SKA2	9.2009
COL28A1	0.0
VCAM1	7.1309
TMEM125	2.1465
LRRIQ1	0.0
GRID2IP	0.7532
FLJ26850	0.7532
LRRIQ4	0.0
RPS2P32	0.0
C1orf113	3.8544
CBWD6	7.752
CBWD5	0.0
C1orf110	0.0
CBWD3	9.4101
CBWD2	8.9699
CBWD1	9.3628
C1orf114	1.6119
TNRC6A	10.1921
ZNHIT6	7.9125
MEF2D	10.5047
ADAT1	6.8256
ADAT3	6.1621
ADAT2	5.9058
LGALS3BP	10.1878
SNORD113-4	0.0
HYMAI	0.0
ZNF117	7.6669
PLEKHO2	8.4594
PLEKHO1	7.5557
ZNF114	0.0
E2F7	3.8099
E2F6	7.1096
E2F5	6.9058
E2F4	9.3852
E2F3	7.3649
E2F2	4.0675
E2F1	6.7357
SPDYE2	0.0
SNORD116-26	0.0
SCAF1	10.8398
C6orf89	11.332
CFLP1	1.9038
E2F8	2.8419
ACBD3	10.6705
PPP4C	10.7842
ACBD7	2.6969
ACBD6	8.6804
ACBD5	11.023
ACBD4	10.4542
MON2	9.3613
PPP1R13L	9.0616
EEF2	15.8099
SNORA20	0.0
SKA3	3.3091
SNORA22	0.0
SNORA23	0.0
BRI3BP	6.3556
SNORA25	0.0
C2orf29	9.2889
C2orf28	11.0024
RLBP1	0.0
RPGR	6.7075
OLFM1	3.9445
C2orf24	10.8633
ZNF334	5.5312
HYLS1	6.537
TMEM31	0.7532
LOC100128239	0.7532
IZUMO1	1.2455
TIGIT	3.3091
EPHX3	0.7532
OSTF1	9.4058
TYR	0.0
FAM168B	11.2327
PYCR1	3.3091
SNHG11	8.0343
ST8SIA3	7.1519
OR5H15	0.0
TMC2	0.0
OR5H14	0.0
CTBS	10.1673
GATA2	6.3189
WNT10B	1.2455
ZNF331	5.8892
GNG10	9.1285
GNG11	9.0392
GNG12	10.7467
GNG13	0.0
SYTL4	11.4462
LOC121952	1.2455
TEX14	2.6969
HSP90B3P	2.5357
URB1	9.8136
GATA1	1.6119
RPLP1	14.8348
NT5C1B	1.9038
IFITM3	14.647
IFITM2	12.6724
IFITM1	9.6119
HPCAL1	9.9244
LIPE	7.4909
HPCAL4	0.0
LIPF	0.0
GAGE2D	0.0
GAGE2E	0.0
LIPK	0.0
LIPJ	0.7532
LIPM	0.0
DFFA	8.5036
DFFB	5.6344
GAGE2C	0.0
SEC24D	10.1022
RCN2	9.153
REV3L	9.3077
SEC24A	10.4307
TMEM229A	0.0
SEC24C	11.4681
PPIA	12.1096
TEX12	1.2455
RNF19B	8.6011
LMTK2	7.3946
CSMD2	2.1465
ACCN2	8.324
ACCN3	5.054
ACCN4	1.2455
ACCN5	0.0
CSMD3	0.0
PI16	0.0
POU2AF1	2.9736
MRPL43	10.7523
KAL1	5.0834
IPP	7.513
CSMD1	0.0
C16orf92	0.0
C16orf93	4.1254
C16orf90	0.0
C16orf91	7.8835
TM4SF18	6.7449
TM4SF19	3.3773
MRPL49	10.9524
LOC100130581	6.9508
MAGT1	12.5491
ZNF699	3.5811
OTOP1	0.0
NGF	2.9736
NGB	0.0
NEUROG1	0.0
SMC5	8.4706
SFRS2	11.1221
ZNF692	8.6828
ZNF695	0.0
POU3F1	4.3359
ZNF697	8.0936
FHAD1	3.3309
C16orf5	10.7153
TGM2	12.9661
C16orf7	8.5004
ARFGAP2	11.2087
ARFGAP3	10.4047
C16orf3	2.1465
LAMB1	9.9395
LAMB3	9.4741
LAMB2	12.8783
CYSLTR2	3.2057
LAMB4	1.6119
CYSLTR1	2.3542
COPZ1	11.5185
C21orf7	7.9409
NEK4	8.5519
COPZ2	9.0927
C21orf2	9.3371
NEK3	9.2357
NEK1	7.6225
U2AF1	10.0444
SNORD115-1	0.0
SRXN1	10.2172
NEK8	5.7119
MPHOSPH6	7.2396
LOC389634	1.6119
TPPP2	4.4758
GPR162	3.8788
BMX	2.6969
GPR161	3.0944
SNORD58A	0.0
SNORD58C	0.0
TGFB1	9.1703
G0S2	9.9734
DHPS	10.1111
ZZZ3	9.2841
OR5B17	0.0
TMEM14E	0.0
SGIP1	0.7532
CCDC3	8.9953
ASTN1	2.3542
RSPH9	2.1465
CCDC6	9.3598
CCDC7	5.4201
SHF	8.94
SHH	7.7793
COX7A1	5.8892
COX7A2	11.5886
CCDC9	9.3911
DYNC2H1	3.8099
WNT1	0.0
TMEM14B	10.1836
TMEM8A	10.9598
MGA	8.5492
MTHFD2	6.9266
MTHFD1	14.4033
LOC729156	0.0
RHOQ	8.6197
PRR20A	0.0
GSS	11.1568
PRR20C	0.0
PRR20D	0.0
MGP	8.4761
RSPH3	6.0471
NSD1	9.5057
TGFB3	8.1469
TMEM189	9.2778
RHD	3.2132
NUDCD2	9.2109
NUDCD3	10.9697
NUDCD1	9.0653
ADSS	9.6444
R3HCC1	8.7805
LOC168474	0.7532
OR1D4	0.0
IFI27L1	7.9247
IFI27L2	4.6825
EID2B	4.4307
GMNN	10.1836
ADSL	9.81
SAMD4B	10.267
PLA2G15	9.0011
AS3MT	9.5735
PRSS12	0.0
C7orf11	9.7573
C7orf10	8.9299
C7orf13	7.3407
OR7E24	0.0
GAS2L1	9.1
RPS27L	11.1516
GAS2L3	2.6969
C7orf16	0.0
TGM7	0.0
ZNF575	5.1956
TMEM63B	10.7502
NDFIP1	11.9377
HPGDS	2.8419
AZI2	9.6677
SYTL5	6.0169
ZNF341	6.6692
AZI1	7.3649
LOC646498	0.0
TARS	10.2582
ZNF345	5.1684
WNT6	5.3491
TNFSF14	4.6825
TMEM8B	8.1983
WFDC8	0.0
ZNF438	6.5155
UOX	0.7532
KCNC2	0.0
POGK	9.5839
TRIML1	0.0
EPYC	0.0
VIPR1	6.6496
NUDT12	8.0457
DLL1	7.5022
NUDT10	1.2455
DLL3	0.0
DLL4	8.9738
NUDT17	4.4307
NUDT14	8.3903
NUDT15	7.8547
NUDT18	5.9222
NUDT19	8.8464
TSPAN9	11.3013
OR6X1	0.0
STX8	8.3962
MXD1	7.7474
KEL	2.1465
IFI6	10.0869
PHKG1	1.6119
RSRC2	10.3144
ACTL9	0.0
ACTL8	0.0
STX7	8.7737
C9orf123	9.8111
LOC285627	0.0
RC3H2	7.7927
NCRNA00164	0.0
UBE2Q2P1	2.6969
CPN2	12.6135
CPN1	10.0256
SOS2	9.3882
LOC285629	1.6119
SLC4A11	1.2455
CLIC6	2.1465
PCP4	3.4961
STAB1	9.1808
PHACTR4	9.6518
RNF125	8.7624
KIAA0232	10.2492
MTMR15	9.2447
RNFT2	2.5357
LGI4	5.2744
CFHR1	14.5909
CDADC1	8.7939
ECE2	8.1044
ECE1	10.8765
LGI3	4.384
SOST	0.0
L3MBTL	4.6435
HBP1	11.3433
LOC388242	3.9445
LOC90246	2.9736
IMPACT	8.827
DRG2	10.0074
DRG1	10.275
CASQ1	2.1465
LRSAM1	10.3275
ZNF205	8.3627
ARHGAP42	7.6023
TMPRSS11A	0.0
CLIC1	11.2927
NOP56	10.2047
EVC2	3.8099
IFIT2	9.0891
NCRNA00162	1.2455
?|645851	1.6119
LOC348926	6.5995
AURKA	6.5155
AURKB	3.9445
AURKC	3.0944
AP1B1	11.3453
SERPINE3	0.0
SNAPC3	8.4537
TNNT1	1.2455
OR5H6	0.0
OR5H1	0.0
RNF123	10.4443
GNPTG	11.8724
CDC42EP3	8.7348
CDC42EP2	7.1096
CDC42EP1	10.4329
DRGX	0.0
TXLNB	3.8099
CDC42EP5	5.9058
CDC42EP4	11.8038
HRASLS5	0.0
BMF	7.3769
HRASLS2	7.2784
TCP10	0.0
GPRC6A	0.0
ZNF354C	3.8099
TBKBP1	7.1239
RAB36	2.1465
AHCY	12.7681
FAM170B	0.7532
FAM170A	2.1465
TMEM146	0.0
ABI2	7.9767
ABI3	6.8343
ABI1	9.6957
TRAP1	12.3993
SLC22A4	9.3774
TESC	7.1168
MUC7	0.0
LOC284578	0.7532
NKTR	8.9953
RHOH	4.0675
OTP	0.0
PTCHD3	0.7532
NTF3	2.3542
SP100	10.5674
ELP2P	3.2057
KRT39	1.2455
KRT38	0.0
ACADVL	14.4682
RAB4B	8.4706
OR6C70	0.0
ZBED5	8.0193
RAB4A	11.8449
KRT31	0.7532
SOX14	0.0
KRT32	0.0
KRT35	0.0
DHDDS	9.4418
KRT37	0.0
KRT36	0.0
IL21	0.0
CHN2	11.3518
CHN1	5.2486
IL22	0.0
IL25	0.0
IL24	2.3288
IL27	7.9288
IL26	0.7532
IL29	0.0
RAP2A	9.1107
PPP4R1L	4.7575
CAV2	8.9258
CAV3	0.0
AXL	6.9824
CAV1	9.9724
ZNF548	7.138
SNORD96B	0.0
TIMP1	9.9645
IL12RB1	3.9445
LDHA	13.5138
IL12RB2	8.1044
ATP6AP1	12.0396
ATP6AP2	11.7431
ELOF1	9.7504
ENSA	12.2209
CLINT1	10.6552
PDCL	7.6621
SNORD63	0.0
FLJ35390	3.9445
WLS	10.0832
BRCA1	6.4937
SNORD116-22	0.0
BRCA2	4.3359
LRRC39	3.9316
OR4N2	0.0
ZNF439	3.2057
PRY2	0.0
OR4N4	0.0
AHRR	4.3359
CYP24A1	0.0
ACOT8	9.1544
ACOT9	8.4844
ACOT6	4.7936
ACOT7	8.5832
ACOT4	8.2117
ACOT2	11.2696
H2BFM	0.0
ACOT1	11.856
ADCY4	6.8081
ADCY5	3.4056
ADCY6	9.7424
ADCY7	7.7195
ADCY1	4.4307
ADCY2	0.0
ADCY3	6.4191
KIF25	4.6825
KIF24	5.3491
KIF27	3.9445
ADCY8	9.9939
ADCY9	9.546
KIF23	2.8419
KIF22	10.9041
JKAMP	9.4318
RAB42	2.8419
RAB43	10.0679
NUCKS1	13.0229
INTS4L2	3.6615
NR3C1	10.6047
PDLIM4	5.0239
SLC22A1	10.2205
DDI2	7.3699
DDI1	0.0
PDLIM5	11.716
PTPLAD2	4.1809
RNASEH2C	9.5688
COL4A6	6.2295
PTPLAD1	12.2723
C12orf4	7.0437
C12orf5	7.5399
PROL1	3.4961
ZFP28	3.5811
LY6G5C	2.3542
XRCC1	9.1958
XRCC3	6.7263
XRCC2	1.6119
PITPNA	10.0722
XRCC4	6.3189
PDLIM1	12.8166
SMURF1	9.5899
DCAF12L2	0.0
DCAF12L1	0.0
SMURF2	7.8835
CLEC7A	5.6344
GGT3P	6.4263
MEIS3	2.9736
MEIS2	8.1642
MEIS1	7.5399
PCDHAC2	0.0
HNRNPCL1	0.0
PCDHAC1	0.0
ZNF669	4.0675
NARF	9.3941
PRB3	0.0
CTLA4	2.6969
GSPT1	11.1177
DNAJC25-GNG10	0.0
LOC389493	0.0
RALGPS2	10.7276
MIER1	9.4203
MIER2	8.2083
MIER3	8.5909
ESPNL	0.7532
LOC100287718	0.0
OR5AN1	0.0
ESPNP	2.1465
RBP2	0.0
PAPD7	9.1772
PAPD4	9.4346
DDX60	9.0504
NCRNA00112	0.0
AMN1	6.8854
KIR3DL2	1.2455
KIR3DL3	0.0
NCRNA00116	9.0727
NCRNA00114	0.0
NCRNA00115	4.8968
LMNB2	8.5702
IL13RA2	2.8419
IL13RA1	13.4245
LMNB1	6.4378
LRBA	9.6233
MRPS28	10.853
MRPS26	10.6305
CD274	3.8788
MRPS24	10.9913
CD276	10.4986
MRPS22	9.9008
MRPS23	9.8651
MRPS21	11.2796
LOC100144604	1.9038
CTSL1	11.8165
LOC100144603	4.4758
CTSL3	0.0
CTSL2	3.0944
NHEDC2	9.4615
INSIG2	11.3297
IL13	0.0
SMN1	1.5321
PPP2R5A	11.2241
PPP2R5B	8.5728
NXPH4	3.3091
LCMT1	7.9288
DGCR2	11.354
FRMPD2L1	0.0
YY2	4.1265
PPCS	10.312
H2AFY2	7.8016
NAMPT	11.3559
RXFP4	0.0
MAD2L1	5.2486
NDUFB11	11.2478
ADCY10	8.4817
KCNA6	1.2455
KCNA7	0.0
KCNA4	0.0
KCNA5	1.9038
KCNA2	0.7532
KCNA3	2.3542
SNORD81	0.0
KCNA1	0.7532
UTP6	8.954
RHOF	4.5014
OPTN	11.0642
JMJD6	8.9279
BHMT	13.6696
C10orf95	2.4074
JMJD5	8.4481
ZHX2	11.3754
ZHX3	10.4178
JMJD8	11.0332
ZHX1	11.0988
LOC26102	0.0
OPTC	0.0
IRGM	0.0
SYCE2	2.6969
LOC348840	0.0
IL15	3.0944
OTOR	0.0
FAM106C	0.0
FAM106A	0.7532
CCDC38	0.7532
CCDC39	1.6119
ACACA	9.5644
ACACB	11.0725
SLFN14	0.7532
CCDC33	0.0
CCDC30	4.2861
SIN3B	9.5407
CCDC36	1.2455
CCDC37	0.7532
CCDC34	6.8601
FOXD1	0.0
PLA2G2A	2.3542
APPL1	9.2423
APPL2	9.5644
ZDHHC2	6.4937
PLA2G2E	0.0
PLA2G2D	3.4961
PLA2G2F	0.0
SLC26A10	1.2455
MEMO1	8.5009
PTTG3P	0.0
ZMAT1	8.3084
SLC26A11	8.4339
KRTAP21-2	0.0
KRTAP21-1	0.0
UNC80	1.2455
HBBP1	0.0
MPP4	0.7532
CAPN14	1.9038
CAPN13	0.0
CAPN12	7.4417
CAPN11	2.9736
CAPN10	7.1589
FAM128B	11.34
ZDHHC9	11.7657
FAM128A	9.9436
RACGAP1P	1.2455
DEM1	6.8937
SLC16A8	1.6119
OR8J3	0.0
SLC35D1	11.0957
MLNR	1.6119
COX7B	12.4114
COX7C	12.6368
C20orf196	6.9508
SARS2	8.744
HS3ST6	0.0
HS3ST5	0.0
HS3ST4	0.7532
CYFIP1	10.7409
HS3ST2	6.579
HS3ST1	4.4758
CYFIP2	8.536
HYI	9.9898
DYTN	0.0
LOC151658	0.7532
MPRIP	10.063
SH2D5	1.6119
PARP15	2.3542
GUSBP1	5.5097
GUSBP3	3.8788
KGFLP1	3.4961
TRIM24	9.9446
C11orf95	8.6238
C11orf94	0.0
C11orf93	3.4961
C11orf92	5.7119
C11orf90	0.0
THUMPD1	9.6094
WDR35	8.1949
MED22	8.84
KYNU	6.9508
CHORDC1	9.2439
PXDNL	2.6969
LHPP	10.9368
MLLT6	10.4759
LOC284749	0.0
UVRAG	8.4253
MLLT1	11.0545
MLLT3	4.7936
NUP188	8.8226
PARP12	9.1036
KRT14	0.0
COPG2	7.0362
GLT8D2	4.0073
GLT8D1	11.346
MRPS34	10.4979
OR2T10	0.0
OR2T11	0.0
OR2T12	0.0
LOC100216001	2.8419
MTO1	9.3985
OR2C1	0.0
KERA	0.0
RUNDC2A	4.0073
ZNHIT2	8.6062
RPS15AP10	1.2455
REG1A	3.0944
REG1B	0.0
ZNF284	3.4961
MRGPRD	0.0
MRGPRE	0.0
MRGPRF	4.2345
MRGPRG	0.0
GTPBP5	10.2678
GTPBP4	9.7366
GTPBP1	10.0322
DMXL2	7.7428
GTPBP3	8.6438
GTPBP2	8.8464
GTPBP8	6.7541
PCDHA2	0.0
PCDHA3	1.7299
HES3	0.0
BPNT1	9.1461
PCDHA7	1.7477
MLKL	8.0001
PCDHA5	0.0
EIF4A1	12.7239
PCDHA8	0.0
NPVF	0.0
PARP10	12.662
C1orf141	0.0
GLT25D2	4.1809
MYOZ3	2.3542
BCL9	7.7474
BCL8	0.7532
LOC360030	0.0
BCL6	12.2737
OR7G2	0.0
OR7G3	0.0
BCL3	10.1971
BCL2	6.3065
TMEM89	0.0
MSI2	6.0913
ZNF282	10.5496
BLID	0.0
TMEM88	7.1589
CDX1	2.8419
POR	14.8111
NPEPL1	9.0542
CDX2	0.7532
CLMN	11.5488
CDX4	0.0
SGK196	2.5357
LRFN3	8.7231
LRFN2	0.7532
LRFN1	4.4307
LYRM7	8.528
HNRNPA3P1	6.0471
FAAH2	6.1342
NKX2-2	0.0
KLHL21	11.2011
NKX2-1	0.0
NKX2-6	0.0
ZNF665	1.2455
NKX2-4	0.0
NKX2-5	0.0
TDRD7	8.2183
NBPF9	6.5867
ZP1	0.0
SEMA7A	8.1711
KAT2B	11.3522
KLHL22	9.1565
ZP4	0.0
TRIM21	8.0494
DMXL1	8.7114
OAS1	9.3808
TLE3	7.1024
OAS3	8.6512
OAS2	8.4622
IP6K1	10.1112
NEK9	10.7931
PAG1	9.0486
YAP1	11.1701
STK11IP	6.8081
TSLP	6.12
NBPF4	0.0
FBXL8	7.1349
SPAG11B	0.0
MTM1	9.2857
SNORA2B	0.0
PLEKHB1	1.9038
TRIM22	8.8614
OASL	7.4579
CCIN	0.7532
CSNK1G2	10.0584
CSNK1G3	8.95
CSNK1G1	7.752
SERPINB1	10.2378
ANKK1	3.5811
SERPINB3	0.0
SERPINB2	0.0
SERPINB5	0.0
SERPINB4	0.0
SERPINB7	0.0
SERPINB6	10.5562
OR9Q2	0.0
FAM76B	8.0494
FAM76A	7.4967
OR9Q1	0.0
PCGF5	10.0556
CX3CR1	5.0834
LOC613037	0.0
MAGED1	11.8761
MAGED2	11.5049
C6orf64	8.4872
MAGED4	0.0
C6orf62	11.7146
ATP8B3	4.9931
C18orf10	8.1915
ATP8B1	7.7902
TAF10	10.6509
EXD3	7.8148
EXD2	7.4294
EXD1	0.0
ATP8B4	5.9545
DTHD1	1.2455
STC1	11.5332
STC2	8.8204
ELP4	7.5399
ELP3	9.0855
CCDC81	2.6969
TRIM58	2.6969
ASPHD2	4.2345
C22orf41	3.4056
C22orf46	8.9012
DES	2.3542
FBXL4	8.2283
DPPA2	0.0
DPPA3	0.0
DEK	10.4492
SPRYD4	9.8232
FBXL7	5.5524
DPPA4	1.2455
DPPA5	0.0
KLHDC4	8.5009
C22orf45	9.8126
KLHDC2	11.2495
KLHDC3	11.2413
TLR10	1.6119
KLHDC1	5.6736
LRP5L	7.0952
NIPSNAP3A	10.3406
UBAP1	10.4591
TRIM56	7.9569
DPCR1	0.0
ASXL1	10.157
POLK	8.3755
ASXL3	0.0
ASXL2	8.0899
PAR5	1.6119
HDDC2	8.3484
HDDC3	8.5333
ZBTB39	7.225
ZBTB38	11.066
NIPSNAP3B	4.7594
HTR2A	0.7532
TRIM53	0.0
HTR2C	0.0
HTR2B	10.425
C1orf131	8.3962
C1orf130	6.6097
C1orf133	6.0015
GBA3	11.0993
DDX60L	8.0569
ZBTB34	6.7541
ZBTB37	5.5312
C8orf22	1.2455
KLHL36	7.5184
SPATA12	0.0
DKFZP686I15217	3.8099
KLHL35	0.0
KLHL32	3.7376
KLHL33	0.0
KLHL30	2.5357
KLHL31	5.7412
TMEM92	5.2224
TAB2	11.325
SPATA19	0.0
AGAP11	2.8419
SGTB	6.7258
TMEM97	10.7614
KLHL38	0.0
SGTA	10.9348
KIAA0895	8.6755
EIF1B	10.0284
TRIM48	0.0
KIAA0892	9.3462
MTNR1B	0.0
SS18	9.7607
TRIM44	9.7653
GBAS	8.3454
TRIM42	0.7532
TLR8	2.8419
TRIM40	0.7532
TRIM41	10.1074
IVD	12.4449
TBPL2	0.0
FXC1	9.4948
MRPS36	8.776
PEX5	11.0324
EXOC3L	6.9836
PEX6	10.7987
IVL	0.0
REG4	2.8419
SCN3A	2.3542
TRAF6	7.5504
NRD1	11.5895
SCN3B	1.6119
ESAM	9.7085
PPP2R1A	12.3547
NECAB1	8.4789
REV1	8.6462
TFPT	7.7876
ERMN	1.2455
HIF1AN	9.6567
ACE	7.806
ACD	7.841
ATP5S	7.4409
SEPT7L	0.7532
NEB	7.5504
STIM1	11.3657
ACR	4.7205
ATP5I	11.4247
ATP5H	11.7911
ATP5O	11.6434
ME3	7.3887
DIO3OS	4.4908
ATP5B	14.1865
GNAI2	12.1421
GNAI3	10.6583
ATP5E	12.6342
ATP5D	11.4441
GPR144	0.0
LOC728989	3.7376
GPR146	8.108
LOC154449	0.7532
GPR141	1.2455
GPR142	0.7532
GPR143	4.8968
AURKAIP1	11.4857
PBX2	9.8199
SLC7A9	8.7348
AFMID	11.4909
GPR149	0.7532
NCRNA00204B	3.4056
HLA-C	14.887
PCDHB10	3.9445
LOC90834	2.5357
SLC7A7	6.3914
CITED2	11.2616
CITED1	2.9736
SLC7A4	0.0
CITED4	10.3826
DAGLA	6.8081
ST6GALNAC6	10.9312
DAGLB	8.962
PFDN5	12.2357
PFDN4	7.2265
PFDN6	9.8852
MTHFR	9.3688
HLA-G	5.986
SP7	0.7532
OGT	10.9134
MAGEA11	0.0
SLC7A3	0.0
TMEM35	0.7532
GAGE12J	0.0
DTNB	7.8751
NFKBID	2.3542
LOC339290	9.0203
DTNA	7.4466
ACHE	4.3359
PRB2	0.0
NFKBIE	7.066
GAGE12D	0.0
GAGE12F	0.0
TAB1	9.9037
LOC729176	4.1809
CSNK1A1L	1.6119
PRPF39	7.1931
UBXN7	6.5155
HIRA	10.0104
RIN1	5.0834
TBC1D9B	11.8782
RIN3	9.5748
RIN2	8.7715
GDA	9.7273
NCCRP1	0.0
WWOX	9.1196
OTOL1	0.0
NSUN3	6.343
CSNK1A1P	2.6969
RNH1	11.9161
RPS13	12.9414
CLPX	10.9113
RPS11	14.2237
RPS10	12.7417
RPS17	13.7017
LALBA	0.0
RPS15	12.5337
CXADRP2	1.9038
CLPP	10.8213
CLPS	0.0
RPS18	14.4377
LAMA2	4.9931
LOC100128164	0.7532
SLC16A4	9.7755
RIPK1	9.8491
LATS2	10.0777
LATS1	6.9746
DDOST	12.2896
ODZ3	1.2455
ODZ2	10.5311
ODZ1	6.5995
SPRR1A	0.0
CLPB	9.3356
PUSL1	7.5443
AACSL	0.0
SRCIN1	7.9042
LAMA5	10.3183
TUBG1	9.0579
C2orf27A	3.6615
CRABP1	0.0
CRABP2	1.2455
C2orf27B	0.0
C7orf72	0.0
C7orf71	0.0
C7orf70	8.2512
PLCXD3	3.0944
PLCXD2	3.9445
PLCXD1	9.1478
POM121L2	0.0
LOC646471	6.7932
LOC643486	0.0
LOC643955	0.0
ZNF417	6.0913
LOC401463	0.0
TSSC4	9.3386
LOC202181	4.384
HILS1	0.0
TSSC1	8.3962
RRAGD	9.5864
GLIPR2	6.4827
RRAGC	7.7474
GLIPR1	7.1153
PRAMEF3	0.0
GOLGA8DP	0.0
TLR3	6.579
SSSCA1	8.8291
POU4F1	0.0
POU4F2	0.0
GGT1	11.4698
GGT6	0.0
GGT7	8.942
MCOLN3	0.7532
FBF1	5.6149
RASA4	3.3091
HM13	11.8963
RASA2	4.5196
FAM75A5	0.0
ACTN3	0.7532
CCDC144NL	0.0
ACTN1	11.719
PTCH1	8.0457
NGFRAP1	12.4015
HAUS8	5.8724
PTPRQ	2.1465
ACTN4	12.8603
CLP1	8.3454
PRAMEF8	2.1465
EZR	10.0528
LILRP2	0.0
PTPRG	10.0602
PLAC9	5.2744
GEFT	4.2815
PTPRD	8.8741
PTPRC	7.3649
PTPRB	9.2143
PTPRA	10.1013
HAUS7	8.3484
PTPRO	2.5357
PTPRN	0.7532
PTPRM	10.6161
DTWD2	6.062
LOC100128977	0.0
DTWD1	8.0001
LASS1	0.0
LASS2	14.527
IFT27	9.2537
IFT20	9.0324
CPM	10.7427
LASS6	8.9173
CPO	3.4056
LOC25845	7.8691
KBTBD13	0.0
CPD	11.3732
CPE	8.661
TCN1	0.0
LOC84740	1.2455
CPZ	2.5357
GAPVD1	9.1356
YIPF6	9.0597
?|404770	0.0
RPL7L1	9.2889
CYP46A1	4.7936
PPY2	0.0
AQPEP	1.2455
MRPL41	10.9553
N6AMT2	7.3887
RTN4R	5.9058
DMPK	7.3769
RAD9B	2.8419
UBXN8	8.3084
BANK1	2.8419
WASF3	8.8635
SIRPG	2.8419
PRSS36	6.9746
DOC2A	2.7999
OR5J2	0.0
LOC127841	0.7532
DOC2B	0.7532
PRSS35	3.3091
PWRN2	0.0
TAF1B	6.5893
MUTED	8.3844
RNASEH1	7.7611
DMP1	0.0
GPR151	0.0
RRP7A	10.0832
RPGRIP1	2.8419
F3	3.7376
ABLIM1	13.3178
MAMSTR	3.5811
ABLIM3	11.62
ABLIM2	6.1758
PAH	15.5088
SLC30A10	9.6119
GPR156	0.0
FAM172A	9.0708
PRSS38	0.0
LMTK3	7.6474
GPR155	8.1881
STEAP4	8.5064
F7	11.4306
SNORD114-20	0.0
LOC729082	8.4809
UCP1	0.0
F8	9.8166
PIN1L	1.2455
F9	11.9389
LOC284009	0.0
TOP2A	5.4201
RMRP	3.6615
LOC284551	1.2455
HHIP	1.2455
HMGN5	8.0753
HMGN4	9.1789
HMGN3	10.4951
HMGN2	11.6664
HMGN1	10.2064
NUDT11	0.7532
GSTZ1	10.4076
MX2	5.3968
RAB6A	11.0033
RAB6B	6.1621
MX1	9.9526
RC3H1	9.4783
LOC646813	0.0
CHL1	2.1465
CRIPT	8.1608
IFIT5	9.6357
TAF1L	4.1254
IFIT3	8.9738
FAM66D	4.9127
IFIT1	10.1819
LOC285548	0.0
LOC728410	0.0
LOC541473	3.3773
DULLARD	10.435
P2RY10	2.3542
KIAA0368	10.8004
EFTUD2	10.3686
EFTUD1	7.9449
ISG15	9.2778
TOX3	7.8666
TRIM13	8.5142
SNAR-A3	0.0
MAP1LC3A	10.0122
MAP1LC3C	0.0
FAM66A	0.0
PIM2	7.2847
DAOA	0.0
FBXW8	8.3053
GGTLC1	4.7936
THRB	9.847
GGTLC2	9.026
GPS1	11.495
SLCO1A2	3.7376
BRCC3	8.8378
TWISTNB	8.1573
SNORD115-20	0.0
SNORD115-22	0.0
SNORD115-25	0.0
ZNF346	7.2132
SNORD115-26	0.0
GDI2	12.5135
SMAP2	11.2282
GDI1	11.585
ARL5A	9.6714
CBY1	9.0048
ARL5C	0.0
ARL5B	8.2544
SFRS4	11.0475
ADAM5P	0.0
ERLIN1	10.8153
ERLIN2	10.4393
TM9SF1	11.194
SPG20	7.0057
GABRQ	0.0
GABRP	0.7532
APITD1	8.1563
KRT17	1.2455
KRT16	0.7532
KRT15	0.7532
KIAA1107	4.9297
KRT13	0.0
KRT12	0.0
OR2G2	0.0
KRT10	8.6388
GABRE	9.3867
GABRD	2.3542
CRIP1	6.0913
WDR38	0.0
CRIP3	4.7205
CRIP2	10.417
SEC22C	8.5145
PCYT1B	3.8099
GIGYF1	9.9536
GIGYF2	9.8275
WISP3	1.2455
NBPF7	0.0
NBPF6	0.0
TLE1	11.8764
MIA2	8.4537
NBPF3	5.5312
NAPEPLD	7.8798
NBPF1	8.1779
TLE4	8.6163
SPTA1	0.0
SLC26A8	1.6119
HGSNAT	9.6942
MTFR1	11.0916
PLP1	0.0
PLP2	6.6789
THSD1P1	8.3874
CDC6	6.2426
CDC7	4.9618
CLEC5A	0.0
TM9SF3	12.0516
FCAMR	8.8072
CRYZL1	7.7471
LOC100270804	3.4056
SERF2	13.7769
HIST1H2BI	0.0
PCDHB13	5.8554
OR4L1	0.0
PCDHB11	4.9931
MSLNL	0.0
PCDHB17	0.7532
PCDHB16	4.6435
PCDHB15	3.7376
HS2ST1	9.8748
TRIM36	2.9736
PCDHB18	2.3542
C10orf10	13.8742
C10orf11	7.2396
C10orf12	6.0575
N4BP2	6.579
SPATS2L	11.2207
SRPX2	4.3359
C10orf18	9.303
NAT2	9.1356
NAT1	6.7541
NAT6	8.3321
USP6NL	9.0069
SNORD114-29	0.0
SIGLEC6	1.6119
SMOC1	13.1375
GLO1	11.3884
TMIE	2.8419
FAM41C	3.0944
TNFAIP8	5.7306
FAIM2	0.0
FAIM3	7.6627
EEF1DP3	2.1465
SNORA27	0.0
ZNRD1	8.1876
NR4A1	9.907
ZNF385D	9.8588
SDC1	14.5679
MFSD6L	0.7532
CCBL1	7.4635
PTPRS	8.528
CCBL2	9.0411
KCNC4	4.7936
FABP12	0.0
SDC3	8.7578
COX5A	11.3537
COX5B	12.1735
KCNC3	7.9962
WDR11	9.7607
TH1L	10.6528
KIAA2022	0.7532
PGM5P2	3.2057
KIAA2026	7.7748
LOC401588	6.2813
CPSF7	10.545
CPSF6	9.1975
GRIA2	0.0
CPSF4	8.6188
CPSF3	9.1443
CPSF2	9.5592
CPSF1	12.2673
LOC257358	1.2455
OR1A1	0.0
NMT1	11.4736
IFT81	7.6959
MAD1L1	8.3178
SIGLEC1	7.2065
OR3A4	0.0
ACAA2	13.1572
ACAA1	13.8288
HTT	10.6211
OR3A1	0.0
OR3A2	0.0
OR3A3	0.0
SIPA1L1	9.9131
APCS	15.6957
FAM100B	10.5496
SIPA1L2	8.3874
WHSC1	8.9033
INPP4B	3.4056
TTLL5	7.752
TTLL4	7.2591
TTLL7	4.384
LTBP4	8.2414
LTBP3	11.8918
ARIH2	9.9311
ARIH1	10.6595
TTLL2	3.4056
AGPAT3	11.3289
RNPC3	5.9977
TTLL9	1.6119
QKI	10.8943
ZNF324	7.1168
TEX28	0.0
VPS35	10.3252
PSIMCT-1	3.2004
SUFU	8.5676
APC2	3.748
PLA2G4A	1.2455
PLA2G4F	0.0
PLA2G4E	0.0
PLA2G4D	0.0
CRAT	12.6544
OR8H1	0.0
OR8H2	0.0
IPO5	10.7909
SLC35F1	1.6119
LRWD1	8.7827
SLC35F3	5.8554
SLC35F2	3.6615
MBD5	7.0952
MBD4	9.6592
?|653553	9.9294
MBD6	10.376
LOC286094	0.0
MBD3	11.2812
MBD2	9.5367
CMTM2	1.2455
CMTM3	7.1863
CMTM1	3.6615
CMTM6	10.4703
DEC1	0.0
CMTM4	8.3454
CMTM5	0.0
LOC653566	10.9761
TSPAN19	0.0
COL11A1	0.0
COL11A2	2.3542
TSPAN10	3.7376
SLC17A8	0.0
TSPAN12	7.3468
TSPAN13	11.7773
TSPAN14	11.3119
TSPAN15	6.8685
TSPAN16	0.0
SFTPA2	1.2455
REXO1	9.2952
HEPACAM2	0.0
REXO2	9.6069
FAM13A	11.1247
REXO4	9.4159
SLC25A19	6.4937
SLC15A3	8.954
SLC25A17	9.1941
SLC25A16	8.7231
KIAA1429	11.2495
SLC25A14	7.3589
CAMLG	9.6592
SLC25A12	6.8601
SLC25A11	10.4647
CHRFAM7A	3.4056
LOC100133161	4.3359
LMCD1	8.8116
TUBA3C	0.0
TUBA3E	0.0
SMCHD1	8.5172
RNF216	9.7755
LOC340074	0.0
ZNF321	1.2455
USP29	0.0
ZNF676	1.2455
TTC23	8.9797
CCDC14	8.2769
EAF1	9.4976
EAF2	5.054
CCDC17	4.0675
LAD1	8.0231
CCDC11	3.3091
CCDC12	9.7755
CCDC13	3.4056
NUP107	8.661
CCDC18	4.6033
CCDC19	2.1465
SRA1	9.5787
RBPJL	0.0
TMUB1	10.5496
ZNF320	4.1254
TMUB2	9.687
ZNF649	6.6692
JAZF1	9.4671
KLRB1	4.4307
FLJ45983	0.0
?|10357	5.8621
KIAA1644	1.6119
FAM100A	9.8935
SIPA1L3	8.4622
SYNCRIP	11.2178
HSD17B3	6.12
RBM46	2.1465
TRIM34	5.7491
ALDH1L2	4.8633
ALDH1L1	15.2423
ZNF280D	9.242
ZNF280C	6.4604
ZNF280B	0.7532
ZNF280A	0.0
GK3P	6.1342
GNG7	9.1617
GNG4	10.633
GNG5	10.6993
DBF4	5.7491
GNG3	2.8419
VIT	0.7532
MMAA	9.4432
MMAB	11.5012
GNG8	0.0
RAB19	0.0
SLC17A4	10.4738
ALG8	10.4025
ALG9	9.6798
PARN	9.6157
FUS	10.9322
USP6	4.7205
GTPBP10	8.6313
ALG2	10.0179
ALG3	10.4243
TMEM17	5.8033
ALG1	9.694
ALG6	7.896
ALG5	10.0896
TMEM88B	0.7532
UBE2MP1	6.2556
PI4KA	10.2782
TTLL6	2.9736
SMARCE1	10.7915
PDXP	10.3595
COX6B1	12.2967
COX6B2	0.0
STAM	8.205
FUK	9.8799
LTBP2	8.4734
KIAA1683	5.9384
KIAA1324L	4.7575
LTBP1	8.4396
TTC14	8.1504
CCNE2	5.8294
HAR1B	0.7532
HAR1A	1.2455
CCNE1	4.2861
MAGEL2	0.7532
INSL3	0.7532
CLDN8	2.1465
CLDN9	4.7936
FIG4	7.6275
NOSIP	9.8641
GCC2	8.1293
GCC1	9.3763
TBC1D8B	8.8846
CLDN1	12.8226
CLDN2	13.5381
CLDN3	6.1482
CLDN4	4.3359
CLDN5	10.5964
CLDN6	1.6119
CLDN7	9.1196
FIGF	9.9365
RASGEF1B	9.3748
RASGEF1A	1.9038
C6orf168	1.2455
FIGN	2.1465
LGALS7B	0.0
TBC1D19	5.2997
RTN1	6.8343
MAGEB2	0.0
MAGEB3	0.0
UQCRFS1	11.0623
MAGEB1	0.0
CYTL1	1.2455
MPHOSPH10	10.0565
MAGEB4	0.0
OR6A2	0.0
RTN3	11.0803
KIAA0114	10.0704
MRFAP1	12.4601
SERPIND1	15.3188
IRF3	9.8684
C6orf48	10.1404
IRF1	9.2486
LOC374491	0.7532
IRF7	9.08
IRF6	10.3856
IRF5	7.3468
IRF4	2.3542
C6orf41	2.6969
IRF9	10.2877
IRF8	8.5064
FAM78A	6.1342
C6orf47	9.1036
FAM78B	4.8289
LY75	6.1342
CLUL1	3.4056
SNX29	7.9767
SMPD1	10.6059
SNX22	7.8099
CLK1	10.0482
CLK2	9.4318
CLK3	9.8045
CLK4	8.1779
SNX27	10.3863
SNX24	6.717
SNX25	8.2577
CSF2RB	5.4878
SGCD	7.9569
NPEPPS	9.9193
INMT	7.1434
MRPL24	12.0527
GPER	8.6263
ONECUT2	10.9618
ONECUT1	5.2224
PIGT	11.7841
LAMB2L	4.384
METT11D1	9.8188
SLBP	10.0132
KIAA1586	6.8256
C16orf70	10.5742
PANX2	9.7641
LOC388588	6.9266
PARP4	10.3175
FECH	9.6283
MRPL20	10.7346
U2AF1L4	6.7148
PTPRE	6.902
POLR2H	9.3553
ZBTB10	10.6053
LOC90784	7.841
MRPL23	10.7565
MRPL22	9.2714
RCOR1	9.1478
TEX101	0.0
ADAP1	4.8289
C3orf64	7.3223
TMEM150C	9.6407
ADAP2	5.9384
ZNF641	5.3968
C1orf159	6.9185
C1orf158	0.0
C1orf157	0.0
C1orf156	7.3468
DDX19B	9.4669
SPATA13	7.8377
C3orf66	2.3542
C1orf151	10.3011
C1orf150	1.6119
KLHL10	2.5357
ACVR2A	7.4121
ACVR2B	7.8918
C4orf22	0.0
KLHL14	0.7532
KLHL15	8.7961
C7orf69	0.0
KLHL18	7.667
GAB2	8.9797
WDR16	0.7532
DAB2IP	8.5118
GAB3	4.6435
TRIM68	7.8323
TRIM69	4.0675
TAAR8	0.0
OR8H3	0.0
MTOR	10.502
C4orf27	8.5226
UNG	11.1097
TRIM60	0.0
TRIM61	0.0
TRIM62	5.8554
C4orf26	0.7532
TRIM64	0.0
ST6GAL1	13.6737
TRIM66	8.2705
TRIM67	3.4961
HABP4	10.4863
SNRNP70	11.6529
OMG	0.7532
ITK	4.9618
OMD	2.1465
ZNF664	10.7041
DMRTB1	0.0
C2orf63	4.3359
C2orf62	3.4056
C2orf61	0.0
C2orf60	7.3529
C2orf67	8.9734
C2orf66	0.0
C2orf65	0.7532
C2orf64	9.3538
ZNF853	2.3542
C2orf69	8.9778
C2orf68	9.0523
NPTX2	7.0286
NKD1	11.0442
NAGPA	8.5606
NPTX1	0.7532
FLJ45340	8.3484
RAB10	10.9272
LOC647121	2.3542
SLU7	9.9049
LOC100133985	6.8429
TPPP3	6.8168
IER2	10.7206
NDRG1	13.304
SC4MOL	13.4088
LRRC8A	10.6589
PRCD	2.8419
HIP1	9.622
NDRG2	13.4503
FAM192A	9.7811
SHE	7.5972
C13orf33	3.4961
SERTAD1	8.9115
C13orf31	7.2396
C13orf30	0.0
C13orf37	7.2591
C13orf36	0.0
C13orf35	0.7532
C13orf34	5.1381
ZSCAN1	0.7532
C13orf39	0.0
C13orf38	0.0
CMTM8	8.3424
NPTXR	6.12
LOC728190	7.0734
ZNF469	3.0944
SPATA17	1.2455
LOC100130987	3.4056
TCP11	1.2455
MBD1	9.4921
GIN1	6.4263
SLMAP	9.08
TTPA	11.0498
TFAP4	7.9569
RRN3P1	5.4656
SND1	12.3456
KLKB1	12.0715
PAQR5	6.6198
SNORD116-20	1.2455
SUPV3L1	9.7424
PYDC2	0.0
PYDC1	0.0
RDX	11.1476
CYBB	6.7263
SLN	0.0
CYBA	8.3814
CEACAM19	6.0471
CEACAM18	0.0
LMAN1L	2.1465
HMHA1	8.7647
CEACAM16	0.7532
CTNS	8.7258
CIDEC	2.8211
DHCR24	15.2773
KY	0.0
PRCP	11.8293
PPM1A	10.8912
RAB15	9.5992
NOTCH4	9.7308
PHGR1	0.0
MEAF6	10.0303
MSMP	3.9445
AZIN1	12.6484
LCA5	3.9445
NOTCH2	10.2386
CMTM7	7.0437
FAM126B	8.0457
EGR3	5.6929
ZNF655	9.2455
TCTEX1D2	5.7491
TCTEX1D1	3.7376
MLPH	9.7238
PPM1M	7.4691
ZNF653	6.698
TCTEX1D4	2.8419
HSF1	11.4878
TRMT112	11.4413
FGFRL1	10.6759
HSF2	7.1589
CRLF2	0.0
CRLF3	6.7632
RNF14	10.3019
CRLF1	2.1465
NISCH	10.5149
PRPF4B	9.9254
C7orf55	9.9385
C7orf54	1.9038
C7orf57	0.0
N4BP2L2	9.4962
C7orf51	4.2861
C7orf50	9.056
C7orf53	4.5621
C7orf52	2.3542
RNF175	0.7532
C7orf59	10.5829
C7orf58	9.3186
NUDT13	7.9904
TPTE2	0.0
RNF130	11.7446
PRSS50	3.2057
ZNF384	9.184
PRHOXNB	0.0
POC1A	8.0078
C1RL	12.2598
RAPH1	10.5654
TAOK1	6.2029
VPS39	10.1535
PARK7	13.3115
NAALAD2	2.8419
RORB	0.0
RORA	11.4298
PARK2	8.0936
ZNF479	0.0
RNF133	0.0
MST1P2	10.3428
SYS1-DBNDD2	4.6251
STXBP5L	0.0
ZNF471	2.1465
ZNF470	6.9746
ZNF473	8.4339
DMTF1	8.0577
MST1P9	8.0717
GUSB	12.3574
PRSS53	6.2163
SCARF1	7.5184
TELO2	9.6395
HLA-DQB2	3.9445
KRTAP3-2	0.0
KRTAP3-3	0.0
KRTAP3-1	1.2455
JMJD4	10.0721
RNF139	10.8791
MDM1	6.4827
MDM2	10.4605
SEP15	11.3987
MDM4	8.744
ROR2	3.4961
ROR1	7.1863
LOC285375	0.0
LOC285370	0.0
SNRPD2	11.0656
SNRPD1	8.4108
NR1D2	9.7026
SLTM	10.1844
SFI1	6.8515
LOC646982	1.9038
CPB2	15.0776
CPB1	0.0
KIT	6.9824
KPNA7	7.2132
KPNA6	10.4047
KPNA5	3.4056
KPNA4	10.1552
KPNA3	9.8405
KIN	7.6523
EDAR	4.5196
ZNF397OS	6.5581
PKP3	2.3542
TTC30A	7.5184
CRP	7.2974
WDR90	8.2381
IFT46	8.042
PAR4	0.0
SPATA18	8.6731
UNC119B	8.7371
CRX	0.7532
SLC25A18	9.481
OR6S1	0.0
ZNF749	5.5097
FRS3	6.8601
FRS2	8.6487
GOLT1B	9.9121
GOLT1A	10.9388
CRK	9.2666
CRH	0.7532
TTC30B	6.3556
SLC25A15	10.5328
RPS16	14.1196
TNFRSF19	10.0995
OR6C75	0.0
GLDN	5.5097
CHODL	2.5357
GLDC	6.9347
TRMT2B	8.3363
QPCT	4.7205
PC	13.4178
FOXC2	2.3542
CASP9	8.4195
B4GALT1	12.1763
B4GALT3	9.8155
B4GALT2	9.6774
B4GALT5	10.0732
B4GALT4	8.7486
B4GALT7	9.2569
B4GALT6	8.0643
FCN3	7.2462
FCN2	5.2486
FCN1	5.443
ROMO1	10.7904
OR5L1	0.0
DHRS11	8.3332
DHRS12	9.4275
DHRS13	8.1084
SGOL1	2.5357
SGOL2	3.5811
FOXC1	6.1758
LOC285954	4.7936
TBC1D13	10.0322
GPR89B	6.2163
GPR89C	8.0753
GPR89A	10.3229
RFX1	8.3301
CR2	0.0
ASPSCR1	13.2259
CR1	3.4961
TNFRSF1B	9.7249
WDR19	8.0154
LGMN	11.8005
TNFRSF1A	12.1718
FAM174B	9.7889
FAM174A	8.528
CYP19A1	1.6119
PTPN9	10.4257
TBC1D17	10.3124
SPRN	7.1309
PPP1R9B	9.5247
LOC284023	4.7205
SULT2B1	5.594
L1CAM	1.9038
GPD1L	5.6541
TBC1D15	10.2378
RFX2	4.5621
POLR2J2	8.0669
POLR2J3	6.8932
C6orf217	1.2455
VMAC	6.2813
C6orf211	10.3451
PAX2	2.6969
ZNF419	7.2656
C6orf218	0.0
PTPN3	10.0547
SIGMAR1	12.3611
CAPS2	4.4307
GCFC1	8.3785
ZNF671	4.9618
ARNTL2	1.9038
PTH2	0.0
EHMT1	9.9939
EHMT2	9.5657
ADIPOR2	11.8939
CCDC15	5.6736
WDR83	7.546
PTPN7	5.4201
HPRT1	9.5166
PTPN6	9.3386
MARK4	9.7675
FOSL1	5.5734
MARK1	6.0015
MARK2	9.0146
FOSL2	11.5934
GRK1	0.0
RG9MTD1	9.3124
MCOLN2	1.9038
S100A4	6.8081
RPPH1	5.443
FOXF1	5.3968
IGBP1	10.3587
NUP54	9.08
CD63	13.5618
FOXF2	1.9038
SERPINA1	18.4129
NDUFA13	12.1998
CD69	4.7205
CD68	10.6021
PAGE3	0.0
TPD52L2	10.5816
MAGEB16	0.0
TERF2IP	10.6711
TPD52L1	10.0556
EFCAB10	2.3387
CA5BP	6.9347
S100A7	0.0
SLC18A3	0.0
CELA1	0.0
VSX1	1.2455
ISOC2	11.2648
ISOC1	9.7539
HSPA1B	14.1595
CAPSL	0.0
KRTAP24-1	0.0
ACTR3C	7.3407
ACTR3B	7.145
TMEM121	6.2163
WDR12	8.8378
OR7A10	0.0
CHRD	10.3886
WDR17	0.0
OR7A17	0.0
TMEM175	10.0322
ARV1	8.8138
S100A6	8.2641
GABPA	9.4072
PSCA	1.2455
SPIRE1	7.8148
PF4	0.7532
AOX1	16.6287
LMF1	9.0203
GPR55	1.2455
JHDM1D	8.2117
PPP1R1C	4.4307
C1orf210	5.6143
C1orf212	9.8904
C1orf213	5.015
TIMM9	8.9299
C1orf216	8.5009
SLC16A14	5.9222
PIK3CB	8.6188
NCRNA00230B	0.0
USP9X	11.6278
USP9Y	7.7148
LRIT1	0.0
WASL	10.7814
PAEP	0.0
ZMYND11	10.367
BCL9L	9.6822
ZMYND19	7.8148
ZNF644	9.1391
SHOX	0.7532
UTRN	9.9213
SLC35B1	10.1996
WASH2P	8.2959
CLEC3B	9.0241
KRT33B	0.7532
CGGBP1	10.1853
CLEC3A	0.0
AMBP	17.0963
ZNF786	6.5047
UFSP1	6.698
ZFP41	9.2907
AMBN	0.0
ZFP42	0.0
CARNS1	4.8289
PHGDH	11.2872
HSPA1L	6.6101
VSX2	0.0
MAD2L1BP	8.7872
HSPB6	7.7006
DGKZ	8.405
C10orf35	5.2744
C10orf32	10.4091
HSPB3	0.0
HSPB1	14.6199
PKN1	10.9088
PKN3	6.294
LRCH3	7.1727
SNORA45	0.0
HSPB8	11.8448
HSPB9	6.3556
NCRNA00157	0.0
TPH1	0.7532
IDH3B	10.9707
NCRNA00152	7.9001
RHOBTB3	11.1119
RHOBTB1	11.9112
INO80D	7.8101
IL21R	2.0279
INO80B	9.605
INO80C	8.1115
NCRNA00158	0.0
DIS3L2	8.6585
KIAA0913	10.7188
FAM43B	4.5621
FAM43A	8.6683
SCGB1C1	0.0
ZNF784	8.5306
TEX261	11.1572
PLOD2	11.9743
UTP14C	9.026
CMPK1	12.1777
LMF2	11.4761
PGA4	0.0
CMPK2	5.6344
KCNE2	6.2163
KCNE3	8.0569
FKBP9L	3.3091
KCNE1	2.8419
FAM124B	4.384
ERBB2IP	10.5823
FOXE1	0.0
FAM124A	3.0944
TEX264	11.5633
PTDSS2	8.8204
C5orf27	13.7023
LDLRAD1	2.9736
LDLRAD2	6.8456
DCD	0.0
HPCA	0.7532
TICAM2	6.6167
SELO	10.9692
NCRNA00120	4.6033
A2BP1	0.0
CYP2F1	0.7532
RFTN1	7.138
HTATIP2	11.0821
LIG4	7.9329
PMS2L5	6.3065
CSNK1D	11.3548
CSNK1E	9.4408
LIG1	8.9033
PMS2L2	6.7401
BDP1	8.3424
DEFB134	0.0
DEFB135	0.0
DEFB136	0.0
DEFB130	0.0
DEFB131	0.0
DEFB132	7.4294
IREB2	10.0093
ISCU	11.1266
MRS2P2	0.0
ZNF789	4.9297
EHBP1L1	9.0184
ALS2CR8	5.8892
FNTB	8.7797
BOLL	0.0
SNORD29	0.0
TPSD1	0.0
UMODL1	0.0
ADAMTS20	0.0
NKX6-2	0.0
ALS2CR4	6.698
C15orf55	0.0
AFARP1	3.5811
DPY19L2P4	0.0
EVI5L	8.1504
CRCP	9.5139
DGKA	5.5097
KCTD17	4.7205
DPY19L2P1	0.0
CSPG4	7.7702
CSPG5	3.6615
KRTAP10-7	0.0
KRTAP10-6	1.9038
KCTD19	1.2455
KCTD18	8.8486
KRTAP10-3	0.0
KRTAP10-2	0.0
KRTAP10-1	0.0
TNFSF13B	3.7376
ZKSCAN3	5.0834
ZKSCAN2	7.2132
ZKSCAN5	8.0078
ZKSCAN4	6.0471
LOC100240726	0.0
THEM5	2.3542
KIAA1409	3.0944
LOC100132724	1.6119
FPGS	10.393
GLIS2	5.5312
GLIS3	7.1519
GLIS1	0.0
H6PD	13.5983
FNBP4	8.6112
CYP2S1	3.4056
SLC25A37	7.1863
SLC25A36	6.0913
BCHE	9.7755
DCP1B	7.7657
DCP1A	8.7114
GPBAR1	3.0944
TMEM106B	10.2774
VIM	11.9624
SLC25A39	12.1408
C15orf33	5.6992
TGM5	0.0
TUBA1C	10.0322
LOC100190940	0.0
TUBA1A	8.6112
TMEM106A	4.4758
FAM23A	3.4056
VIP	3.8099
AJAP1	0.7532
IGSF11	0.0
MMEL1	1.3306
TMEM182	4.2345
TMEM181	9.7132
TMEM180	7.9166
TMEM187	9.2585
CHMP5	10.6121
IL10RB	9.2076
GNG2	6.1894
RIBC1	4.4758
TMEM188	7.1727
PDZD3	3.4056
SLC7A6	7.8319
FAM102B	6.1621
FAM102A	9.4587
CNTD1	3.3726
PRH1	4.408
PGBD4	5.3968
RIMKLA	4.4307
S100A7L2	0.0
PGBD5	8.4954
SMCR7L	10.6448
PALB2	7.4063
SCGB1A1	0.0
ZMAT2	11.0507
PGBD3	5.7552
OR7C2	0.0
TAF6	9.6052
TAF5	6.2295
OR7C1	0.0
TAF3	6.8854
TAF2	9.4907
RNGTT	8.1504
G6PD	8.6995
G6PC	13.4885
OSTCL	1.2455
TAF9	10.1474
ELMO1	9.9754
TSPAN32	3.2057
TSPAN33	10.2726
TSPAN31	10.7484
ELMO2	8.7301
LOC653544	0.0
LOC653545	0.0
POMT2	7.5662
AIF1	7.4237
USP17	0.0
AGPS	10.0796
ALAD	13.269
LY6G6D	0.0
FOSB	9.2521
DKFZp779M0652	5.7674
POM121L8P	0.0
PPAPDC1B	7.2462
CCNG1	11.64
CCNG2	7.3161
PDXK	11.0568
LY6G6F	0.0
SNORA48	0.0
CNO	8.3545
LRRCC1	9.1143
NPLOC4	10.9519
TMEM86A	7.4691
TMEM86B	9.9546
LGALS13	0.0
FNIP1	9.9131
FNIP2	7.4237
USP19	10.3959
PIK3C2A	9.5618
VSIG8	0.0
LGALS14	0.0
LOC100130386	0.0
GTF2A1L	0.0
LOC644172	2.9736
AP2M1	12.2601
OR5K4	0.0
PPIAL4B	0.0
NPM3	8.4622
PDCD6	10.5244
PDCD7	8.6707
PDCD4	10.4221
NPM2	6.0321
LOC285033	4.8184
TCF21	4.4758
PDCD1	3.3091
UGT3A1	11.1092
PPIAL4G	4.0073
LOC100128023	0.0
FUZ	8.1728
HDLBP	13.6373
PRKCE	7.4746
PROK2	2.3542
PBLD	12.7135
OR5K1	0.0
OR6C3	0.0
DSG2	7.6424
ERP44	11.1029
C6orf27	5.1684
C6orf26	5.4275
C6orf25	0.0
DSG3	0.0
GCAT	9.9284
GHSR	0.0
N4BP1	9.1686
TP63	3.8099
HIST2H2AA3	10.6546
VPS26A	9.8694
VPS26B	10.7235
KLRD1	4.9297
ZNF101	5.2997
PRKCD	8.2577
PGPEP1	10.1387
FLJ39653	5.9384
ZC3H7A	9.5447
SREBF2	11.5192
OR13G1	0.0
SLC29A4	6.0321
OXCT1	3.8099
DSG4	1.9038
OXCT2	2.1465
SLC48A1	8.4927
TXNDC17	10.2115
STAC	2.1465
CIC	10.4724
KARS	10.9722
TMEM20	5.1406
RAB39B	2.9736
KIF16B	9.0241
SSRP1	10.982
LOC100128292	5.1406
IL12B	0.0
IL12A	1.2455
TMEM26	3.4686
IRAK1BP1	3.8861
LOC389332	1.6119
SPINK8	0.0
CIT	5.8892
SRF	9.9466
ASAM	1.2455
TXNDC12	10.8081
WFDC9	0.0
PRO0628	0.0
TSSK3	4.669
C1orf97	8.84
LOC283392	0.0
TRPV3	0.0
TAF6L	8.8182
C1orf96	6.8256
SNUPN	8.9299
SHPRH	6.1486
DAO	11.4281
TATDN1	9.5247
ST8SIA2	0.0
FIGLA	0.0
DAK	12.6232
C1orf175	5.2744
C1orf174	8.7067
C1orf177	2.1465
DAP	12.1968
C1orf170	1.2455
C1orf173	2.6969
C1orf172	3.8788
MLANA	0.7532
FOXO3B	9.6918
MTA1	9.5473
MTA2	10.1148
C1orf92	0.7532
LRP10	10.6323
LRP11	8.8588
LRP12	6.3677
RIMBP3C	1.2455
CUBN	2.6969
ZNF329	7.9288
GAPDHS	0.0
GPC1	10.6613
GPC2	1.9038
GPC3	6.8081
GPC4	2.6969
GPC5	0.0
GPC6	6.7903
ZNF485	4.8633
LRFN5	0.7532
HEPH	5.4656
KRTAP15-1	0.0
MTAP	9.0011
C21orf15	0.0
BICD1	3.9445
BBS9	7.3529
SEC22B	10.7513
SEC22A	8.6163
SLC16A10	7.8192
BBS1	9.5193
BBS2	10.0103
BBS5	7.0395
BBS4	8.855
BBS7	6.3914
KIAA1984	4.9267
ANKDD1A	4.1809
C2orf49	6.7449
C2orf48	1.2455
INSL4	0.0
C2orf44	7.6959
C2orf47	9.7377
C2orf40	3.9445
C2orf43	8.2316
C2orf42	8.4453
OR52B2	0.0
ELANE	0.7532
AGL	10.4307
AGK	8.9778
OR52B4	0.0
NIPA2	9.0222
MGAT4C	0.0
CELA2A	0.0
AGA	8.4678
CELA2B	0.0
C13orf18	2.6969
FAM190A	1.6119
PDCD11	9.8001
AGT	16.0149
C13orf15	9.4545
PDE9A	6.3677
C13orf16	1.9038
RAB11A	10.792
FLJ12825	0.7532
ESPN	11.0623
GPR180	5.7119
PIK3CA	8.1328
GPR182	0.7532
GPR183	7.5345
PIK3CD	5.3491
PIK3CG	4.0073
ZSWIM4	6.7903
ZSWIM5	7.7972
IGF2AS	2.6457
RAB11B	11.5206
TBCA	12.0424
ZSWIM2	0.0
LOC91450	1.2455
PRND	2.5357
TMEM57	10.367
TMEM54	7.4857
SCLY	9.1408
RER1	12.3982
SCG5	5.4201
TMEM51	7.1589
FAM59A	5.8383
MGC15885	0.0
PAR-SN	5.4201
GSC2	0.0
PLEKHA6	9.8534
FAM84B	10.3922
SNORD16	0.0
POLR3GL	10.1369
FAM84A	5.8724
KCNN3	4.8968
SNORD17	1.9038
MEG3	4.0675
TAGLN	10.7804
SC65	8.1328
TRAFD1	8.6755
PIK3C3	7.9767
LOC541471	8.1573
MEG8	0.0
PRRG4	7.066
RPL18	13.9068
ZNF675	4.384
ZNF674	5.6344
ZNF673	7.7611
ORM1	16.4075
ORM2	15.0635
PRRG3	0.7532
ORC6L	4.1254
MAX	9.687
PARP14	11.0115
MAZ	11.6227
ERI2	8.7271
ERI3	10.0045
KTI12	7.8666
ERI1	6.537
VPS8	8.2117
TUBA1B	13.0264
MAG	3.0944
MAF	10.0787
ACLY	11.278
MAK	0.7532
AG2	8.4954
LOC100190986	4.0675
SLC7A5	6.7541
NXF2B	0.0
KRTAP11-1	0.7532
EVL	9.3263
OR1B1	0.0
ALDH3A2	13.8044
ALDH3A1	14.1917
WFDC1	4.384
HAS2AS	0.0
EDC3	8.9778
MGST1	14.3028
SLC35B4	9.658
EDC4	9.7986
KRTAP19-5	0.0
ATXN3L	0.0
SEMA4C	8.6852
CSDE1	13.2808
C9orf130	8.0326
BACH2	6.5686
BACH1	9.6056
JAM3	7.7927
SNORD36A	0.0
GMDS	8.3605
LSR	11.0019
LSS	10.807
RASEF	6.2163
SLC37A3	7.8793
CYTSA	11.0647
CYTSB	8.6948
KCNIP4	2.6969
KCNIP3	7.4294
KCNIP2	2.9736
KCNIP1	0.0
LOC388946	0.0
PRSS55	0.0
PRSS54	0.0
ZNF778	5.7491
LOC220594	3.7376
LOC729799	2.3542
C10orf113	0.0
HAND1	0.0
RPL23P8	6.0471
MPV17	8.7782
BYSL	8.6828
LIN28A	0.0
FAM136A	9.2634
TMEM102	7.0134
OTUD7B	10.7194
MOGAT2	7.7428
MOGAT3	3.6615
MOGAT1	3.2057
ANAPC1	7.7838
HMCN1	6.9103
ANAPC2	10.2525
ANAPC5	11.032
ANAPC4	8.215
ANAPC7	8.9679
KIR3DX1	0.7532
RPS6KA1	8.0863
RPS6KA2	9.6592
RPS6KA3	11.4635
RPS20	15.2117
OR12D2	0.0
RPS6KA6	0.0
SMYD5	8.95
PISD	9.0127
PSMD14	9.7709
PSMD11	9.8925
PSMD10	10.6299
PSMD13	11.1097
PSMD12	9.8799
HBQ1	0.0
FTCD	14.2775
EDIL3	5.5524
UTP20	7.8453
SENP5	8.9258
MAGEB6	0.0
MINPP1	10.7502
RFPL1S	1.4548
LEUTX	0.0
METTL2B	7.5869
GANAB	13.0776
WFDC5	0.0
SMYD2	12.003
VAV2	10.4966
SMYD3	6.9508
VAPB	9.7412
VAPA	10.9927
NPHP3	7.3769
MKI67IP	9.3583
NPHP1	4.9297
LOC148824	0.0
NPHP4	3.5811
SNORD91B	0.0
CTH	10.92
EXOSC10	9.7822
ARF3	11.3312
ARF1	13.6407
ARF6	11.395
ARF5	11.2604
ARF4	11.9367
LOC645166	4.5196
SNN	8.5545
MOBP	0.0
PTPRCAP	6.1057
C6orf186	0.7532
C6orf182	6.3556
IRF2	9.397
LOC255025	0.0
MYLK4	3.5811
MYLK2	0.0
MYLK3	5.2486
RBMY1J	0.0
RGPD1	7.5181
RGPD6	7.9409
PPP2R2C	8.3454
RGPD4	5.4201
RGPD5	4.7575
MOB2	9.4418
RDM1	1.6119
RGPD8	0.0
PQLC3	7.6175
OR10S1	0.0
PQLC1	12.0555
RGS17	0.7532
RAB11FIP3	10.579
LOXHD1	3.2057
RAB11FIP1	8.3116
RAB11FIP5	7.6073
PATL2	4.6435
TMEM101	9.8609
SLED1	2.9736
LOC100129550	6.8256
LRRC25	6.6298
FAM176A	11.2656
KLRAQ1	8.4281
FAM176B	7.0833
RAB7A	12.0738
LOC100133469	0.0
MYL6B	9.2666
SNORD87	0.0
NRN1L	3.2449
SLITRK6	0.0
IFIH1	8.6288
RNASET2	9.8405
ACTR10	9.4741
HMGB3	10.2956
EEF1A1	16.2852
EEF1A2	13.927
LRRC20	9.8449
SLITRK4	2.3542
CHP2	0.0
ARL11	3.0944
ARL10	4.3359
RAB2B	8.2577
SLFN12L	1.6119
ARL15	7.953
ARL14	1.6119
ARL16	7.7566
LOC550112	7.9609
FRRS1	8.7939
SNORD86	0.0
HYALP1	0.0
GCHFR	10.4054
TSPYL5	4.0675
ZNF534	3.9445
RPL7A	13.9285
AASS	11.0301
WDR45L	10.3214
MGC34034	0.0
KIF4B	1.2455
KIF4A	3.8788
PEX14	10.0667
CLIP3	4.6825
ACTL7B	0.0
ACTL7A	0.0
ZSCAN12	5.8383
ETNK2	13.5674
ETNK1	10.2782
CLIP4	6.3435
MNDA	4.7205
LRRC28	8.5676
RABAC1	11.2584
HEXDC	8.9055
DHRS7B	9.1686
AP3B1	9.7573
CD48	6.3435
TRIM65	8.2183
MND1	3.7376
CD44	11.6676
CD47	10.7088
CA14	9.3447
CA13	6.0015
CA12	4.7575
CA11	5.8383
CA10	0.0
FPGT	8.3985
FGFR1OP	7.2199
VMA21	10.3367
PDX1	0.0
GCNT1	4.1254
CETN4P	0.7532
MAF1	11.8767
RAB20	10.44
CALY	0.7532
EIF4E3	5.6736
EIF4E2	10.5706
RAB24	9.0088
RAB25	0.0
RAB26	8.6338
PIK3C2B	7.6375
GLRA3	0.0
GLRA2	0.0
CALR	14.8962
DZIP1L	1.2455
ASAH2B	1.9038
GLRA4	0.0
WDR78	4.9931
RPS29	12.6428
FAR1	6.3914
ACTR1B	10.7848
ACTR1A	10.7334
FAR2	3.7376
WDR70	8.5985
WDR73	7.8748
CHPF	11.5168
WDR75	9.1232
WDR74	9.5314
WDR77	8.8313
WDR76	4.8968
WNT3A	0.0
COL23A1	9.3523
TRHDE	0.0
SYT15	3.6615
MCF2	0.0
NTAN1	8.6213
PPP2R3A	4.7205
NQO2	11.0201
CDO1	12.6337
C1orf230	0.7532
NQO1	7.0437
PRPF8	11.7654
SFMBT2	3.4056
RGS11	2.5357
LOC572558	4.2861
FLJ35220	8.4079
NID2	7.6474
PRPF3	9.4474
PRPF4	9.281
PRPF6	11.236
FILIP1L	8.2083
TPCN1	10.3221
RUNDC1	7.5184
CD177	2.6969
PCF11	9.2936
GSTTP1	0.0
GSTTP2	0.0
C5orf48	0.0
C5orf49	6.0913
CLEC1B	0.0
NID1	12.0468
C5orf44	8.5092
C5orf45	7.5395
C5orf46	4.7575
C5orf47	1.9038
C5orf40	0.0
C5orf41	8.7692
C5orf42	6.6496
C5orf43	9.8694
PABPC3	8.5091
TPCN2	9.2338
IL31RA	3.5811
NCRNA00171	3.5109
RFFL	10.5376
NCRNA00173	1.6119
LEFTY2	0.0
NCRNA00175	0.0
NCRNA00176	8.0827
LEFTY1	1.2455
ARRDC4	9.2455
ARRDC5	0.7532
ZWINT	6.8081
ARRDC1	9.397
ARRDC2	9.6882
ARRDC3	11.8719
FAM120AOS	9.2219
FAM45A	8.5702
KIF14	4.4758
RAB27B	0.0
FAM45B	7.1168
LOC388796	7.6718
SH3BP5	10.8518
RHBDD2	11.2446
CSAD	10.782
RABGAP1L	7.5205
ELK3	6.8168
CDON	6.6692
ELK1	9.8534
GPHB5	0.0
ELK4	7.0134
KTELC1	8.1151
PAK6	0.7532
PAK7	0.0
PAK1	8.7624
PAK2	10.3587
PAK3	0.7532
TTR	16.0398
FAM122A	8.9095
FAM122B	8.9679
FAM122C	5.443
SH3BP2	10.39
NSDHL	10.8901
ZNF200	7.8496
KCNG1	0.7532
KCNG2	1.6119
KCNG3	0.0
KCNG4	0.0
NUBPL	9.9274
PPP2R5C	10.8414
KRT19	3.8788
LOC115110	5.9127
PANX1	10.2362
MYL1	0.0
NPB	3.6615
OR4C11	0.0
CEP97	5.5312
OR4C13	0.0
OR4C12	0.0
DEFB116	0.0
DEFB114	0.0
DEFB115	0.0
DEFB112	0.0
DEFB113	0.0
CYP2D6	12.059
SUB1	11.6045
ATXN7L3	9.6677
PIGG	8.4998
TTTY4C	0.0
MFSD2A	9.7424
DEFB118	0.0
DEFB119	0.0
LCN15	0.7532
DMBT1	0.7532
C10orf58	12.8002
ATXN7L1	7.7335
LCN12	6.3556
C10orf54	10.7701
C10orf55	1.839
TNS1	10.6945
C10orf57	10.5602
C10orf50	0.0
ZIC1	7.9042
C10orf53	0.0
HEXA	12.6964
ZBTB12	4.8313
ARID2	8.3301
SPRR4	0.0
LOC652276	4.6033
LOC401093	5.6111
SPRR3	0.0
HIF1A	9.9586
OR8D4	0.0
OR4B1	0.0
NT5DC1	10.6021
NLRP6	6.9746
OR8D1	0.0
OR8D2	0.0
RBMY1E	0.0
ARGLU1	9.637
NLRP1	6.5476
SNORD91A	0.0
NPW	4.0675
ZBTB16	9.9803
SPANXN3	0.0
TMEM194A	6.9347
LOC400940	0.0
ZNF775	6.2556
PIGQ	10.0996
CALML3	1.2455
CD164L2	0.0
NLRP2	1.9038
GLYCTK	11.9855
CALML6	2.8419
CALML5	0.0
CALML4	10.4192
COX18	9.4145
COX19	7.4912
PFN2	6.062
AADAC	14.2572
PFN4	4.0675
CREM	9.5166
SHISA2	0.7532
SHISA3	3.5811
COX10	8.3393
COX11	10.4327
TMEM219	12.0897
GAS2	9.1634
ARPP21	0.0
COX15	10.6196
COX16	10.0093
COX17	9.9203
PDGFRB	10.6981
ANKRD13D	6.5263
LOC158572	5.7119
ANKRD13B	4.1809
ANKRD13C	8.2737
ANKRD13A	9.0653
KIAA1467	6.4148
AIDA	10.1963
TIMM8B	9.4028
KIAA1462	9.4559
SCN10A	0.0
PDGFRL	1.6119
SUN2	12.6174
PPA2	10.8451
PPA1	11.4719
tAKR	6.8256
MCTP1	4.9297
MCTP2	5.5524
LOC339568	0.0
BET1	9.0727
NUP62	10.0413
MGC45800	0.7532
WDR27	6.1057
LIMS3-LOC440895	5.594
ALCAM	12.1207
TPM4	10.9
CSF1R	8.3545
TPM2	9.4432
LOC678655	8.0856
PGA5	0.0
ETF1	10.7444
FBXW9	7.3361
C22orf39	8.396
CYB5D2	10.43
FAM21C	10.1157
FAM21B	9.2936
FAM21A	8.2512
LRRN2	6.4716
C22orf33	0.7532
C22orf32	10.1776
C22orf31	0.0
C22orf30	9.4116
FBXW4	9.9645
C22orf36	9.5112
C22orf34	0.0
CDCP1	3.9445
TAX1BP1	11.7669
TGFBR1	9.4685
CDCP2	0.7532
SH3RF2	9.7504
SH3RF3	9.1565
SH3RF1	7.8751
SMNDC1	8.9156
ZNF48	7.0286
FAM159A	2.9736
SSX2IP	9.2714
IER5L	7.9369
TMEM173	6.5995
ANKLE2	9.3093
ZNF267	7.0057
ATXN8OS	0.0
DDX19A	9.4058
TJP2	11.7986
TJP3	5.2486
NDOR1	8.9992
GLB1	11.0024
PPAN	9.3628
PPP1CA	11.3811
OR7A5	0.0
SH3GLB1	10.4192
C1orf152	2.9736
PPAT	7.8538
RNF38	9.6457
GKAP1	7.0057
SH3PXD2B	7.3946
LOC100132707	6.3472
SNORD88B	0.0
SH3PXD2A	8.6263
MPPED2	6.7903
LYSMD3	9.622
THPO	9.3882
KLHL11	4.4758
DCXR	15.2481
CHPF2	9.1908
KLHL12	10.1378
AGRP	0.0
AGRN	10.6662
NFYB	9.6882
CLGN	6.5581
KLHL13	7.4579
ZNF221	2.9736
SELENBP1	15.0195
SMARCA1	10.6179
SMARCA2	11.6764
RABL5	8.2349
CCNI2	0.0
BAZ2B	8.8217
LOC388152	6.2029
POMZP3	5.9953
FYB	5.7854
SYCN	0.0
GOLGA6L9	6.1342
GOLGA6L5	3.6615
GOLGA6L6	0.0
KLHL17	6.062
FYN	10.425
GOLGA6L1	0.0
RAB1A	11.8827
TOR1A	9.4824
XCL2	1.2455
ASCL3	0.0
WDR47	6.3313
OST4	11.6313
NUDC	11.76
CCT6A	11.4045
PAF1	10.5667
CCT6B	6.7723
OSTN	0.0
GPHA2	2.6969
XAGE1D	0.0
KRT79	0.0
RUFY1	9.6444
RUFY3	8.4622
RUFY2	7.2396
FCGR2B	4.6033
FCGR2C	2.8419
FCGR2A	8.6263
NLE1	8.068
ROD1	9.8166
CYP11A1	8.4253
SKIL	6.0767
ZNF579	8.4339
CYTH1	10.3989
GCGR	0.7532
CYTH3	8.2479
CYTH2	10.0246
QSOX1	8.3635
CYTH4	6.2685
MYBPH	5.1123
DPH1	9.5756
DPH2	8.9258
DPH3	9.5552
KRT78	0.0
DPH5	8.8783
SPAST	8.3605
MUM1L1	0.0
CALCR	0.0
PSAPL1	0.0
AGR2	0.0
AGR3	0.0
RNF34	8.3617
WIBG	9.4503
SPDYE7P	0.0
WBP5	11.2551
CANT1	10.0649
CALCA	4.3359
CALCB	1.2455
OR13A1	0.0
psiTPTE22	2.6969
CKB	13.9773
CKM	0.0
PTGS1	4.8968
SLFN12	4.0073
PLK1S1	8.3393
TM2D3	10.1946
SLK	9.7584
OR51B5	0.0
OR51B4	0.7532
OR51B6	0.0
PAM	7.8236
OR51B2	0.0
DCN	8.6995
GPAM	13.6269
DCK	7.949
DCI	12.5947
ACSM1	7.5184
ACSM3	11.693
ACSM5	13.0701
ACSM4	0.0
THRA	8.4113
SDF4	12.1679
TAF4B	2.1465
PERP	12.0285
CUL9	8.7463
DCX	2.9736
EIF4ENIF1	8.5832
CUL5	9.7822
C20orf173	0.0
CUL7	9.229
CUL1	10.8984
C20orf177	6.294
CUL3	10.2038
SSPO	7.5399
TRIM28	11.6535
TRIM29	5.8383
PNKP	8.7872
CDH20	0.0
TRIM25	9.8956
CREB5	6.294
CDH23	9.862
CREB3	9.3089
TDRKH	6.7357
CREB1	8.2769
TRIM23	8.578
FLRT1	2.5357
PER2	9.7214
FLRT3	9.0616
FLRT2	1.9038
SRP9	12.587
GNPAT	11.9384
PTPN13	3.7376
C21orf34	6.3435
C21orf33	12.0967
LOC283663	3.0944
RHOT1	8.3635
FCER2	2.6969
VTA1	9.5696
KAT5	9.4484
ARCN1	11.5232
ZNF517	9.1941
F2R	8.3545
IHH	9.5748
ZNF514	6.4263
NBEAL1	6.698
ZFAND3	10.8142
NSMAF	8.6438
QRFP	0.0
LOC338588	0.0
AES	11.8751
PNRC1	12.3889
PNRC2	9.6258
DNAJC28	5.2744
DNAJC27	6.12
GNAO1	9.2952
DNAJC25	9.8297
DNAJC24	7.9044
NTSR2	0.0
DNAJC22	8.5883
DNAJC21	9.8513
NTSR1	0.7532
DTD1	9.1373
TECTB	4.6435
ARHGAP8	3.9374
ARHGAP9	5.7854
RNF122	5.4878
ACN9	8.5624
ARHGAP4	8.3053
ARHGAP5	10.326
ARHGAP6	5.1956
ICOSLG	8.6852
ARHGAP1	11.5372
AEN	9.9685
FAM196B	0.0
FAM196A	0.0
NOB1	9.7878
SETD1A	9.3703
TSPYL2	8.9953
PRLR	9.0448
KHDC1L	0.0
SLC12A8	3.8177
ZFP36	11.5202
RGS19	6.2426
TMEM79	8.0382
OR4D10	0.0
OMP	0.7532
PPP6C	10.393
ZYX	10.9398
ZNF229	6.0471
ANXA11	10.9343
ANXA10	9.3356
ANXA13	2.5357
TMEM74	5.9058
KCNQ4	0.0
RBL2	10.8279
SLC39A12	0.0
SLC30A5	9.2407
FAM86A	8.3267
SLA	6.902
CNBD1	0.0
FAM86D	5.3731
MGC12982	4.8968
CCT6P1	4.9931
HEMGN	1.6119
MRPL4	10.3291
MRPL2	10.5848
MRPL3	10.0639
RPUSD2	8.5519
MRPL1	9.8395
TTLL8	0.0
ZCCHC18	2.3542
ZFAT	7.6375
RALGAPA1	8.7114
MRPL9	9.9255
ZNF611	5.3491
HOXC11	0.0
WBSCR16	10.4485
RUVBL1	9.5999
ZNF614	7.0362
ZNF616	7.3407
MOS	0.0
ZNF618	7.0952
SLC3A1	3.5065
THOC3	8.8028
EIF4EBP1	8.1187
EIF4EBP3	10.6837
ASPRV1	5.6541
EDDM3A	8.0001
MS4A12	0.0
EDDM3B	1.9038
MOG	0.0
MS4A15	0.0
BAG2	8.6585
BAG3	13.1262
BAG1	10.1362
OR1L8	0.0
BAG4	6.6496
BAG5	9.1634
KMO	7.5024
OR1L4	0.0
OR1L6	0.0
OR1L1	0.0
RTKN	10.3042
MSRB3	6.6496
CTDP1	8.6263
LRRC37A4	5.1406
LRRC37A2	5.4169
LRRC37A3	6.7357
SLC39A1	11.9892
RSBN1	8.1745
CD79B	5.443
MEOX1	1.9038
MEOX2	5.5524
CD79A	2.1465
CSDC2	0.0
EIF1AD	8.8291
ATXN1L	9.7599
GMFG	7.7611
CBLN4	8.7509
CBLN2	0.0
CBLN3	6.7723
CBLN1	5.0239
ZBTB26	4.2345
LOC100131726	6.1894
XIRP2	0.0
MGC2889	0.0
SLC39A7	11.7637
PDHA2	0.0
CPSF3L	10.6729
PDHA1	11.3732
COL4A3BP	9.7561
SAP18	11.5698
SNORD50B	0.0
LCAT	9.7645
SNHG10	6.5476
EVI5	8.1434
PAR1	0.0
MZF1	7.8649
ATXN10	11.1235
PSIP1	8.6213
LOC92973	5.2997
FSCN3	0.7879
FSCN2	1.2455
FSCN1	8.1469
SLPI	4.4758
MRPS17	7.138
PCNAP1	0.7532
MYL12B	12.1901
MYL12A	11.9965
G2E3	7.0286
CKMT2	0.7532
SNORD65	0.0
RPS6KC1	7.9042
KRTAP22-1	0.0
MRPS14	9.3538
RFPL4B	0.0
BAGE	0.0
RILPL1	7.555
OR2T35	0.0
RILPL2	7.4352
NLRP10	0.0
IDO2	4.6033
TMPO	10.2291
IDO1	9.5486
CAMK1D	8.2544
CAMK1G	1.6119
NLRP12	2.1465
LDHAL6B	0.7532
ECM2	10.688
ECM1	5.8383
LDHAL6A	0.0
SMCR8	9.0359
HHAT	9.6157
OR52D1	0.0
FMR1	11.3917
MICALCL	3.6615
SMCR5	0.0
SMCR7	7.7382
LYPD6	0.7532
RAB3IL1	6.4937
LYPD4	0.0
HIST4H4	1.6119
LYPD2	6.9103
LYPD3	4.2861
LYPD1	4.589
CATSPER4	0.0
CALCOCO1	10.9443
CALCOCO2	11.9582
AMHR2	0.7532
NAP1L4	10.9761
CATSPER1	0.7532
CATSPER2	4.0073
CATSPER3	3.0011
ANKRD30A	0.0
RGS5	11.0196
RGS6	2.5357
ANKRD30B	0.7532
LRRC8C	6.6692
RGS1	6.7723
RGS2	7.7972
RGS3	9.6419
LOC100133669	0.0
PLAG1	5.1406
RGS9	2.5357
TRDN	0.0
PGLYRP4	0.7532
TTBK1	7.6073
COL1A2	10.1544
ZNF643	3.8788
LOC151009	1.9038
SERTAD2	9.6157
KIAA1377	0.7532
LOXL3	3.9432
SEPT6	6.7813
IL1RAP	9.6333
ARAP3	7.1309
CATSPERG	3.4961
LOC100133545	1.9038
CATSPERB	1.2455
BIK	6.7723
SNORD61	0.0
ARAP1	10.6619
ZNF605	7.6815
SH2B2	4.0675
XIAP	10.8607
SNHG12	6.4148
GAL	0.0
SNORD115-35	0.0
RDH14	9.5166
SECTM1	6.2295
KANK4	8.0936
RD3	0.7532
KANK2	10.9373
KANK3	7.6124
RDH12	2.6969
CYBASC3	10.6097
SLC25A34	6.4378
POLD3	7.3946
EPDR1	8.9973
DEDD2	10.2614
BID	9.1798
FAM178A	8.6828
DOLK	8.4253
PCDHB8	3.2057
SH2B3	8.96
MYH11	8.1909
KIAA0664P3	4.6825
UBR3	10.2877
WDR5B	8.108
SNORD114-10	0.0
UBR2	9.4755
SFRS12IP1	8.6313
GADD45A	11.1736
TARSL2	7.6959
CDK2AP1	9.6157
CDK2AP2	10.4849
NALCN	0.0
UBR7	9.4587
KRTAP13-1	0.0
KIAA0427	9.5709
CIAPIN1	9.4446
LOC730668	0.0
HSP90AB1	14.887
PTP4A1	13.7077
UBR5	11.2429
PTP4A3	8.7043
PTP4A2	10.0084
VIPR2	0.0
NUCB2	10.593
TRIM72	0.0
REC8	3.9445
ZSCAN22	6.7903
TNNI3	0.0
STRADB	9.4446
GPR3	5.1123
TDRD9	0.7532
CD28	5.5734
SUZ12	8.946
MRPS9	9.4783
BMP6	5.6723
MRPS7	10.7634
C9orf27	0.0
C9orf24	3.0944
C9orf25	7.8016
CD27	3.7509
C9orf23	9.4989
IFI30	12.166
C9orf21	7.2527
PLA2R1	2.5357
ABHD8	8.9679
SNORA63	0.0
MYLIP	7.6424
OTUD1	9.0203
ABHD2	13.9225
ABHD3	8.3814
ABHD1	9.6182
ABHD6	10.9398
PA2G4	10.8327
ABHD4	10.0923
ABHD5	9.2455
TWF1	10.1378
NKIRAS2	9.7412
NKIRAS1	8.95
HEMK1	9.2059
MBTPS2	9.6232
WDR43	9.7493
TRIM45	5.2224
MBTPS1	10.8933
EIF4G3	9.7878
EIF4G2	13.042
EIF4G1	13.357
SERHL2	1.9038
WDR59	10.3789
FAT3	1.6119
DR1	9.1823
FAT1	12.8145
GRB2	11.1097
ULBP2	1.9038
ULBP3	3.0944
GRB7	7.6375
FAT4	6.5047
PSG6	0.0
PSG7	0.0
PSG4	2.1465
PSG5	1.6119
PSG2	0.0
PSG3	0.0
PSG1	0.0
HOXC9	1.6119
HOXC8	0.0
PPP2CB	10.1237
HOXC5	0.0
HOXC4	0.7532
HOXC6	0.0
CD151	11.5326
TGOLN2	13.3634
SSU72	11.4416
HCST	6.6692
SRPX	4.0675
FAM200A	6.9103
FAM200B	9.0542
C5orf62	8.4678
UROC1	2.9736
C5orf60	2.8419
OR4F5	0.0
SNORA41	0.0
SLC25A32	9.7417
CSTL1	1.9038
HTRA1	11.1137
LSM4	10.8092
COL27A1	10.0482
RBMX2	9.0279
ZSCAN5B	1.2455
LSM6	8.4224
NEURL1B	7.9247
LSM7	9.0727
PTPN23	10.1878
MFSD5	9.4824
SELT	10.8446
MFSD4	4.0675
GATSL1	3.2057
POLR2D	9.0727
GATSL3	8.7634
GATSL2	0.0
POLR2A	11.3231
MFSD7	8.2697
POLR2C	10.3841
POLR2B	10.2742
NDUFB5	10.8109
POLR2L	11.8019
AKR7A2	11.0
AKR7A3	12.7245
POLR2I	9.3643
LOC642597	1.6119
F11R	11.7989
POLR2J	10.4703
GOLGA8F	0.0
TLK1	9.6918
SERHL	5.3491
FAM47C	0.0
CCL3L3	0.0
FAM47A	0.0
USP53	11.0211
FAM47E	6.9179
USP51	3.7376
GTF3A	10.5543
LOC338799	7.3946
CCNJ	5.8892
PPP1R2P3	5.5524
BATF2	7.3099
ASCC2	11.1371
ASCC1	8.8182
VPS72	9.8144
SLFN13	4.2861
DSCAML1	1.6119
RASSF9	0.7532
GAMT	13.3359
CCDC109A	8.1813
VBP1	9.8683
CCDC109B	3.0944
FAM120B	8.9738
FAM120C	8.6036
FAM120A	12.1074
MAPK14	10.9057
MAPK15	2.1465
PEA15	11.2776
MAPK10	2.3542
MAPK11	7.9806
MAPK12	8.341
MAPK13	3.7376
OR4F21	0.0
TCEB3C	0.0
HPGD	4.8633
FABP5L3	0.7532
FZD1	5.7306
FZD2	1.2455
FZD3	3.7376
FZD4	10.2153
FZD5	9.5565
FZD6	8.816
FZD7	4.9931
CACNB3	4.3359
CACNB2	7.1589
CACNB1	3.2057
CYP2B6	11.586
SNORD114-6	0.0
SNORD114-5	0.0
CACNB4	7.3161
C10orf72	11.123
RASSF1	9.0241
C10orf71	0.0
C10orf76	9.1857
SPAG16	8.1779
OR10W1	0.0
C10orf75	8.2769
C10orf78	6.0913
C10orf79	4.1809
PTPMT1	9.7184
ASH1L	9.9098
RASSF2	6.9824
HIST1H1T	0.0
RASSF5	7.2199
WDR8	8.2083
CLEC4M	0.0
ATP12A	0.0
CTRB2	0.0
OR8B3	0.0
AMFR	11.6278
CEACAM22P	4.1809
USO1	10.9297
PLCD3	6.1894
OR8B4	0.0
PLCD1	8.4927
HIST1H1D	0.0
HIST1H1E	1.6119
NCR2	0.0
RASSF6	3.7376
HIST1H1A	0.0
HIST1H1B	0.0
HIST1H1C	12.486
FOXB2	0.0
ZNF599	5.7306
ANKZF1	9.003
ITFG3	10.9251
B3GALNT2	9.0978
B3GALNT1	5.8209
TACC1	11.2736
TACC2	9.7014
TACC3	6.7903
JDP2	9.1125
PICK1	8.84
VMO1	5.6541
SLC1A2	12.4545
NHP2	10.5244
MRTO4	9.4375
KIF20B	4.6825
TMEM233	5.1684
KIF20A	2.8419
MKI67	5.594
MAP6D1	5.3731
GNMT	6.537
LPPR1	10.8718
LPXN	7.592
TOX2	7.0437
MCC	6.7357
CAB39	10.9098
D4S234E	1.9038
CKMT1A	0.7532
CKMT1B	0.0
NOTCH1	8.709
RPL3L	1.6119
ZNF841	7.0511
ANKHD1	10.9379
GNAT1	1.9038
GNAT3	0.0
GNAT2	4.2345
DEFA1B	1.6119
BCL2L15	2.8419
BCL2L14	0.7532
TTC16	1.2455
BCL2L11	8.2577
BCL2L10	0.0
BCL2L13	10.5163
BCL2L12	8.3871
ESCO2	2.6969
ESCO1	7.6225
LOC729678	8.2404
SNORA16A	0.0
SNORA16B	0.0
NUP43	8.6011
CTU2	8.1917
SCARNA27	0.0
C22orf13	13.7763
CTU1	6.4263
C22orf15	2.9736
IL1R1	12.8791
SCARNA20	0.0
SCARNA21	0.0
SCEL	0.7532
MSX1	6.5581
MSX2	0.0
EIF3F	11.4743
ADRM1	10.9922
FAM27L	0.0
ZNF558	7.806
HSD11B1	15.4777
RPL3	15.6918
CHD1	8.8804
OR2AT4	0.0
ISYNA1	6.877
GTF2H3	7.2591
GTF2H2	6.2556
GTF2H1	8.942
NCDN	8.3635
GTF2H5	10.3413
GTF2H4	9.247
MAPKAP1	10.5562
CACNG1	5.7854
ALDH1B1	12.1638
VCX2	0.0
CACNG2	0.0
COX7A2L	11.06
DBX2	0.0
PCDH9	1.6119
DBX1	0.0
MYEF2	5.0779
RPL38	12.9895
RPL39	9.9939
RPL36	13.2748
BAT2L2	10.9908
BAT2L1	11.7211
MRP63	10.525
RPL32	14.0746
PRKD1	8.1983
CACNG5	0.0
TARBP2	8.9012
TARBP1	9.1356
CTTNBP2NL	7.5238
TSHZ1	9.5903
SRCRB4D	5.5734
ATF5	9.1908
ATF4	12.0571
ATF7	9.5683
ATF6	11.3119
ATF1	8.8656
ATF3	10.8516
ATF2	8.6707
SMARCC2	10.4703
LOC642852	6.4937
SMARCC1	10.4918
PPAP2C	4.8968
LOC100133050	0.0
PPAP2A	12.1026
BUB1B	3.3091
SUMO1	11.5802
INVS	7.7927
CTTNBP2	7.2462
SUMO2	11.1914
PSPC1	8.5118
SUMO4	3.4056
TMCO6	9.9586
SNORA7B	3.6755
SFRS13A	10.2452
KIAA0317	9.1823
SFRS13B	3.9445
GTF2IRD2P1	7.3285
NUP210L	3.3091
ANKIB1	8.7019
HSF5	1.6119
TTC12	6.537
HSF4	7.669
EEF2K	9.9675
LHX1	0.0
LHX2	0.7532
LHX3	0.0
BLOC1S3	8.6828
BLOC1S2	9.3733
BLOC1S1	11.5611
TMPRSS11BNL	0.0
LHX8	0.0
LHX9	4.8968
SIVA1	10.3841
MIB1	9.0909
MIB2	9.675
LOC285074	8.1813
TOR3A	9.0504
LOC113230	5.5312
OR52H1	0.0
B3GALTL	7.2656
MTMR14	9.8704
B3GALT4	4.7936
B3GALT5	0.0
B3GALT6	9.3523
LEPROTL1	8.9699
CTNNAL1	10.6448
B3GALT1	1.2455
B3GALT2	1.6119
SLC38A2	14.3816
TMEM184A	8.0699
MDFIC	10.2917
SLC38A9	8.3022
SLC38A8	0.0
KIAA0174	10.6862
STK3	9.5877
STK4	8.8138
LOC100129534	3.8788
CSF3R	6.2029
OCA2	0.0
CXCL11	6.294
CXCL10	8.84
CXCL13	3.0944
CXCL12	8.3991
CXCL14	2.8419
CXCL17	0.7532
CXCL16	8.4509
OR13C4	0.0
N4BP2L1	9.8715
UBE4A	10.6674
OR13C2	0.0
OR13C3	0.0
HCN1	1.2455
HCN3	7.2779
HCN2	6.8168
OR13C8	0.0
HCN4	0.0
SNRNP25	8.936
SNRNP27	8.3844
NTN1	8.8421
LOC150527	0.7532
FAM41AY1	0.0
RAPGEF1	10.2822
TTC5	6.9185
MED10	8.8313
RAPGEF2	10.3655
JAM2	5.6541
LRIT2	0.0
LRIT3	1.9038
SERF1A	7.6523
APOC1	17.2472
MIA3	12.3911
GOLGA7B	8.958
PTGDR	2.8419
MRPL14	10.4549
STIP1	11.8858
LOC390595	3.8099
MRPL15	11.8837
CHIC2	7.6073
LOC641367	0.7532
PTAR1	9.7641
CHIC1	3.9445
MRPL16	10.4972
POM121L4P	0.0
DRP2	0.7532
SGK3	9.8326
RAB3GAP1	9.7073
PEPD	12.6394
UACA	9.5877
TBC1D23	9.6333
CDC25C	2.5357
TBC1D21	0.0
ANKS3	8.2512
DGCR6L	10.8026
TBC1D26	0.0
ANKS6	8.6188
C6orf1	8.8888
TNFRSF4	6.5995
TBC1D29	0.0
TBC1D28	0.0
C20orf152	3.0944
C20orf151	0.0
MED12	9.6894
FKBP15	9.663
TBC1D2B	9.833
SARM1	6.7532
FUNDC1	7.1589
GUCY2D	1.2455
GUCY2E	1.6119
GUCY2F	0.0
SENP8	6.0321
SENP7	7.3468
FIBCD1	1.2455
RPAP1	9.3837
SENP3	9.166
SENP2	9.1125
SENP1	7.8918
SAMM50	11.8482
C21orf54	0.7532
C21orf56	6.4937
C21orf57	8.1469
PLA1A	10.3144
ING4	9.8736
ING5	8.0001
ARPC4	11.2349
C21orf58	5.2486
C21orf59	9.029
ING2	7.4121
ING3	6.6496
TMPRSS12	0.0
NOTUM	13.644
POC1B	7.5753
VASH1	6.2665
NCRNA00203	0.0
TMSL3	13.1471
KIAA1949	9.3217
CEP170L	0.0
NCRNA00052	0.0
NCRNA00200	0.0
INS	0.0
OR8G5	0.0
SLC2A11	6.8168
NCRNA00201	8.9293
WDFY3	8.6163
WDFY2	7.3946
OR6C6	0.0
TCL6	0.0
GFPT1	10.7005
GFPT2	3.8788
ECHDC3	12.4685
ECHDC2	12.8316
ECHDC1	11.0545
DAG1	11.7228
ACP5	9.0981
ACP6	9.1703
TPI1P3	0.0
ACP1	10.9226
ACP2	10.43
TFAMP1	0.0
SNIP1	8.5036
GLA	9.4685
USP36	9.8799
SLC2A14	6.4716
SLC2A13	6.062
SDCCAG3	9.6786
CCT8L2	0.0
SDCCAG1	8.596
ANKRD35	7.9247
ANKRD36	4.3359
ANKRD37	8.9396
ANKRD31	0.7532
ANKRD32	7.1998
CHDH	11.1132
NASP	10.4443
GLS	8.2833
ANKRD39	7.3346
CDIPT	11.5386
NCOA2	10.4264
NCOA3	9.2407
TMEM71	3.3091
NCOA1	9.0354
BSX	0.0
NCOA7	9.8459
NCOA4	13.0482
NCOA5	8.7624
FLJ10038	8.2926
NELL1	0.0
SPCS3	11.0862
FAM194A	2.1465
FAM194B	0.0
BSN	6.0015
POU6F1	6.9508
CISH	9.6208
LOC442459	0.0
LCOR	5.2564
MECR	9.5112
LOC442454	8.6462
BSG	13.6357
YTHDC2	8.2083
NSFL1C	10.9761
P4HTM	7.1727
MEI1	3.0944
SNORA80	0.7532
IL1RN	8.7509
EMID2	8.3695
GSG1	0.0
KDSR	10.2147
PRDM15	6.8343
SH3BP5L	10.4542
MED17	8.4872
ZNF844	7.7748
SLC27A5	14.6333
PLSCR2	0.0
EMID1	6.8685
PRAM1	2.9736
SORT1	10.2509
SLC27A3	9.0963
PLSCR3	8.4566
ACPT	0.0
SEPT2	11.695
ERO1L	9.331
ZNF638	10.6192
ACPP	0.0
WDR85	7.3161
AK3	12.7858
AK2	11.7801
AK1	9.3109
PRDM11	2.5357
AK7	4.6033
TBCB	9.2144
AK5	0.0
ZNF474	0.7532
NPNT	9.4824
WDR87	1.2455
OXTR	2.3542
MME	14.6924
MMD	8.1813
SMARCAD1	8.3903
FLJ42627	3.4056
PABPN1	10.8861
PPM1B	10.4499
NCKAP1L	6.4492
ACTBL2	0.7532
MAP4	12.4004
UGT2B7	14.3564
LOC723809	0.0
HNF4A	13.1348
OR1N1	0.0
FLJ44054	0.0
TREH	8.8783
TIMD4	1.6119
GEN1	6.9347
ZNF497	6.0172
ZNF496	4.384
ERF	11.3331
ERG	7.806
ZNF493	5.594
CBLL1	8.938
EPS8	10.283
SH2D3C	8.0899
MACC1	2.9736
RRP8	8.94
MPI	10.6753
ERH	10.4178
PARM1	6.5155
APOL5	0.0
HERPUD2	9.3263
HERPUD1	12.5553
RGAG1	0.0
CELP	0.0
WDR89	7.8876
TMEM55A	8.6755
TMEM55B	9.0392
MTTP	13.0719
NDNL2	8.6213
RRP9	8.6413
SNCB	0.0
FCGRT	13.0775
TRA2A	9.675
SNORA84	0.0
ITIH5L	0.0
SEZ6L	0.0
PCDP1	3.4961
SLC24A6	8.3116
KIAA0141	10.4945
MDC1	8.8529
FBN2	0.7532
EMR4P	1.2455
NCR1	1.9038
FBN1	8.079
CXCR2P1	3.8099
RNF126	9.6407
BRMS1L	7.1096
MEX3D	7.9884
PACRG	7.0952
KLRG2	0.0
MEX3C	8.0193
MEX3A	6.3189
MGC2752	8.0863
LACTB2	11.4926
AOAH	5.1684
C3AR1	7.4912
BTRC	8.4224
BAAT	15.4142
IL17RB	8.5145
ITLN2	2.1465
PDE1C	2.1465
ITLN1	0.0
SCN1B	6.6885
RNF121	8.8116
PDE1B	4.6435
PPM1N	3.4961
PDE1A	2.1465
EEPD1	9.6555
SFTPD	5.6143
CLCA3P	0.0
FRYL	8.5466
DEXI	10.8776
SFTPB	0.0
KDM1A	9.7721
IDI1	11.571
IDI2	5.7674
IPMK	4.384
KDM1B	8.5253
IMPDH1	7.2265
SCRT1	0.7532
IMPDH2	10.7904
SCRT2	0.0
NECAP1	8.6462
FEZF1	0.0
TMEM185A	8.4789
MAP9	2.6969
UGT2B28	5.4878
UBXN10	7.5818
UBXN11	8.1881
DNTTIP1	8.9115
DNTTIP2	10.1085
UBLCP1	8.2801
DYM	8.2316
SNORD12C	0.0
PRAMEF22	0.0
PRAMEF20	0.0
PELO	9.5696
UBE4B	10.129
ANKRD36B	0.7532
MTMR9	6.5785
FEZF2	0.0
MTMR7	4.1111
MTMR6	9.1975
MTMR4	10.3952
MTMR3	10.1352
LAP3	12.8148
MTMR1	9.4852
YIPF2	9.9566
NAAA	9.7238
NR3C2	5.9384
TSC22D3	13.2535
SFTA1P	2.3542
TSC22D4	9.8351
TSR1	9.6187
OR11A1	0.0
FCHSD1	4.3954
FCHSD2	8.2988
CABC1	12.9059
MTMR9L	5.9703
SV2A	3.2057
SNORD123	0.0
SAMD7	0.0
LOC349114	3.7376
SNORD126	0.0
SNORD125	0.0
KIAA1161	10.6528
VAT1	11.7863
RAB33B	8.9299
OR1S1	0.0
HIGD2A	10.6002
HIGD2B	1.6119
OR1S2	0.0
REXO1L1	0.0
UBA52	13.5814
DND1	6.7871
PLCE1	4.6825
NPY6R	8.2544
FOLH1	10.9021
CD2BP2	9.6786
MESDC2	10.1895
NOBOX	0.0
MIA	0.0
NDUFC1	10.2452
RUNX1	10.198
THEM4	8.3116
LOC100132354	5.7119
GRASP	7.4579
EXOSC8	8.0501
EXOSC9	8.0546
BCKDK	11.4871
EXOSC2	8.8291
EXOSC3	8.1434
EXOSC1	8.1813
EXOSC6	7.8366
EXOSC7	9.0203
EXOSC4	10.6491
EXOSC5	9.1617
ADAMTSL2	7.6175
ADAMTSL3	8.2737
PTGER2	4.0675
ADAMTSL1	5.5734
ADAMTSL4	9.9008
ADAMTSL5	5.0239
DEFB108B	0.0
SURF1	11.3529
CYB561	9.55
TULP1	0.0
TULP4	8.2577
C6orf142	8.2991
C6orf141	1.6119
NMBR	0.0
C6orf147	0.0
C6orf146	1.2455
C6orf145	11.3612
ZNF569	6.9588
OR5B3	0.0
OR5B2	0.0
KRTAP5-11	0.0
KPNA2	8.2609
INCENP	6.9266
PTPN2	7.6911
STK33	0.0
FARP2	7.6523
KPNA1	10.2411
UPF1	11.1288
FARP1	11.4082
C9orf40	7.8666
C9orf41	6.9427
WDR36	9.0579
C9orf43	5.2486
C9orf44	0.0
C9orf45	3.4961
C9orf46	8.3962
C9orf47	3.4112
BTG4	0.0
MBNL1	11.2295
LOC256880	0.7532
FCER1A	2.9736
SYVN1	11.7563
CRYBB2	0.0
PRMT8	0.0
BTG1	12.2098
OR2A12	0.0
RPL30	15.144
OR2A14	0.0
TMEM194B	6.2163
SNAP47	9.8522
DEPDC1	2.9736
DEPDC6	9.3124
DEPDC7	10.2038
DEPDC4	3.7376
DEPDC5	10.218
KIAA1908	7.828
EEF1E1	7.2974
ZFATAS	0.0
TEC	7.5662
PSMB11	1.6119
PSMB10	9.503
PAOX	8.3785
CXorf50B	0.0
SCYL2	9.446
SCYL3	8.8764
ZNF396	4.4307
SCYL1	11.5132
LOC388428	0.0
STXBP3	8.9914
STXBP2	9.4531
STXBP5	5.954
STXBP4	5.4878
TMEM133	7.1589
PDE12	9.1617
C14orf166B	0.0
SMOC2	6.1621
OR4D9	0.0
PDIA3P	11.4501
CYP1B1	9.6555
INS-IGF2	10.1015
SKP1	12.1688
S1PR3	10.0302
OR4D1	0.0
OR4D2	0.0
NOC2L	10.3186
TMEM200A	1.6119
OR4D5	0.0
CRYBG3	5.8519
S1PR4	5.2997
FANCG	7.1589
CFLAR	10.016
FANCE	4.384
FANCC	7.9042
FANCB	0.7532
FANCA	5.2864
ENY2	11.1834
FANCM	5.4201
FANCL	7.383
HAS1	0.7532
FANCI	6.1824
HAS3	4.5196
ARSD	11.3335
CA5A	8.5172
KIAA1671	10.3329
ARSE	10.5277
F13B	11.5969
HNRNPA3	11.4792
HNRNPA0	11.4423
HNRNPA1	12.461
C12orf61	5.1123
MSH3	8.869
SLC7A1	6.2426
RPN2	12.8162
C12orf60	5.1123
LOC100131193	5.6361
GLYATL1	11.9143
MIF	13.908
EXOC6	8.1151
MC5R	0.7532
DKFZp434L192	0.0
ARSA	12.0015
WDR31	5.7306
KIAA1109	10.0547
TES	9.2455
ARSB	8.8677
LRRFIP2	10.1263
DUS2L	8.225
IRS4	0.0
MYST1	9.2042
EXOC5	9.7573
SLC45A3	5.8554
IRS1	12.0809
IRS2	12.2687
HOXA7	3.6615
CDK1	5.2744
CDK2	8.7715
CDK3	8.5494
CDK4	10.4786
CDK5	8.8072
CDK6	10.0463
CDK7	8.1573
CDK8	7.5345
CDK9	10.6975
IGLL3	0.0
LPAR1	2.3542
HAPLN1	2.1465
C12orf69	3.3091
HAPLN3	4.8968
HAPLN2	2.1465
ZNF502	5.1123
RAP2B	8.9033
HEXB	11.945
SAMD1	7.6375
NEURL	1.2455
CEP57	10.051
FAM188B	6.6066
CEP55	3.0944
TIMM50	9.9685
ARSI	4.6435
LIMS2	8.895
LIMS3	0.0
LIMS1	7.5345
ARSJ	4.8289
PRMT2	9.2585
ARSK	7.7748
SOSTDC1	4.7205
RERE	11.0711
ZFHX3	8.565
RERG	5.0239
ZNF383	6.2685
FLJ32063	0.0
DMBX1	0.0
RGL1	9.622
ROBO1	8.5064
RGL3	8.2227
RGL2	9.6604
RGL4	2.1172
MIIP	8.4872
OR10Q1	0.0
HSPD1	14.7412
OGN	5.5524
MTX3	8.4224
MTX2	8.956
MTX1	10.0555
LOC728723	6.6594
AMD1	9.8966
PRKCI	7.7006
PRKCH	8.3545
SYN3	5.054
LIAS	8.6413
PRKCA	10.8654
ATP10A	8.9914
ATP10B	0.0
C9orf98	5.3731
ATP10D	6.8168
PCDHB9	3.3091
PRKCG	0.7532
TNNC2	3.7376
HIST1H3B	3.4056
HIST1H3C	1.9038
HIST1H3A	0.0
HIST1H3F	0.0
HIST1H3G	0.7532
HIST1H3D	4.2861
HIST1H3E	5.2744
HIST1H3J	0.7532
OR5T3	0.0
HIST1H3H	5.2224
HIST1H3I	0.7532
SEC11A	11.2011
LYZL4	0.0
SEC11C	10.7803
MATK	4.1809
ROBO3	7.6073
PMF1	10.7587
BZW1	12.3416
TSGA10IP	0.7532
LOC154761	4.529
RAPSN	1.9038
SCRIB	11.754
TYMS	7.7975
TYMP	10.0959
RIF1	7.8453
ZNF790	6.579
ZNF791	6.8515
ZNF792	5.6344
ZNF793	5.0834
PPWD1	8.1364
ZNF436	8.1233
MUL1	10.1596
LAMC2	5.1123
PCDHB1	0.0
MGC16703	0.0
ROBO2	0.7532
WWP2	9.8078
NAA15	8.8677
TBX15	6.9428
OR5T1	0.0
SPTLC1	9.4824
DAPL1	1.2455
C15orf44	9.4072
PPIL2	10.2685
PPIL3	8.4281
PPIL4	8.7325
PPIL5	6.5995
PPIL6	4.384
SLC35C2	10.9474
MYADM	10.7421
SLC25A13	12.1296
SNORA14B	0.0
LOC339524	5.9035
PPP1R7	10.0482
PHLPP1	10.3306
CCDC99	5.0834
PPP1R2	10.1604
CCDC94	8.8677
CCDC96	4.7575
CYP4F11	11.6184
CCDC91	7.8918
CCDC92	9.3171
CCDC93	9.1789
ZNF570	5.5097
GSTA4	10.5803
SORBS1	10.5674
RTN4IP1	7.5076
ZNF574	8.49
C15orf42	2.846
ZNF576	8.0863
ZNF577	7.3468
TRPV5	0.0
FAM25B	0.0
FAM25A	0.0
PDZRN3	5.9545
MFAP2	0.7532
SETDB1	9.6469
PRTN3	0.0
ROBO4	9.2794
CTSH	12.9716
CTSK	6.2295
ZNF645	0.0
CTSO	10.8744
CTSA	12.8405
CTSB	13.7437
CTSC	11.6824
CTSD	15.862
CTSE	0.7532
CTSF	12.1675
CTSG	7.1096
RPL14	13.1926
POSTN	5.6736
CTSZ	12.452
RPL17	11.7714
RPL10	14.5891
RPL11	13.9001
GPATCH8	9.0727
RPL13	14.591
PRKAR2B	3.6615
FGFR4	11.6269
CTSS	9.4893
FGFR2	7.9649
FGFR3	9.3822
CTSW	4.9931
CXCL1	3.3091
NAA10	10.7553
CXCL3	0.0
CXCL2	10.3136
CXCL5	1.2455
VPS4A	10.2172
CXCL6	3.7376
CXCL9	8.0344
PRMT5	9.8351
INCA1	5.6541
SORBS3	10.5417
NINL	6.0767
LOC646627	0.0
SYP	4.9297
LOC100132215	3.8134
AMMECR1	8.2283
KRTAP23-1	0.0
KIAA1310	9.5354
PRRX2	0.0
METT10D	8.6163
LRRIQ3	2.8419
CSRP2BP	10.0189
EMD	10.6844
RGR	0.0
NLRP14	4.2345
EMB	5.6541
ZGPAT	9.7467
SNORD48	0.0
USP28	8.0269
SORBS2	11.2808
GJC3	3.4961
TMEM150A	10.1272
LOC644669	0.0
PDZK1IP1	10.4507
MIP	1.9038
LOC100287227	4.4944
SUDS3	9.0504
MBL1P	4.7205
RGN	12.1093
AP2S1	10.8103
FLJ25363	0.0
PIAS3	7.9767
NCRNA00093	2.2437
ZNF580	7.3769
AFF4	11.7454
AFF3	6.3435
AFF2	5.054
AFF1	9.6395
USP22	12.3324
CARD9	1.9038
CARD8	8.8291
USP21	8.3545
ALDH16A1	10.9603
USP20	9.7527
CARD6	6.7541
THRSP	8.5934
SAE1	10.3237
OR5L2	0.0
KIAA0195	10.5553
KIAA0196	10.7299
ERP27	4.1254
HMP19	0.7532
ERP29	12.5872
PSMB8	10.3878
PHKA1	6.7449
GCKR	11.7717
PHKA2	10.2192
UBA6	9.3233
PDP1	6.579
PDP2	6.7813
UBA5	9.6592
UBA2	10.1483
TRRAP	9.5726
UBA1	12.1843
LOC283174	0.0
PWP1	9.4741
PHF20	9.2341
PHF23	9.4375
ABCA10	3.5811
UBE2H	10.5549
ABCA12	0.0
ABCA13	1.2455
UBE2M	9.8872
FAM162A	11.4861
FAM162B	4.2345
NAA11	0.0
UBE2A	10.688
ZNF134	6.8515
UBE2C	3.5811
ADAMTS2	4.6033
SI	0.0
UBE2F	9.043
UBE2Z	10.5816
FGGY	9.5761
IDH3G	11.1995
UBE2S	6.5686
RPAIN	8.8022
TOP3A	8.4844
UBE2T	6.2029
UBE2W	9.799
TOP3B	8.1151
OR51F1	0.0
TAC1	0.0
PTGFR	4.0675
OR51F2	0.0
HHIPL2	7.6863
LIPT1	6.1323
ADAMTS9	9.2143
SCG2	1.2455
ILK	11.3111
RPRML	2.8419
ADAMTS8	2.9736
LOC283332	0.0
LOC440563	0.0
SDHAP3	7.4579
FLJ34503	0.0
ARHGEF1	10.1887
RASL12	5.594
FAM48B1	0.0
TIMM44	9.6258
PROKR1	0.0
CPXM1	1.6119
PNO1	8.6138
CPXM2	6.0767
PDE3A	5.0834
BMP2K	6.8854
MTG1	9.9615
C20orf135	7.4635
C20orf134	4.0675
C1orf87	0.7532
RABEP2	7.8104
C20orf132	4.9303
SHB	10.8333
SRRM3	7.6225
LFNG	5.8892
PENK	0.0
MORF4L2	13.0068
MORF4L1	11.5482
COCH	2.2685
NDUFA6	11.278
LOC100124692	0.0
NDUFA4	12.7464
NDUFA5	10.8092
NDUFA2	11.2376
NDUFA3	10.6638
NDUFA1	12.4289
C21orf70	8.225
C21orf71	0.7532
FOXR1	0.0
MAP1LC3B2	7.841
NDUFA8	10.364
NDUFA9	11.0545
GPR64	7.4967
GPR65	3.4961
FLT3LG	6.1482
GPR63	1.2455
GPR61	1.2455
INE2	3.4873
IMPG2	0.0
INE1	2.5357
FAM171A2	1.9038
GPR68	3.2057
FAM171A1	10.8728
LOC728264	3.4056
KIAA1967	9.5618
RP1L1	1.2455
SNORD114-9	0.0
TBL1XR1	10.6735
SNRK	9.8872
SVIP	7.3161
ASMT	0.7532
NBR1	11.9535
IL6	1.9038
IL7	6.4492
IL4	0.7532
IL5	0.7532
IL2	0.0
IL3	0.7532
CFC1B	0.0
VWA5A	7.7657
ZNF443	5.9545
IL8	6.7992
IL9	0.0
DTX4	6.6885
GNS	11.9342
ATP5L2	0.0
PLGLB2	8.0042
DTX1	8.1222
DTX2	7.6375
DTX3	4.7205
BIRC7	1.6119
BIRC6	10.0227
BIRC5	3.684
BIRC3	7.0586
AIP	10.3252
EIF6	12.0157
LASS4	10.5543
OXR1	11.0944
ANKRD19	7.5504
ANKRD16	7.2462
ANKRD17	10.5404
RB1CC1	11.9595
INSM1	0.0
ANKRD12	8.7278
ANKRD10	10.6116
ANKRD11	10.4104
UROS	9.7061
POLR2G	9.8297
LOC100192426	0.0
?|388795	0.7532
TMEM37	11.7286
AKR1E2	0.0
SNORD46	0.0
NSF	9.503
TMEM33	10.6862
STK38	9.4058
SPHKAP	0.0
PDPK1	10.2861
DMC1	1.6119
NT5C1A	0.0
MYH1	0.0
MBL2	12.7953
NT5C3	7.5399
NT5C2	9.7002
PUS3	9.2488
MEA1	10.4821
POU3F2	0.0
OTOP3	0.0
OTOP2	0.0
SNORD115-2	0.0
SNORD115-3	0.0
POU3F4	0.0
KDELR2	12.9407
TTLL1	6.6692
MNS1	2.6969
REP15	1.6119
HAGHL	3.5811
POLR2J4	7.7989
SNORD22	0.0
DPRX	0.0
KRTAP4-11	0.0
OR14J1	0.0
KRTAP4-12	0.0
FAM53B	8.1775
FAM53C	9.8155
FAM82B	11.6986
FAM53A	4.8633
KRTAP26-1	0.0
C10orf105	5.443
SNORD27	0.0
C10orf107	0.0
SDS	7.6073
CYCSP52	0.0
C10orf108	5.1123
SFRS8	8.9136
ANO10	8.7578
POGZ	10.4257
ACRC	5.1684
GSTCD	6.7813
LDB1	8.7417
PRUNE2	4.1809
SFRS6	11.2103
SIGLEC12	3.2057
TMOD3	9.8144
CRIM1	13.3168
KCNK6	4.1809
PABPC4L	3.8099
PARG	8.0643
AOC3	8.5754
AOC2	4.3359
TIMP3	12.9789
PEX11G	8.6163
EPX	0.0
PARS2	7.6911
NRCAM	8.4678
MLH3	9.1582
PARL	9.6918
MCF2L2	0.7532
TNFAIP8L1	6.877
KCNK1	10.6429
EPO	0.0
PI4K2B	10.3618
KCNK2	0.0
PI4K2A	9.8659
HIBADH	12.9839
KCNK3	1.2455
NHLRC3	8.8762
NHLRC2	6.6496
NHLRC1	7.7838
CXorf58	1.2455
CXorf59	0.7532
RPP40	6.8685
NHLRC4	1.6119
PAFAH1B1	10.6868
CXorf56	8.068
CXorf57	6.3677
CXorf51	0.0
LYZ	12.6449
SYCE1	1.0916
SUSD4	1.2455
SUSD5	0.7532
CGREF1	9.9987
SUSD3	9.8155
SUSD1	6.5476
POLR2F	10.559
TRIML2	0.0
LYN	9.4014
PAFAH1B2	7.8323
PRH2	2.1465
LOC441177	0.0
TINAGL1	9.9605
VAMP1	5.4653
PSORS1C1	3.3091
PSORS1C3	1.2455
PSORS1C2	0.0
LY9	4.384
PAGE2B	0.0
SUCLG2	12.2069
VCX3B	0.0
VPS13D	10.203
PTX3	3.7376
SEC23IP	9.4389
DOHH	8.6112
IP6K3	9.6641
IP6K2	9.3538
CWC15	9.687
GH1	0.0
OTUD6B	9.2794
NACC1	10.3595
BRSK2	2.3542
BRSK1	0.7532
SNRNP200	12.1541
MEPCE	10.579
TNIK	3.4961
SH3KBP1	9.5618
DDX4	1.2455
DDX5	12.6893
DDX6	10.8797
INADL	9.6543
TLR6	3.5811
DDX1	11.0623
LOC286467	0.0
PTX4	0.0
MYO15B	9.5552
MYO15A	3.7376
HSN2	2.5357
MYADML	0.0
POM121L10P	2.1465
NUP205	8.5118
ZNF215	1.6119
HLA-J	3.8788
ZNF217	10.0407
HLA-H	11.3427
ZNF211	5.9384
SLC7A8	5.7306
HLA-L	4.0675
F8A1	9.056
HLA-B	14.6801
HLA-A	14.3981
NFKBIA	11.7379
FMN1	3.3091
HLA-F	10.0457
HLA-E	13.106
FMN2	4.1809
NFKBIZ	8.327
TDRD12	0.7532
PSTPIP2	9.3658
ARID4A	8.5199
ARID4B	10.3003
PSTPIP1	3.9445
MMS19	9.4087
PLAC1	0.0
FAM75A2	0.0
FAM75A3	0.0
CRYZ	13.3724
FAM75A6	0.0
HAUS6	7.4352
DKFZP586I1420	7.3828
HAUS4	11.614
HAUS5	8.3116
HAUS2	8.4108
HAUS3	7.5184
HAUS1	7.1589
PRSS33	0.0
SLC5A10	1.2455
SLC5A11	1.9038
PRSS37	0.0
NR5A2	9.2009
NR5A1	4.6435
ZNF389	0.7532
DLX4	2.1465
DLX5	1.2455
DLX6	1.6119
MYD88	10.2114
DLX1	0.7532
DLX2	0.0
DLX3	4.1809
TLX1	5.4878
ACVRL1	7.9042
PACSIN2	10.2271
TFEC	4.7205
SNX16	7.0807
TUBA3D	1.2455
C13orf1	9.2746
SYNPO2	6.9347
ZNF805	7.8236
ERVFRDE1	2.1465
HIST1H2BD	10.2846
HIST1H2BE	4.0675
HIST1H2BF	0.7532
HIST1H2BG	2.9736
SNORD105	0.0
HIST1H2BA	0.0
HIST1H2BB	0.7532
HIST1H2BC	6.8937
HIST1H2BL	0.0
HIST1H2BM	0.0
HIST1H2BN	2.5357
HIST1H2BO	2.5357
HIST1H2BH	0.7532
GATAD1	9.5003
HIST1H2BJ	6.1758
HIST1H2BK	10.7496
SEC23B	10.4507
TMEM160	7.4802
VAV1	5.1406
VAV3	5.2997
ADIPOR1	11.9331
TNFAIP1	11.2939
SLC22A18AS	5.5524
TNFAIP3	10.3633
TNFAIP2	9.9264
RRAD	5.2486
IPO8	9.632
IPO9	10.0612
IPO7	11.0507
IPO4	10.1629
CTAG1B	0.7532
USP44	0.7532
NRBP2	11.1088
NRBP1	11.2253
RTF1	10.0227
DTX3L	10.9661
TFDP2	7.9247
SILV	7.592
PAPL	0.0
GHRHR	0.7532
SDCBP	13.1089
SPANXN4	0.0
FOXN4	4.4307
STARD13	10.412
DCAF8L1	0.0
DCAF8L2	0.0
LOC401397	9.2905
ZNF223	5.2224
LRRC58	9.5447
ZNF521	4.8633
LMBR1	9.9049
RAB8B	9.0818
DEFB106A	0.0
RAB8A	11.08
NR6A1	3.5811
PYHIN1	3.4961
C6orf163	0.7532
C6orf162	7.4333
C6orf165	1.6119
C6orf164	3.0146
C6orf167	4.6825
SCPEP1	9.7777
GAS2L2	1.9038
MGAT5B	1.6119
OR13D1	0.0
REPIN1	11.3784
ARL17B	0.0
ARL17A	5.0875
GABPB2	5.986
PAQR8	7.2784
GABPB1	8.3029
PYGO1	0.7532
PYGO2	10.691
PHYHD1	11.1275
PAQR3	7.4635
MARK3	9.4058
ANKRD34A	4.6033
PAQR4	7.6912
ANKRD34C	0.7532
ANKRD34B	0.0
FERMT2	11.0762
FERMT3	6.9588
HOXB7	4.8968
FERMT1	7.6474
NME2P1	6.902
FADS1	9.9057
?|100134869	3.2057
FADS2	10.9831
CRNKL1	9.5071
FADS6	8.3515
SIL1	11.9957
HCG18	6.8286
SYNGR1	10.6982
WDR92	7.272
SYNGR3	1.2455
SYNGR2	10.5136
HCG11	3.8099
CTDSP1	12.0018
NXT2	8.9973
PRR5L	9.0836
NXT1	7.6375
CTDSP2	12.0171
DGUOK	9.0616
CSE1L	10.0237
RFPL3	0.0
SNTN	0.0
MAK16	7.5349
LOC100128288	3.4961
ACSL3	11.2692
SP8	0.0
PMVK	12.2418
PAQR6	3.7376
PET112L	10.2925
AMZ2P1	6.8601
ACAD10	11.2519
ACAD11	11.8981
AWAT1	0.0
AWAT2	0.0
SAMD8	5.4201
RAGE	5.5097
VWDE	2.3542
C5orf28	7.0734
ZADH2	8.8571
SP9	0.0
C5orf22	8.1151
C5orf23	6.4032
C5orf20	0.7532
PLOD1	13.1063
?|729884	0.0
C5orf24	10.425
C5orf25	9.8045
DNASE2	10.8109
DNASE1	4.1254
GRIN2A	4.3359
C9orf66	1.9038
C9orf64	8.9156
C9orf68	5.2744
C9orf69	10.0977
UQCR10	11.5908
TDRD10	5.3491
KLHDC8B	9.4289
SLC45A4	5.594
KLHDC8A	0.7532
RAD21	12.172
LY6K	5.1406
ANLN	4.384
MYOM2	4.5621
DVWA	0.7532
PTPDC1	5.8033
USP13	9.0727
ALDH6A1	11.864
USP11	9.5657
USP16	9.4474
NR2E1	0.7532
USP14	9.5618
NR2E3	2.1465
SSBP1	9.8987
ZNF878	0.0
SSBP3	9.5552
SSBP2	4.0675
BCL10	8.2737
GSG2	1.9038
INPP1	9.1992
GFI1	3.6615
PSME3	10.4257
IL27RA	6.6097
UNC45A	10.5357
RLTPR	2.1465
UNC45B	1.9038
TMCC3	8.9679
PIGR	13.0771
DUS4L	7.304
TPD52L3	0.0
TAP1	10.2726
SDCCAG8	8.079
CRKL	11.0554
ZCCHC12	4.7575
VAMP2	10.0378
DAND5	0.0
JPH2	3.0944
JPH3	2.6969
JPH1	1.2455
UBAC2	10.3945
JPH4	3.6615
C11orf75	9.292
ZCCHC17	8.5333
TYK2	10.4766
ZNF787	9.9244
ZNF350	7.1589
NOS3	7.8893
SOS1	9.7026
MT1L	4.9297
NCAM1	9.0335
AMZ1	0.7532
AMZ2	9.7097
OR12D3	0.0
BOD1	9.2778
SUPT5H	11.3957
ZC3H8	6.3796
RETN	0.7532
TMEM87B	7.6375
FAM190B	9.3999
RBMY2EP	0.0
SPANXN1	0.0
RPTN	0.0
MT1H	0.0
BRS3	0.0
SH3D19	11.3817
SF3A1	11.0281
ARHGEF10	5.7854
ARHGEF11	10.2114
ARHGEF12	12.106
PPP1R14C	0.7532
SLITRK2	0.0
ARHGEF15	7.4912
ARHGEF16	5.6736
ARHGEF17	7.2132
ARHGEF18	10.086
ARHGEF19	4.384
MOBKL1B	8.0532
MOBKL1A	8.4424
PAPPA	3.2057
FXR1	11.3247
FXR2	9.5407
LOC400927	4.4154
PIK3C2G	6.7632
DHX29	9.6094
ZNF764	7.4635
NEGR1	2.5357
NEUROD6	0.0
CYP4X1	5.6929
SHCBP1	2.9736
SNAP91	0.0
TNKS2	9.6918
SGK1	11.4398
LST1	5.6736
D2HGDH	10.851
TARM1	0.0
MITD1	7.6621
MGC16275	5.1956
CEP76	5.8892
CEP70	9.0782
RHBDD3	9.8188
CEP72	5.5524
RHBDD1	7.9125
ZNF776	7.3589
KLC1	9.3653
KLC2	7.6523
KLC3	2.703
CEP78	6.877
ZNF773	6.5263
ZNF770	10.5095
CDRT1	1.9196
FBXW12	0.0
USP17L2	0.0
FBXW10	3.8788
FBXW11	9.8319
HINFP	8.0078
CCDC142	7.5587
SNORD35A	0.0
SNORD35B	0.0
C14orf43	8.956
GPLD1	9.9851
C14orf45	5.5278
OR2W3	0.0
BAZ2A	9.9378
C14orf49	4.9931
C14orf48	0.7532
OR2W5	0.0
CHCHD2	12.0581
CHCHD3	9.2537
CHCHD1	10.0472
CHCHD6	6.6198
CHCHD7	9.8609
CHCHD4	8.6487
CHCHD5	9.2746
MST4	3.9445
CHCHD8	10.5223
LCTL	0.0
RFK	9.3718
MST1	12.5989
VNN2	3.4056
OVCA2	8.7948
TMTC4	7.6911
VNN3	2.1465
ZNF512	8.5603
ZNF513	8.8825
GDF15	9.1089
ZNF511	8.8665
OR5AR1	0.0
HNMT	12.4191
GDF11	5.3423
GDF10	0.0
TSPYL4	8.5172
DLG1	9.8904
TSPYL6	1.2455
TMTC1	8.4954
TRAPPC2P1	7.0182
TSPYL3	0.0
RPH3AL	8.5226
SAMD14	3.4056
IAPP	3.4961
SLC39A8	10.7023
SLC39A9	11.1727
MSTN	1.6119
HIST2H3D	2.1465
HIST2H3C	2.1465
NBLA00301	0.7532
SAMD12	6.9428
SLC39A2	0.0
SLC39A3	9.1823
SLC39A4	5.0834
SLC39A5	11.9872
SLC39A6	9.0873
FLJ40504	0.7532
RBMY3AP	0.0
WDR18	9.3793
MFSD2B	3.0944
GZMA	5.2224
GZMB	4.9931
GZMM	3.6615
TBL1X	10.2869
MTHFD1L	6.0767
GZMH	5.0239
GZMK	4.7575
MSRB2	11.1697
ZNF26	7.3099
PMS2L3	3.9445
TMX2	10.9005
TKTL1	0.7532
C20orf3	11.9362
VWF	12.5216
C20orf7	7.3223
TKTL2	0.0
ZNF845	4.8968
C20orf4	9.8893
MYH10	10.2646
MAP4K1	4.9297
MYH13	0.0
MYH14	11.868
MYH15	0.0
MYH16	0.0
KIAA0355	8.9953
LOC493754	8.1115
LOC647288	2.9736
RET	1.9038
PEX19	12.3305
MAP4K2	7.7474
REN	5.1406
REL	3.8099
MAP4K5	8.7984
SH3BP1	4.1809
PIK3AP1	10.7041
MAP4K4	11.0921
HMBS	8.8656
SFRS17A	9.7755
CDH17	0.0
KLRG1	4.5196
HARS	10.9859
WNT9B	2.1465
SP6	5.5734
ZNF28	4.2861
GBF1	10.3229
TBC1D3G	4.2345
ZC3H3	10.9103
JTB	11.9278
SLCO4A1	7.6474
MIR155HG	2.3542
NYX	0.0
TMEM225	0.0
SYCP3	0.0
ROM1	5.9703
OR6K3	0.0
OR6K2	0.0
PNMA2	3.4056
DNM1P35	4.9618
PPEF2	1.6119
OR6K6	0.0
PPEF1	2.9736
OR4A15	0.0
WEE2	1.2455
LEF1	7.592
PRPH2	1.9038
LMBRD1	10.5183
SEMA5B	5.0239
FEV	0.0
MTFMT	7.9569
TMEM63C	0.7532
KIAA1598	9.2952
NAA38	8.2283
FLJ40434	0.0
ZMYND17	6.6198
ZDHHC20	5.3491
NAA35	8.0643
NTN3	4.0073
NAA30	9.1
NTN5	4.0073
LOC100169752	0.0
FITM2	7.4063
FITM1	6.1758
IFNA21	0.0
RPS10P7	4.9931
TTTY22	0.0
MIR17HG	3.0944
ATAD2B	7.2591
PLGLA	4.8968
TMEM168	8.1115
GREB1L	5.5734
B4GALNT4	0.0
RBM6	9.5115
RBM5	9.9528
RBM4	9.8921
RBM3	11.0324
B4GALNT1	4.1254
B4GALNT2	0.0
B4GALNT3	5.3246
OR51D1	0.0
OCEL1	10.7076
LOC283314	8.1239
RBM9	10.3128
CAT	14.2603
GMCL1	7.6124
ZBTB25	5.4249
AP1S1	10.4293
AP1S2	7.3589
AP1S3	3.5811
NDE1	6.8531
SNORD24	0.0
VSTM2B	0.0
WWP1	12.8819
CAD	9.2983
PGF	6.12
PGD	10.1639
C20orf118	3.535
PGC	13.5003
SNAR-B2	0.0
SNORA8	7.5213
LOC150786	4.4758
C20orf112	6.579
C20orf111	10.169
C20orf117	5.1956
C20orf114	0.0
DEFA6	0.0
DEFA5	0.0
DEFA4	0.0
PGR	0.7532
PGP	7.9728
POTEH	0.0
POTEG	0.0
POTEF	2.3542
POTEE	0.0
POTED	0.0
IVNS1ABP	11.5154
POTEB	0.0
POTEA	0.0
ASIP	3.7376
C21orf90	1.6119
C21orf91	7.6225
NDUFC2	12.4777
C21orf94	0.0
C21orf96	0.0
C21orf99	0.0
LOC644538	4.1254
BMI1	10.6103
MRS2	8.942
COX4NB	8.5985
SEPSECS	10.4499
ZNF500	7.4352
GPR44	4.3418
GPR45	0.0
SLC45A2	6.6198
LYZL6	0.0
NRP1	11.9324
NBPF14	6.6298
C12orf63	0.0
C12orf62	9.6494
CA9	0.8331
CA8	2.8419
C12orf66	7.8104
C12orf65	8.3147
CA3	1.9038
CA2	11.3181
CA1	2.5357
C12orf68	4.2345
CA7	0.0
CA6	0.0
ARMCX1	5.6143
CA4	9.6245
FUT7	1.6119
FUT6	8.8335
FUT5	3.7376
FUT4	6.8343
FUT3	2.9736
FUT2	2.5357
FUT1	5.443
MAGEA9B	0.0
MAGED4B	1.6119
KRT33A	0.0
FUT9	0.0
FUT8	6.0152
PTMA	12.8989
GHR	10.5836
ATP5J2	11.6291
GSTA5	0.0
SF4	9.0634
RPE65	0.0
GSTA1	11.5222
GSTA2	10.6292
GSTA3	0.7532
SNORD28	0.0
VTCN1	3.0944
MKX	6.6097
NCRNA00099	0.0
NLGN2	8.0193
FBLN2	6.7075
FBLN1	8.4453
NCRNA00094	9.1059
FBLN7	9.1703
NCRNA00092	1.2455
FBLN5	8.1504
ZNF586	5.8554
LOC100132831	0.0
LOC100132832	2.1465
TRAF1	8.5985
NHEG1	0.0
GAN	4.3359
OSBPL6	5.4201
ZNF238	10.7954
DYNLT1	9.622
NIPBL	9.7179
DYNLT3	9.9496
STRAP	10.9946
C1orf84	2.8183
C1orf85	10.7398
C1orf86	9.3188
CBFB	8.8929
NLGN3	3.4056
C1orf83	6.9824
VAMP3	11.1563
GAK	10.7456
PA2G4P4	4.8633
C1orf88	1.9038
C1orf89	6.7992
ZNF234	6.294
TOMM7	11.3396
MDH1	11.5282
STRA8	0.0
SIM1	0.0
STRA6	0.7532
HGC6.3	0.7532
RPL23AP7	4.8968
PEX11A	9.4217
NRG1	3.8788
SIGLEC14	3.4056
PEX11B	10.0914
CGNL1	11.1658
APCDD1L	0.0
SIGLEC11	1.9038
TMEM93	8.9281
GTF2F1	10.4156
KIFC2	9.6958
KIFC3	9.1857
PAFAH1B3	7.7258
KIFC1	4.1254
C10orf125	11.6676
C10orf122	0.0
GH2	0.0
C10orf120	0.0
GTF2F2	8.1187
C10orf129	0.0
C10orf128	3.4961
SFN	7.7791
NLGN1	1.2455
CYLD	9.2714
EID3	3.4961
EID1	11.4844
HCRTR1	0.0
ACTB	15.8211
HCRTR2	0.0
STARD10	14.0351
DMRT1	0.0
DMRT2	0.0
DMRT3	0.0
HSPB7	4.8968
ZXDC	9.7447
PROS1	12.7563
AMAC1L2	0.0
AMAC1L3	0.7532
OR52E4	0.0
HSPB2	4.3807
VAX1	0.0
CRADD	9.4934
NCKAP5L	7.5557
MT1X	13.8104
SUCNR1	6.0767
PPIP5K2	9.2407
PLA2G12B	10.2189
ADAR	12.607
NRGN	4.2861
HSBP1L1	6.0767
MT1M	5.3246
HSFY2	1.2455
ADAL	7.7054
MAP1LC3B	10.5893
IQCA1	3.6615
SF3A3	10.3752
MT1E	9.1874
MT1F	3.4961
MT1G	4.8633
MT1A	8.7325
MT1B	0.0
ZNF185	7.1024
ZNF184	6.3914
ZNF187	6.3677
PKN2	9.4203
ZNF181	8.1008
ZNF180	6.9588
ZNF182	6.1758
TRA2B	11.276
SPI1	7.3828
ZNF189	9.7097
TTPAL	9.6738
TIFA	7.9923
TFCP2L1	3.7376
ZNF25	6.877
ZNF24	10.0237
LYRM1	10.8284
INTS10	9.0671
ZNF20	5.7306
ZNF23	7.4705
ZNF22	9.497
BLVRB	12.6875
BLVRA	6.9185
OR52E8	0.0
GLTPD2	6.8778
GLTPD1	10.7825
EPOR	6.9956
WBP2NL	2.6969
PION	8.2959
SEMA5A	5.8033
SH3TC2	3.8099
SH3TC1	9.1478
ERAS	1.9038
LYNX1	12.4788
SNORA9	0.0
BBS10	8.4706
TRIM77	0.0
BBS12	3.0944
HS6ST1	10.4598
HS6ST2	0.7532
HS6ST3	0.0
SNORA1	0.0
RHOBTB2	7.1244
LUZP1	8.9074
OR1J4	0.0
MYH8	0.0
OR1J1	0.0
SNORA6	0.0
XKRY2	1.2455
UBASH3B	5.0834
LOC143666	5.3968
LOC440461	0.0
MOAP1	8.9778
ZNF239	1.6119
DKFZp566F0947	0.0
UBL4B	3.6615
ZNF236	7.0362
FLJ40330	0.0
UBL4A	10.7176
TCERG1	8.4817
SENP6	9.7573
ZNF230	5.7119
CNBP	12.7212
RNPEP	11.3969
ZNF826	0.7532
SRRM5	4.7325
LOC391322	3.9445
RNF113B	0.0
KRTAP25-1	0.0
RNF113A	9.5044
INTS12	8.8443
INO80E	9.7473
SEMA4G	9.9235
ZDHHC23	6.4492
FAM75C1	0.0
FAM35B	9.1548
CERCAM	4.8633
FAM35A	10.2055
ZNF827	1.6119
RANBP9	9.755
GABRG2	0.0
NAE1	8.678
NCRNA00159	0.0
RANBP1	9.567
RANBP3	9.9516
RANBP2	10.2047
LYRM5	9.8598
ZNF131	8.1293
ST7	9.4277
TXN2	11.644
AGAP1	7.5766
AGAP2	5.6127
AGAP3	10.4098
AGAP4	6.8515
AGAP5	4.1809
AGAP6	5.1956
AGAP7	3.3091
AGAP8	3.6615
TMEM2	12.0726
TSPO	11.5212
TMEM5	7.841
TAF7L	3.9445
RANBP6	9.0616
PDCL2	0.0
ARNT	10.9756
LYRM4	7.8666
TLR2	6.4716
CCL4L2	5.8892
CADM3	0.0
GDPD2	0.0
GDPD3	2.9736
BASP1	5.4201
GDPD1	2.1465
GDPD4	1.9038
GDPD5	7.4802
SLAMF7	5.8383
SLAMF6	4.2345
KCNRG	2.7552
SLAMF1	2.6969
CN5H6.4	1.2455
KRTAP5-4	0.0
TGFB2	6.8343
TBCEL	8.7939
C17orf99	0.0
C17orf98	0.0
KRTAP5-5	0.0
C17orf95	9.1617
OSGEPL1	7.6424
C17orf97	6.998
C17orf96	8.565
C17orf91	6.9902
C17orf90	8.9659
C17orf93	0.0
LOH12CR2	5.4656
FGD6	6.6298
TMEM132D	0.7532
HOXD4	3.5811
F13A1	7.7474
UIMC1	7.8918
FKRP	7.8148
GBAP1	10.2386
LPHN2	7.8104
HDGFRP2	10.3066
HDGFRP3	5.986
KRTAP5-2	0.0
DEFB104A	0.0
C6orf106	12.3195
C6orf105	0.0
KRTAP5-3	0.0
C6orf103	0.0
OR5F1	0.0
ETS2	12.4376
YWHAH	11.2547
ETS1	10.4842
SHPK	8.944
LOC100302650	5.9384
PRR5-ARHGAP8	5.3266
YWHAB	11.5022
FCRL1	0.7532
FCRL2	0.0
FCRL3	3.5811
AQP10	0.7532
AQP11	7.9767
FCRL6	4.1254
YWHAE	12.6512
ZDHHC24	7.5292
SEC61G	10.0189
LOC100134259	2.6969
STAT5A	9.1548
FCRLA	0.7532
CHRM5	0.7532
CHRM4	0.0
CHRM3	2.5357
CHRM2	0.0
CHRM1	0.0
HSPC072	1.2455
HTR1D	2.6969
BEAN	1.9038
MGAT3	3.6615
MGAT5	3.7376
GLRX	10.9458
PABPN1L	0.0
KIAA0652	11.0993
KRTAP10-9	0.0
VTN	16.7166
CHST11	4.384
CHST10	4.6033
CHST13	8.7805
CHST12	7.3769
CHST15	10.1604
CHST14	8.5466
VAMP7	11.1607
TMEM9	11.6758
VAMP8	10.6564
UNC5B	5.5734
ROCK1	9.1548
ROCK2	10.4869
MOSC2	12.0643
MOSC1	9.0945
HTR1B	0.0
MMP8	0.0
MMP9	5.9703
MMP7	4.8968
SLFN5	7.6023
MMP2	7.088
MMP3	0.0
GXYLT1	8.5036
TRAPPC2L	9.653
GXYLT2	2.6969
GNPTAB	8.2609
AMICA1	6.8081
TAPT1	10.7398
AGER	4.5196
PODXL	8.9033
ISPD	5.9222
NGDN	9.1018
CAPRIN2	7.5818
NAIF1	8.3575
CAPRIN1	11.4547
CCNT1	5.443
PLDN	9.7389
CCNT2	8.7578
SEC61B	11.6609
CREBZF	9.4962
BEYLA	0.0
IER5	9.0963
KCNE4	6.3677
LTC4S	3.7272
SLC28A3	0.0
CBFA2T3	6.9428
CBFA2T2	8.0307
IRF2BP2	13.252
IRF2BP1	9.9486
C9orf89	7.7242
PNMA6A	7.7838
C9orf84	0.0
C9orf85	7.5292
C9orf86	8.9992
ZMYM6	8.068
C9orf80	7.1658
C9orf82	9.9446
H3F3B	12.7897
MC1R	6.0732
VRK1	5.7674
FAM92A3	0.0
VRK3	10.1596
PDRG1	8.6313
CRYL1	13.2222
WNK3	6.5155
LRRC6	5.6929
LRRC7	0.0
TXNRD3IT1	8.0001
LRRC1	4.6033
LRRC2	7.9649
LRRC3	8.1608
NR2C2	8.6141
TNIP3	0.7532
LOC134466	1.6119
USP30	10.0556
RFNG	10.9267
USP32	9.3867
USP33	9.5314
USP34	10.2189
SHMT2	12.8155
SHMT1	13.2711
USP37	7.8624
MORN5	0.0
MORN4	6.9824
LOC145845	0.0
MORN1	6.6097
PLD1	6.062
MORN3	0.0
MORN2	8.1151
ST20	6.9482
RPL39L	5.9703
PPFIBP1	8.4622
PPFIBP2	9.0745
RPL23AP64	0.7532
FTHL3	9.2504
APOBEC2	1.2455
APOBEC1	0.0
LDLRAD3	5.2744
TPK1	6.3313
APOBEC4	0.0
UBE2CBP	4.9931
SIRPD	0.0
CSPP1	8.8728
HHIPL1	4.5196
RRP1	9.1617
DOCK8	5.8033
DOCK9	9.8935
MRPL19	10.7129
SCO1	9.5166
DOCK2	6.1057
DOCK3	2.1465
DOCK1	10.2557
DOCK6	9.0184
DOCK7	9.1
DOCK4	9.043
DOCK5	6.1482
SAAL1	6.998
UHRF1BP1	8.0382
TAP2	9.5085
ACSBG1	1.6119
ACSBG2	0.0
TNFRSF12A	9.7619
FAM184A	8.5832
FAM184B	0.0
JUB	9.9141
LOC342346	4.9297
NCRNA00095	2.9736
FLJ41941	0.0
LRRC66	2.9736
HSPH1	12.8961
SLC9A2	0.0
SLC9A3	3.414
LIM2	0.0
PBXIP1	12.292
POLR2K	10.8612
JUN	12.4655
SLC23A3	2.1465
EIF5AL1	10.0303
UCK1	9.7238
JUP	11.652
PLEKHB2	9.8416
SCNN1B	5.7674
SCNN1A	6.5476
FAM98C	8.6512
ARHGEF37	7.6375
FAM98A	9.4503
ARHGEF35	4.0675
PLCB4	4.0675
CYP4Z1	0.0
SPINT3	3.0944
LOC93622	8.1151
SEC13	11.7677
SLAMF8	6.7972
CLEC9A	0.7532
ARHGEF38	0.0
SKINTL	0.7532
MCCC1	10.8246
TWF2	9.5882
GIMAP8	7.4063
C11orf58	11.94
GIMAP4	8.5199
GIMAP5	9.0241
GIMAP6	7.7195
GIMAP7	7.3828
GIMAP1	6.717
GIMAP2	6.9667
SCUBE2	8.0457
SCUBE3	0.7532
SCUBE1	10.228
ESR2	2.6969
CUX1	10.688
JMJD7-PLA2G4B	7.8581
WARS	10.8691
TTTY6B	0.0
ZNF233	2.3542
LOC221122	0.0
RPSAP52	0.7532
RHBDF1	7.5818
RHBDF2	8.7827
ZNF750	2.1465
RPSAP58	12.3813
MYOM3	2.9736
C14orf68	11.6624
MYOM1	6.5995
NDST3	0.7532
EARS2	9.9486
POLA2	7.3589
NDST4	0.0
RPP30	8.205
OR52W1	0.0
C14orf64	2.9736
OR2K2	0.0
LAX1	3.6615
TBX3	12.0719
FBXO2	9.627
FBXO3	9.5287
FBXO4	8.4706
CTNND2	0.0
CTNND1	12.3114
FBXO7	12.3353
FBXO8	9.3202
BCORL1	7.9369
BCORL2	0.7532
A2M	13.3749
KLRF1	3.4056
C18orf21	7.6175
C18orf20	0.0
ZNF536	0.0
C18orf22	8.5857
C18orf25	8.205
OR5AP2	0.0
ZMYND15	4.7936
C18orf26	0.0
LOC643837	8.1399
TLR1	5.3731
NAV3	7.1931
SPHK2	8.4141
SERPINF2	14.9113
NAV2	9.8364
TRUB1	8.95
SLC6A4	4.6825
LOC401010	4.6825
PMS2L1	8.4564
OR5D18	0.0
QSER1	8.2609
TAL1	5.8383
C1orf9	9.2341
TAL2	1.6119
LOH12CR1	7.3161
LIG3	8.7669
SLC44A3	8.5145
SMEK3P	0.0
APEH	11.7597
SNX7	7.1931
TRUB2	10.7287
NT5DC2	8.5541
DBR1	7.7882
CSNK1A1	11.4788
LCE2C	0.0
LCE2B	0.0
LCE2A	0.0
LOC285501	0.0
LCE2D	0.0
PRRT4	3.8788
SASS6	5.594
ATL3	7.8751
ATL2	9.8243
ATL1	6.4937
PRRT2	2.9736
RUSC2	9.2009
GLYATL2	0.0
MEGF9	10.9113
SLAMF9	4.8289
GLYATL3	0.0
C14orf2	10.525
PPIF	11.6971
PPIE	9.5193
C14orf1	11.2812
CCDC85C	9.1224
CCDC85B	8.3545
C14orf4	10.2047
LOC729991	8.0721
KIAA0406	8.9679
RNMTL1	9.3202
YARS	10.0995
C21orf119	7.3709
SNTB2	8.5118
SNTB1	12.7368
SLC5A7	0.0
KIAA0408	5.6151
CORO1B	10.7241
CORO1C	10.527
CORO1A	7.5818
FLJ25328	0.0
RING1	10.3922
SLC5A9	10.0265
MOXD1	5.594
PIN1	9.6604
MID2	9.1232
LHX5	0.0
FNTA	9.1161
DCPS	7.7748
LOC338651	2.6969
RPGRIP1L	4.7936
SMOX	8.108
WASF2	10.3183
TTC32	6.8256
FAS	10.198
FAP	2.8419
FRG1B	7.5452
NPAS3	0.7532
NPAS2	7.8366
NPAS1	2.5357
FAU	13.2129
FAH	12.1584
LLPH	8.7494
HNRNPA2B1	14.0931
TUBB1	3.0944
TRIM9	2.3542
LHX6	4.0675
PDXDC1	11.9309
TTC36	10.267
DCP2	8.2217
TPRXL	0.0
NRF1	8.0532
LOC100233209	1.2455
AMY2A	0.7532
AMY2B	7.476
MYCT1	7.6124
MON1A	8.2414
LOC648691	0.0
PIP5K1C	9.0782
AP4E1	7.2911
LOC441454	0.0
TMEM95	0.0
SLC18A1	0.0
LZIC	8.2801
NOP58	10.0896
MIDN	9.7912
C7orf42	11.2832
NCAPH2	9.9213
SLC47A1	12.6041
TSPAN3	9.908
LOC284100	0.7532
CCL14-CCL15	7.5492
FAM166B	4.8968
C6orf108	10.5745
LOC150185	0.0
C14orf149	8.042
C14orf148	2.3542
PURA	8.1642
TSPAN1	6.4378
PURG	0.0
CFDP1	9.4432
TSPAN6	13.0463
C14orf143	6.2426
C14orf142	8.1538
C14orf145	3.4056
ZMYM5	7.3589
C14orf147	10.6577
TSPAN7	8.1813
HECTD2	6.3914
HECTD3	10.0528
HECTD1	11.1923
MAN2B2	10.4343
TSPAN4	11.7417
TNFRSF14	10.1001
MAN2B1	10.8289
TSPAN5	8.8529
PPP1R12B	8.2833
CCS	11.375
LZTFL1	8.8677
CCDC28B	5.2744
CCDC28A	10.3557
CCK	0.0
TMIGD2	2.3542
ADAD1	0.0
ADAD2	3.8632
NXN	8.8888
SNX20	3.4
FSTL4	0.7532
FSTL5	0.0
FSTL3	8.5413
FSTL1	10.9113
OR6M1	0.0
C7orf4	0.0
SLC41A1	7.1727
PDE7B	5.7491
FLII	11.0549
TDP2	10.3398
PIP	0.0
PIR	8.7984
NKX6-1	0.0
LRRC37A	7.2396
LRRC37B	4.384
TNP1	0.0
KCTD13	7.6523
COG8	9.0555
KCTD12	8.5226
COG3	10.4062
COG2	9.2439
COG1	9.3462
COG7	8.4954
COG6	8.1222
COG5	8.6446
COG4	10.7542
C12orf49	7.9042
C12orf48	3.9445
KCTD10	9.7956
IGHMBP2	8.5571
TLR7	3.2057
C12orf41	8.3844
C12orf40	0.0
C12orf43	7.7382
C12orf42	1.9038
C12orf45	7.841
C12orf44	9.8757
C12orf47	7.6564
BARHL2	0.0
ERC1	9.3186
NFAT5	8.7371
KCNMB3	3.8788
KCNMB2	0.0
PNCK	1.2455
DPY19L2P2	1.9038
ZNF830	8.4537
FCRL4	0.0
KCTD14	7.3223
GSK3A	9.9375
HORMAD1	0.7532
FCRL5	0.7532
UBD	9.3763
MSTO1	9.7664
UBB	14.9713
UBC	15.6745
ZNF835	2.3542
CFTR	1.6119
SNORA69	0.0
ANKRD52	9.0708
ANKRD53	3.4056
ANKRD50	8.7114
KRTAP10-4	0.0
ANKRD56	8.5386
ANKRD57	11.3713
ANKRD54	9.1232
ANKRD55	3.3091
ANKRD58	0.7532
POC5	6.0913
ZNF658	4.7575
ZNF449	7.0144
SNORA64	0.0
AKR1A1	12.0673
EPT1	10.6927
RAMP3	8.5439
MAT2A	10.9995
NPRL3	9.5112
HEG1	8.6213
KBTBD7	6.8256
AMH	3.2057
KBTBD5	0.0
KBTBD4	8.0706
KBTBD3	6.1894
KBTBD2	9.043
AMN	11.4698
SSNA1	10.0103
MEFV	3.4961
KBTBD8	4.8633
RAD51L1	6.537
NR4A2	5.4878
GUCY1A3	6.5686
GUCY1A2	3.7376
PCBP2	13.3006
PCBP3	2.1465
NR4A3	7.0362
RNF220	9.8075
GFRA1	12.2435
MYST2	9.3538
MYST3	8.6995
LZTS2	9.0011
AMT	11.1489
LZTS1	5.4201
SIRT3	10.5887
C1QL1	4.7205
C1QL2	0.7532
C1QL3	4.0073
C1QL4	1.2455
RASL11B	1.9038
RASL11A	8.1642
SIRT4	6.12
MED30	8.2083
MED31	7.1646
NHSL1	9.1823
NHSL2	3.5811
CARD16	5.6929
RSRC1	6.9428
PAK1IP1	8.1469
SERAC1	6.7263
WDR25	8.0606
NPIPL3	7.778
C10orf140	6.2556
FAM57B	2.1465
LOC100128542	2.8419
FAM57A	5.1123
ZMYM3	9.9375
MGAT1	12.4534
PHAX	8.7555
MGAT2	10.8229
RBM26	8.3393
RBM27	8.9197
RBM24	8.3814
RBM25	9.1891
RBM22	9.4188
HECW1	4.2345
HECW2	6.8168
FMO9P	0.0
RNF216L	7.1793
HRCT1	8.8867
HIST3H2A	0.7532
SCN7A	2.8419
RFWD2	9.8275
RFWD3	7.4802
EPHA8	0.0
EPHA7	1.6119
EPHA6	0.0
EPHA5	0.0
EPHA4	4.9931
EPHA3	5.2486
EPHA2	7.9449
EPHA1	6.0767
RSL24D1	10.417
SLC22A25	4.9618
PDCD1LG2	4.4307
PSMA3	10.5176
RASD2	5.1123
FLJ11235	4.1254
COL29A1	0.0
ZMYM1	6.5995
PBOV1	0.0
RASD1	9.9793
OR6C76	0.0
HSP90AB2P	6.0169
TMEM30B	9.1267
OR4S1	0.0
OR4S2	0.0
TRMT6	7.9369
FGF19	1.9038
FGF18	1.2455
KDM6A	8.661
KDM6B	8.8529
FGF13	10.1827
FGF12	5.3731
FGF11	4.0675
FGF10	0.0
FGF17	2.1465
FGF16	0.0
RFPL1	2.4405
FGF14	5.6929
RASSF3	5.0834
SLC20A2	10.6448
UGCG	6.5581
PPP2R2D	8.5934
SRP68	10.8087
ZGLP1	4.4767
COL9A2	3.3091
COL9A3	4.8633
COL9A1	0.7532
CC2D2A	6.3677
CC2D2B	0.0
FLJ39739	2.1465
KIAA1407	5.7854
LIMD2	6.4921
VAMP5	11.2057
MNAT1	7.7335
RNU11	0.0
USP18	7.1795
RNF150	1.6119
VAMP4	8.7894
SEMA3A	0.7532
SLC25A35	5.0205
GLB1L2	2.5357
GLB1L3	0.0
SEMA3E	0.0
SEMA3D	3.7376
SEMA3G	8.5172
SEMA3F	8.942
PAPPA2	3.7376
STYXL1	9.5513
SFRS5	11.5692
TNFRSF18	2.8419
MESTIT1	0.0
SYCP2L	0.0
ARHGAP11A	5.9058
ARHGAP11B	1.2455
GLT6D1	0.0
SLC25A31	0.0
RAPGEF5	8.9856
GLP2R	0.0
OR5AC2	0.0
ARL9	0.0
OXNAD1	8.9895
SLC25A33	10.0472
ARL1	10.7718
ZNF250	7.629
ARL3	8.744
ARL2	8.7624
EIF5A	12.5271
ZNF254	7.4934
ZNF257	0.0
ARL6	5.054
MTERF	7.1309
CRCT1	0.0
RRM2	6.6496
RRM1	9.8945
P2RY2	6.12
ZC3H12A	7.2132
ZC3H12B	0.7532
ZC3H12C	8.0863
ZC3H12D	3.0944
ZCCHC14	9.8747
DERA	10.336
TRADD	9.0069
SEMA6B	8.0643
LOC399959	7.5184
TMEM183A	10.0179
SLC25A38	9.9744
ZBTB42	7.949
TH	0.0
TF	18.1388
MYEOV2	9.2553
TLK2	8.431
KCNJ13	1.2455
KCNJ12	2.6969
KCNJ11	5.3491
KCNJ10	1.9038
TFAM	8.7532
KCNJ16	7.5452
KCNJ15	6.902
KCNJ14	4.384
MLXIPL	12.9824
TXNL1	10.1937
FAM35B2	7.4691
SART3	9.7889
PNLIP	0.0
TMX4	9.9436
ANKAR	4.8633
AR	10.646
TMX1	9.992
PI15	9.3155
TMX3	8.0039
NAGA	10.802
TPTE2P1	0.0
NAGK	9.3882
C20orf85	0.0
C1QTNF8	0.0
C1QTNF9	3.474
CYP4A11	14.7965
OR2M1P	0.0
SNORD49A	0.0
GPR148	0.0
C1QTNF2	2.3542
C1QTNF3	12.8433
FOLH1B	8.3695
C1QTNF1	8.068
C1QTNF6	9.4643
C1QTNF7	0.7532
C1QTNF4	2.5357
OR56B1	0.0
CREB3L2	10.4918
CREB3L3	12.5365
CYP3A5	10.6466
CREB3L1	6.0767
CREB3L4	9.522
FAM175A	6.8266
CARTPT	0.7532
MMP1	1.6119
THBS4	10.5317
VDAC3	9.5206
C17orf73	0.0
C17orf72	4.5537
C17orf71	8.9738
C17orf70	10.0132
C17orf77	0.0
C17orf76	2.8419
C17orf75	7.5292
C17orf74	0.0
PPAPDC3	2.6969
OTX1	2.1465
C17orf79	9.1975
C17orf78	0.0
SLC6A1	11.4295
PRB4	0.0
THBS3	9.6495
MFAP5	4.7575
MFAP4	6.7541
MFAP3	9.3124
IGSF10	4.5621
MFAP1	9.4289
TMEM90B	0.7532
OTX2	0.0
VDAC2	10.1904
KIAA0090	9.3077
OR2L8	0.0
C6orf125	9.4347
C6orf124	5.1684
C6orf127	0.0
C6orf126	0.0
C6orf120	9.8329
C6orf123	5.4656
C6orf122	5.7438
C3orf1	10.1085
ZPBP	0.0
PLEKHM3	7.841
NDUFB8	12.0448
CDC42SE2	9.3248
PVRL3	7.3223
CDC42SE1	10.1593
PVRL2	10.8076
OR5AK2	0.0
NDUFB6	10.6286
HEBP1	10.9692
HEBP2	10.0941
HBS1L	10.0741
VAC14	9.7675
LOC646851	1.9038
TMEM186	8.8072
NDUFB4	11.0428
SPNS2	8.6616
FLJ35024	1.9038
THAP1	7.0586
AHCYL2	8.5064
ID2B	2.9736
GEMIN8	8.3393
NDUFB2	11.4259
IWS1	9.4174
APRT	11.4291
ZFYVE20	9.2357
RPS6KL1	7.5184
WBSCR27	6.0471
FDPSL2A	0.7532
SNTG1	8.1187
GYPA	0.0
GYPB	0.0
GYPC	8.1881
MANSC1	7.8192
GYPE	0.0
SLC17A9	8.9319
C19orf53	10.843
C19orf52	8.0899
C19orf51	5.1406
C19orf50	10.15
C19orf57	5.8209
C19orf56	11.3243
C19orf55	4.2861
C19orf54	7.7289
LECT1	1.6119
C19orf59	2.1465
LECT2	10.8601
SNAP29	10.6009
ATF7IP2	7.7611
TRPV1	8.1608
C22orf9	10.1526
C11orf49	7.021
PRR11	0.0
PRR16	3.5811
PRR14	9.1992
LACTB	10.0397
C11orf40	0.0
C11orf41	1.2455
C11orf42	0.0
PRR19	2.9289
C11orf45	2.5357
C11orf46	8.4137
TNFSF13	8.2589
RASA4P	4.0073
TNFSF11	2.3542
TAS2R5	1.6119
DIRAS1	2.1465
DIRAS3	4.8633
DIRAS2	7.2656
LMO4	9.8275
TNFSF18	0.7532
TAS2R3	0.0
PUM2	11.0234
LOC100129387	7.7694
SFXN4	9.0873
PUM1	10.5667
SFXN2	10.2139
SFXN3	6.8081
RAD1	8.2083
SFXN1	11.4698
CRYBA2	0.7532
CRYBA1	0.0
LMO7	11.152
CRYBA4	0.7532
CCT8	11.5279
RWDD2A	6.9746
C4orf42	9.0727
CCT2	11.138
CCT3	13.1448
SH2D4B	3.6615
CIDEB	12.4282
CCT7	12.0396
CCT4	11.8315
CCT5	11.1808
TIMM16	8.163
TAX1BP3	9.2032
C3orf45	0.0
NAALADL1	3.2057
TIMM10	10.1254
STAG3	7.1749
C4orf47	2.1465
OPCML	2.3542
SUV39H2	7.1589
C4orf46	5.6143
ARL13B	7.0511
ARL13A	0.0
STAG1	8.2775
SPOPL	8.3301
NAP1L2	2.5357
PECAM1	10.2806
TRPV2	6.062
MC3R	0.0
MSX2P1	0.7532
PCGF3	8.7371
RAET1K	0.0
CDK5RAP2	10.6886
AKTIP	8.244
SUGT1	9.5433
SNORD102	0.0
C16orf53	9.9624
BMS1P5	5.4201
BMS1P4	3.6615
FAM50B	9.1
SP110	8.1151
LOC645676	4.3968
RPL23AP82	6.7652
FAM50A	11.4913
ZNF654	7.9806
TUBGCP6	9.6132
GFM1	10.4286
GFM2	10.0713
COL22A1	0.7532
ZC3H4	9.7002
ZC3H6	7.4294
RIPPLY1	8.2453
RIMKLB	7.3883
USMG5	11.0206
TRPC4AP	10.4379
CYP2J2	11.6851
FLJ45244	6.9588
CIDEA	0.0
MARCH2	9.8757
CROT	6.8343
NPHS1	0.0
UHMK1	8.5064
THOC2	9.7342
SLC4A5	4.384
SLC4A4	11.3888
SLC4A7	8.1044
SLC4A1	2.9736
SLC35F5	9.4072
SLC4A3	0.0
SLC4A2	11.3099
DCTN2	10.6348
DCTN3	10.2662
NUP88	9.5622
CLCA1	0.0
DCTN6	8.4509
SLC4A8	1.6119
CLCA4	0.0
DCTN5	8.954
RPS4Y2	0.0
KCMF1	9.9812
ASPG	0.0
FAM186B	5.594
ASPA	6.0169
FAM186A	2.9736
LOC100130331	0.7532
CIITA	7.088
ASPN	6.9266
KRBA2	4.8968
ASPH	12.648
WFDC10B	0.0
SLC35F4	0.7532
CHMP4A	9.7104
ERC2	1.2455
ZC3HAV1	9.9871
TAF7	11.1301
CHMP4C	8.785
OSCP1	6.9347
VANGL1	7.1589
PREP	9.3493
FAM96A	11.1969
NMT2	10.8037
CYP20A1	8.6011
FAM86B2	0.7532
FAM86B1	3.2057
TAF4	8.1399
MXRA5	4.4758
BPHL	11.6755
OR14A16	0.0
ARPM1	8.0936
MXRA8	5.9222
UBE2V2	10.6783
RNF26	9.9929
RNF20	10.1604
ZNF732	1.6119
CMBL	12.6179
H3F3C	7.5345
ZNF880	2.1465
LOC55908	9.2618
VANGL2	2.5357
ZNF735	0.0
UBIAD1	9.446
LSP1	8.4108
C1GALT1C1	9.653
ZBTB17	8.8825
SSTR1	9.125
SSTR3	0.0
C10orf88	6.8685
SLC43A1	12.0148
PHTF2	7.0057
A2ML1	0.0
ARG1	7.9207
CLEC18C	1.6119
ARG2	7.4605
TMEM203	10.0575
ANKRD45	0.7532
TOX	2.5357
PCID2	8.4734
IGSF8	12.961
IGSF9	8.5413
ANKRD44	4.384
SNORD115-14	0.0
HMOX1	10.2972
IGSF6	5.4201
CER1	0.0
IGSF1	1.2455
IGSF3	7.0437
CTNNB1	13.1159
AQP5	2.8419
TMEM50A	11.0339
C15orf56	0.0
MYOC	0.0
ZSCAN4	0.0
HMOX2	11.6131
CYS1	2.3542
C10orf81	0.0
ANKRD40	9.7504
C18orf45	5.6929
LARS2	9.0088
TRAK1	9.2341
TMEM41A	9.2521
SLC34A3	1.9038
ANKRD42	7.7101
RAE1	9.1686
LRRC4	1.9038
CNOT8	9.6457
ERAL1	10.3089
NHS	3.6615
PRNT	0.0
CNOT3	9.6494
CNOT2	9.3926
CNOT1	11.021
C15orf50	0.0
CNOT7	9.2159
APOL2	11.1714
APOL1	12.5565
CNOT4	8.536
ITGB1	12.8601
NOS1	6.877
ITGB3	4.8751
HCG9	0.0
ITGB5	11.1944
ITGB4	6.7357
ITGB7	8.4789
ITGB6	0.0
ITGB8	4.2861
DDX11L2	3.0944
SRC	9.9466
BUD31	10.098
YARS2	8.2544
SLC37A1	7.0734
ATN1	10.3572
SCXB	2.8419
LIX1	0.0
LCP2	7.2462
LCP1	9.4159
PMPCB	11.4113
GNB1L	6.8852
TNIP2	10.0122
SLC37A4	11.9609
USP39	9.3417
LCE4A	0.0
KRTAP12-3	0.0
RNF40	10.9363
MYO6	9.1634
NR2C1	8.2016
RPP14	9.6665
PLAC2	1.2455
KCNA10	0.0
EAPP	9.6665
AICDA	0.0
ZNF498	7.3346
C21orf130	0.7532
C21orf131	0.0
ORAOV1	6.8081
PASD1	0.0
GNPDA2	6.902
GNPDA1	8.8006
MAT1A	15.5538
SULF2	8.528
MAN1B1	10.7622
SEC14L5	3.9445
OR5M9	0.0
GJB7	0.0
SCARNA6	0.7532
GCM1	3.2057
RASAL3	5.5734
GCM2	0.0
URGCP	9.5696
EGF	0.0
C6orf191	0.0
LBP	13.014
LBR	10.2734
SLC30A2	8.4021
C6orf192	7.0134
ST5	9.6978
RAN	11.1868
ZFP112	5.0834
FGR	6.6885
USP35	9.0222
SEC14L4	8.3991
SLC12A4	9.8584
SLC12A7	11.4413
NEO1	8.6313
SLC12A1	9.882
TDRD5	0.0
SLC12A3	0.0
OR5M3	0.0
LBH	7.2784
FGG	18.3746
SLC12A9	8.8656
FGA	19.3535
FGB	18.2584
VWCE	9.5826
IMP3	10.6423
MRVI1	5.5734
OR5M1	0.0
EXT2	10.0759
EXT1	11.7846
IMP5	0.0
ATP1B4	0.0
ACIN1	10.4591
ATP1B2	4.2345
ATP1B3	9.5057
ATP1B1	12.4832
TFB1M	8.1813
LY96	5.2997
RBM12B	7.896
TESK1	9.5273
TESK2	6.998
ZAK	9.0707
LOC91316	6.0189
PSMC3	11.6378
PLD2	8.5226
NCRNA00113	0.0
PCA3	0.0
NOS1AP	7.5238
LOC645332	6.9508
PLD3	12.2206
ZNF132	5.5312
FAM164C	5.8724
FAM164A	5.3491
FAM113A	9.9325
C14orf169	7.8496
C14orf167	9.1931
ALDH5A1	12.1154
C14orf165	0.0
BSPH1	0.0
OSBP	11.841
C14orf162	1.9038
TCTA	11.1341
SNX3	11.9945
SNX2	10.4521
SNX1	11.6291
OCM	0.7532
SNX6	9.4503
RAB1B	11.9133
SNX4	10.0265
RPL27A	13.3983
SNX8	7.9329
VWC2	0.0
TRMT1	9.1772
CASD1	8.2641
XPO6	10.0491
OXER1	8.7532
CCDC127	8.709
CCDC126	7.3346
CCDC125	8.4566
CCDC124	10.4372
CCDC123	6.7723
CCDC122	4.8633
CCDC121	7.1239
CCDC120	7.4466
CEL	6.7903
TIMELESS	9.1874
SNHG7	8.8183
CCDC129	0.0
ZIK1	1.6119
ITPKA	2.3542
ITPKC	9.1548
ITPKB	7.8581
SNORD115-16	0.0
RNF219	7.128
MGEA5	11.4544
L1TD1	0.0
PHKG2	9.1338
NRTN	6.3914
ITPK1	10.5823
ORAI3	10.3886
SNORA70B	0.0
ORAI1	10.2089
POM121L12	0.0
LGALS12	2.5357
STH	0.0
LOC221442	2.5357
RAG1AP1	10.6116
TSIX	0.0
ZNF672	10.3027
OPN1LW	0.0
DLAT	10.2337
UHRF1BP1L	9.2999
C12orf29	8.7877
ZNF343	8.042
C12orf27	5.8383
C12orf26	6.0015
C12orf24	5.8209
C12orf23	10.0658
TUBB2C	11.6624
TMED2	12.9112
HIST3H3	0.0
RNASEH2A	7.8835
CEP170	8.3575
RNASEH2B	8.565
SNHG9	7.138
COMTD1	9.2601
KIAA0284	9.5152
MAOB	13.5335
MAOA	13.6765
DTYMK	8.4224
NEIL3	1.6119
NEIL2	7.949
MSTO2P	5.2369
HNRNPR	10.5926
MMP28	4.2861
MUT	10.7639
PIWIL4	4.8633
PIWIL3	0.0
PIWIL2	3.0944
CHAD	9.3523
MED28	9.1161
CLYBL	9.8045
NCRNA00051	0.0
AHI1	6.7632
FABP6	0.0
FABP7	0.7532
FABP4	11.7486
FABP5	5.9058
FABP2	0.7532
FABP3	5.2486
CHAT	0.0
FABP1	13.2631
AKR1C4	13.6457
GABRA4	0.0
MESP2	2.3542
GABRA6	0.0
GABRA1	0.0
AKR1C1	14.0608
AKR1C2	12.6674
AKR1C3	11.8002
ZNF771	6.1621
FKSG29	0.0
MMP26	0.0
SNCAIP	4.4758
ZNF530	4.5621
SPDYA	3.1917
MTERFD3	8.8699
SPDYC	6.4378
CENPC1	7.513
WHAMML2	3.9445
C1QBP	10.5708
MTERFD2	7.6023
?|57714	6.8515
ITFG1	10.7217
GRIA3	8.8507
HNRNPL	11.4778
DNMBP	9.6793
ENAH	10.3183
ASL	11.8113
ATP6V0B	11.2274
ATP6V0C	11.8584
GRIA1	0.7532
UFM1	10.2533
SEPW1	9.4389
GKN1	0.0
GKN2	0.0
KIF26A	4.6033
COL5A2	10.464
COL5A3	12.5699
COL5A1	7.7242
CENPM	5.6541
GRIA4	0.0
LAMP1	13.3322
TCF25	11.1208
NAT15	11.236
EP300	10.376
DUT	11.5679
NAT10	9.4921
TAAR5	0.0
PDCD5	9.8232
TAAR1	0.0
LOC388692	5.6929
ANUBL1	7.5504
FAM55D	0.0
HNRNPD	11.0187
TAAR9	0.0
FAM55A	0.0
ALDH2	14.9206
FAM55C	5.5942
C18orf2	1.6119
C18orf1	6.7813
NEU4	11.4607
SEPT9	12.3496
NPFF	4.0675
RCE1	7.1863
LENG9	8.0355
LENG8	10.4248
C18orf8	8.1768
ATP5F1	12.0413
LOC92249	9.2439
UQCR11	11.9681
ARMS2	0.0
SPANXA2	0.0
SCN9A	3.8788
RPRD1A	8.8846
STOM	13.611
CXorf38	6.877
RPRD1B	10.4793
SNORD30	0.0
TRIM3	8.1813
SEPT4	11.2592
CXorf30	0.0
SNORD31	0.0
CXorf36	8.6828
OPRL1	3.6615
PRUNE	9.9605
COQ4	10.8054
GABARAPL1	12.7471
ASAH1	10.0472
ASAH2	4.2345
GABARAPL2	10.5115
KLKP1	2.6969
PRR3	7.5484
PRR4	3.824
PRR5	10.3113
HSP90AB4P	0.0
PRR7	4.6033
DVL2	8.8464
DVL3	10.2213
ABCB1	12.4518
DVL1	10.6626
ABCB7	10.1094
ABCB6	10.5401
ABCB5	6.4378
ABCB4	12.9231
MED18	8.6512
MED19	7.592
ABCB9	6.1052
ABCB8	10.654
JSRP1	3.2057
SLC9A4	0.0
NLRC4	3.5811
EEF1A1P9	12.6674
SLC9A5	2.1465
SYDE2	2.8419
PSME4	10.5095
PSME2	12.2113
PLEKHA1	10.0093
PSME1	12.3269
ZNF69	6.12
MTSS1	12.7754
HMGA1	9.1687
SLC9A1	7.3223
SNORD115-10	0.0
BAI1	0.7532
BAI2	2.1465
BAI3	1.2455
UBAP2L	11.0517
TOPBP1	8.2479
OR6C2	0.0
RSPRY1	8.4537
SUPT7L	9.6011
OR6C1	0.0
TLX2	0.0
TLX3	0.0
PVRIG	4.7205
ADH1C	15.7105
ADH1B	18.0545
ADH1A	12.7018
CLEC4GP1	0.0
SERPINF1	14.7554
HCK	6.3914
TNRC18	10.8807
ARFGEF1	10.6654
DNLZ	6.8685
APOC1P1	9.8023
ARFGEF2	10.5758
KIAA1704	7.9654
KIAA1257	0.7532
SLC9A8	9.2537
MLEC	13.8109
LIN7C	9.9861
SLC9A9	5.3731
LOC645431	1.9326
TGM3	3.6615
CYP2W1	3.9445
SLC30A8	0.0
PSMC3IP	4.4525
SLC30A4	3.4056
SLC30A7	9.5735
SLC30A6	6.9103
SLC30A1	9.9141
LOC647859	0.0
SLC30A3	1.9038
FURIN	10.9267
ASPDH	11.8394
PLA2G4C	7.7566
EML2	8.9797
BTN1A1	0.0
GADD45B	12.0335
EML1	6.4604
EML6	5.6929
LOC344967	1.2455
EML4	11.3559
EML5	4.384
SCNN1D	8.1399
ZYG11B	11.0038
TAGLN2	13.1949
GJD4	1.6119
GJD3	5.6829
GJD2	0.0
ADM2	6.6496
SPEF1	1.6119
HLA-DPB1	10.393
HLA-DPB2	0.0
SPEF2	5.7119
CETP	9.7607
SFRS3	11.5652
SCN1A	0.7532
NARS2	9.6345
BZRAP1	7.1998
OR2D3	0.0
OCM2	0.0
NUPL1	8.95
NUPL2	8.1187
KAAG1	3.3319
MIPOL1	4.7575
GMPR	9.522
GMPS	9.7202
RSPO3	0.7532
RSPO2	7.4522
RSPO1	0.0
CNN1	6.9266
CNN3	12.0335
CNN2	10.3841
RXFP2	0.0
DHODH	9.1496
ZSCAN29	8.0344
ZNF273	3.3091
ZNF300	3.2057
SUGT1L1	4.7728
ZNF277	9.3523
SNORD18B	0.0
ZNF275	10.2638
NCAPH	4.6033
DKFZP434L187	0.0
SCARNA23	0.0
CHAC1	5.6736
TM7SF2	11.4241
KCNV2	0.0
KCNV1	0.0
SNTA1	9.1232
SPANXN5	0.0
MMP23A	0.0
FAM98B	6.8429
TSG1	0.0
LRRC46	2.8419
PLCB2	5.6344
XKR8	7.9084
CIAO1	10.9776
NOP10	10.4343
ITGA10	3.4056
ITGA11	4.8633
EXOC3L2	6.6692
NOP16	8.805
PARP8	6.062
EIF5B	10.5061
CTXN1	4.0675
CTXN2	0.0
ARHGEF33	1.2455
CCKBR	0.0
OR2A9P	2.8419
STK35	9.6119
MAML2	5.1956
MAML3	8.0269
MAML1	9.0376
NONO	13.4711
MARCH8	8.962
IL28RA	7.7474
DPYS	14.7248
TRPM8	9.2504
TP53TG3B	0.0
TRPM4	9.0963
TRPM5	0.0
TRPM6	4.7936
TMEM171	3.9445
USP17L6P	0.0
TRPM1	0.0
LOC100128822	6.8081
TRPM3	6.1621
SULT1C3	0.0
SULT1C2	4.0073
TUBB8	0.7532
METRN	10.1183
TUBB6	8.8037
TUBB4	9.4474
TUBB3	6.5395
METTL1	8.5199
HERC1	9.4188
HERC3	8.405
HERC2	9.2504
HERC5	7.9649
HERC4	9.6604
HERC6	6.4716
C19orf71	2.5357
C19orf70	10.4986
C19orf73	5.6541
APTX	9.1992
C19orf75	0.0
APOLD1	11.2162
C19orf77	2.8419
C19orf76	3.4056
ZFYVE28	7.0807
FLJ22536	2.3542
SH3BGRL3	10.4062
SH3BGRL2	11.0554
PEX5L	0.0
DKFZp761E198	7.6124
PSMB9	8.7325
NYNRIN	10.0676
C17orf59	8.3665
C17orf58	7.9609
C11orf68	9.9783
SLCO2B1	12.1949
C17orf51	7.3407
C11orf67	8.7114
C11orf64	0.0
C11orf65	4.0675
C17orf55	7.8751
C17orf54	0.0
C17orf57	3.9218
C17orf56	8.3492
EIF3C	6.2739
TNFSF4	5.6736
C9orf16	10.4835
MKNK2	12.4994
LCLAT1	8.946
MKNK1	8.8909
ADRA2A	2.5357
OLFM3	0.0
CCR1	6.1621
CCR2	5.1956
CCR3	0.0
CCR4	1.9038
CCR5	4.9931
CDSN	2.1465
CCR7	4.6435
CCR8	1.2455
CCR9	0.0
BCAS4	7.8366
STK39	8.952
BCAS2	9.6504
BCAS3	10.1656
LOC151174	1.2455
BCAS1	0.7532
DRAM1	7.6815
TUSC1	7.9923
DRAM2	9.3248
PABPC1L	8.1677
CD81	14.7426
CD80	2.3542
CD83	8.4224
CD82	9.4783
CD84	4.0675
CD86	5.8209
ABCC6P1	8.5172
ABCC6P2	8.3545
LOC402377	0.0
TM4SF4	12.7564
LOC284441	5.1684
LOC284440	7.0362
SLC8A3	1.9038
SLC8A2	0.0
BCL7C	9.2259
BCL7B	9.675
BCL7A	8.7827
ZBED1	10.8776
ZBED2	0.7532
ZBED3	8.4622
BNIP3L	9.2983
TMEM135	9.6978
RPE	8.9782
LOC149134	1.9038
SCP2	14.2798
EFNA5	0.0
EFNA4	8.2641
EFNA3	6.0169
EFNA2	5.3246
EFNA1	13.412
SEMA4F	6.1057
SEC1	1.9038
STAU1	12.3988
TM4SF5	9.9254
ZNF562	7.7657
CD8A	5.5312
CD8B	3.5811
SLC28A2	4.4307
OSBP2	4.4307
LRP2	5.2997
LRP3	10.7094
GALNT14	3.8788
LRP1	14.1274
GALNT12	1.9038
GALNT13	0.0
GALNT10	7.4912
GALNT11	9.3837
CDS1	2.1465
CDS2	9.9763
ESR1	9.882
OR51L1	0.0
SSH2	7.3529
RUNX3	6.0767
HLA-DOA	6.9824
HLA-DOB	2.9736
NFATC1	6.12
LOC554202	0.0
CALR3	2.5357
HARS2	9.7308
CLCC1	9.2596
STIM2	8.1044
ANTXR1	6.7992
SNORA29	0.0
ANTXR2	9.3583
LIMK2	9.0763
CCDC74B	0.0
CCDC74A	0.0
LIMK1	6.7813
S100P	4.4758
SSH3	8.6338
OR51S1	0.0
MAP2	7.953
C1orf189	0.0
C8B	12.9646
TBCCD1	8.0827
MAP6	5.2744
MAP7	9.6543
CRIPAK	7.806
C8G	12.6301
C1orf180	0.0
TEAD2	8.7417
C1orf182	4.7205
C1orf183	5.4201
C1orf185	0.0
C1orf186	3.7376
C1orf187	0.0
PTPN22	2.9736
FAM180A	7.5869
FAM180B	2.3542
PTPN21	8.6438
PLEKHF1	9.4989
WFS1	10.1263
PLEKHF2	9.3371
BRI3	10.5156
CXorf49B	0.7532
CHIT1	7.2331
MRPL18	10.4869
?|728045	0.0
APEX1	11.5439
APEX2	9.3248
RPL37A	14.3061
OVOL2	0.0
SERPINI1	7.4746
PPY	0.0
SPOCD1	1.2455
FANK1	0.7532
RAB37	9.5044
ESRRG	9.4573
ESRRA	11.0062
MRPS6	9.7052
ESRRB	0.0
CLDN23	8.2896
CLDN22	0.0
CYP4V2	11.4466
CLDN20	0.0
CLDN25	0.0
CLEC11A	5.1406
IL28B	0.0
IL28A	0.0
TMEM208	10.6808
DYNC1H1	11.4621
EPHA10	1.6119
TIE1	9.481
ZNF718	4.7575
DMRTA2	0.0
THG1L	7.066
ZNF716	0.0
DMRTA1	8.7348
RFC4	7.1795
EBPL	11.7927
ZNF860	0.7532
ZNF713	3.3091
NFAM1	6.2029
BASE	0.0
TOM1L2	9.1857
MAPT	6.0913
ANTXRL	0.0
HLA-DQA1	7.3887
HLA-DQA2	6.9667
VPS33A	9.2394
ASB10	0.0
ASB11	0.0
ASB12	0.0
ASB13	11.7899
C14orf21	8.1151
ASB15	0.0
C14orf23	0.0
ASB17	0.0
ASB18	0.0
NME1-NME2	6.792
YIF1A	11.1463
C14orf28	7.3649
DHCR7	11.507
CASP10	7.2396
OR4K15	0.0
CASP12	1.2455
AFG3L2	10.2977
CASP14	0.0
TATDN3	9.026
SERPINB9	6.8168
FAM5B	1.2455
TATDN2	10.051
TROVE2	10.0905
C18orf62	0.0
LOC401052	4.7936
XPOT	10.0397
NBEAL2	7.5292
AVIL	5.1684
TCHHL1	0.0
LRP1B	0.0
ZFP2	4.6033
OR4K14	0.0
GNB2L1	14.2644
ANKMY1	8.2928
ANKMY2	8.7872
TLE2	7.8624
MYCBP2	9.5139
SERPINB8	4.8633
PTBP2	7.2396
PTBP1	12.2615
NNT	12.5303
TYW1B	6.7723
DOK7	6.1758
FAM19A4	0.0
FAM19A5	0.0
FAM19A2	4.7205
FAM19A3	0.0
FAM19A1	0.7532
HK2	7.2462
HK3	4.6435
ZBTB6	7.3887
HK1	8.0344
TUSC3	5.3246
CACNG3	0.0
CT62	0.0
ZNF445	8.2414
CACNA2D2	1.9038
CACNA2D3	7.2656
ATP2B3	4.4758
CACNA2D1	1.2455
ATP2B4	11.0876
CACNA2D4	4.0073
VSIG1	0.7532
FDPS	12.0896
YWHAZ	13.0208
MTCH1	11.5643
GPR160	5.5734
MLC1	1.9038
ZNF80	0.0
CACNG4	9.6233
TFPI2	5.5524
MSRA	8.7555
SUPT4H1	10.332
TBX1	0.0
ZWILCH	6.6198
XRN1	9.0523
CYP27C1	2.5357
NR1I2	10.7276
TBX6	5.6541
C6orf225	6.8081
TNF	0.0
FBXO5	6.3677
BATF	5.3731
LOC100130264	0.0
TRIM6	5.4201
FBXO6	8.7184
LOC148413	9.5312
PABPC1	15.0736
MACF1	11.1944
LOC653786	2.9736
PABPC5	0.0
PHLPP2	7.6603
FBXO9	10.2288
DQX1	0.0
EED	7.6863
MAPKAPK5	8.5041
TSSK6	6.12
MAPKAPK3	8.327
MAPKAPK2	11.8496
PDHX	9.6613
ZFHX4	8.6755
ZNF804A	0.0
GOLPH3	11.7201
LOC400891	0.0
PIK3R5	6.3677
PIK3R4	9.2553
PIK3R3	9.3882
PIK3R2	10.0321
PIK3R1	12.5177
CTNNBL1	11.3702
ZNF107	4.1809
PDHB	10.6589
FAM83H	12.1543
LOC286367	3.6615
ZNF235	5.2271
PTPRN2	6.5995
TMEM38A	7.3223
PDIA4	12.783
TIAL1	9.8757
SLC10A2	0.0
OR4A5	0.0
C15orf5	0.0
C15orf2	0.0
PMFBP1	3.7376
LOC643763	0.7532
NAIP	4.384
HACE1	6.2813
HEXIM1	9.9958
DENND5B	9.1669
DENND5A	9.5539
HEXIM2	7.8776
PTCRA	2.1465
CATSPER2P1	5.5228
ELFN1	9.2192
LOC284632	0.0
ARMCX6	4.8289
ZNF532	6.1758
LRRC18	0.0
LRRC19	1.2455
AQP7P3	5.5312
LRRC17	4.1809
AQP7P1	8.4678
LRRC15	1.9038
LRRC10	0.0
LOC284798	0.0
C14orf105	8.2316
C14orf104	8.964
BAT5	10.6632
C14orf106	6.4148
C14orf101	7.752
BAT2	11.3177
BAT1	11.5953
C14orf102	8.0863
CRLS1	12.8854
RAB3C	0.7532
OR10J1	0.0
C14orf109	7.4635
AASDHPPT	9.5864
SMEK2	10.8197
ARMCX5	8.565
XCL1	1.2455
LOC730811	0.0
TOMM40L	9.3255
RAB3A	5.9703
ATP8B5P	5.1956
TMEM202	1.6119
OR7E91P	0.0
IDS	10.9478
RRS1	10.4372
ARMC6	9.5954
RBKS	9.0298
NFATC3	9.1391
GLIPR1L1	0.0
GLIPR1L2	4.6033
CDRT15P	1.6119
TNFAIP8L3	5.6929
IDE	8.6828
ZNF204P	2.5357
LRG1	13.429
NCAM2	0.0
TNFAIP8L2	4.0073
CCDC101	8.5226
FAHD2B	0.7532
CCDC103	5.0834
ARMC5	9.6233
CCDC105	0.0
CCDC104	8.3991
CCDC107	10.0746
CGN	10.7112
CGA	0.7532
CCDC108	2.5357
HIATL2	4.384
CGB	0.0
BICD2	9.0855
POLD1	8.7231
POLD2	11.1323
LOC641298	3.4543
POLD4	11.3146
RPRM	1.2455
PML	10.1254
REEP3	8.5806
REEP2	0.7532
DLC1	9.7641
ARMCX3	7.1239
PI4KAP2	7.1998
REEP6	10.5842
CECR1	8.9299
CECR2	6.2685
FUBP1	9.2601
CECR4	2.9736
CECR5	10.3542
CECR6	1.9038
CECR7	0.7532
NUB1	10.5945
ARL6IP6	7.5504
ARL6IP5	11.2939
ARL6IP4	12.2723
TLR4	8.3484
ARL6IP1	12.4103
CHRNA4	0.0
CHRNA5	5.6344
CHRNA6	0.0
CHRNA7	0.0
FER	4.7936
CHRNA1	3.0944
CHRNA2	0.7532
CHRNA3	2.5357
SAV1	10.2806
ARMCX2	4.8633
USF2	11.3262
CHRNA9	0.0
MAPK8IP2	7.2784
MAPK8IP3	8.5519
MT1DP	3.6615
CEP152	4.5621
DICER1	9.7202
PLAC1L	0.0
ID4	4.384
TLR5	4.9297
ID2	11.145
ID3	8.2316
ID1	7.7474
TIGD3	5.8554
LOC100302401	4.4913
SLFNL1	2.3542
?|652919	0.0
HP1BP3	10.8686
FAM18B2	7.6375
CPAMD8	5.8724
CHGB	0.0
SNORD26	0.0
TCF7L2	9.693
NCRNA00032	0.7532
OR10AD1	0.0
MSN	13.3463
LENEP	0.0
LEPREL2	4.384
LEPREL1	7.145
TIGD2	7.9084
NECAB3	8.5091
COL20A1	0.0
LOC100268168	2.5357
OPLAH	12.2396
SEC31A	12.0336
XBP1	13.666
UBOX5	8.1949
ANKRD5	6.7357
ANKRD6	6.7738
ANKRD7	0.0
ZNF846	6.2685
ANKRD1	6.1482
ANKRD2	1.6119
AQR	9.043
ANKRD9	5.9545
BCMO1	3.5811
AHDC1	8.3991
GLI3	2.6969
GLI1	3.4961
TFIP11	10.5114
AQP12B	0.0
AQP12A	0.0
FSHR	0.0
DISP1	9.6641
MPPE1	8.69
DISP2	3.5811
YME1L1	11.3851
TMEM145	3.0944
PEF1	11.0268
GDNF	3.9445
LONP2	11.3142
COL8A2	3.4056
COL8A1	6.4263
HNRNPA1L2	10.7954
PDGFD	7.9767
TSGA14	6.9103
HCCS	8.4817
MTMR8	0.7532
GTF2E2	7.7566
SPATA3	0.7532
DMKN	3.4056
UBA7	10.2105
SPATA2	8.7208
SPATA1	1.2455
SNORD114-7	0.0
RCC1	6.6188
RCC2	9.7945
TLR9	3.7092
LPHN1	7.5452
SPATA7	6.877
ATPBD4	6.717
SPATA6	5.1684
CWH43	1.2455
RDBP	10.4463
SIGLEC8	3.4056
CD5L	6.4827
NBL1	8.2184
FOLR4	0.0
DNM1L	9.526
LETMD1	10.6305
SIGLEC7	3.4961
FOLR1	5.8892
FOLR2	7.7382
FOLR3	1.2455
DUOXA1	0.0
RANGRF	5.4226
DUOXA2	0.0
SFRS2IP	10.6723
FHIT	8.9238
KRTAP1-1	1.2455
HSPA2	7.7101
ZNF70	5.1956
PROCA1	5.6736
FTMT	0.0
TRAM1L1	1.9038
LAPTM5	9.8481
B2M	15.8424
HSPA7	8.5806
WHSC1L1	7.8453
FLJ42393	0.0
HSPA6	14.3243
HSFX2	4.9931
HSPA5	14.2509
NR0B2	9.0981
NR0B1	0.0
HSPA4	11.6344
PTPLA	1.6119
NT5DC3	8.405
TBC1D22A	9.2159
HRSP12	13.254
RPSA	12.3026
SPTLC2	9.6738
SPTLC3	9.4418
DRAP1	10.7241
ABCD1	9.7284
ABCD3	12.0003
ABCD2	5.1406
RARS2	9.239
ABCD4	9.9162
C2CD3	7.3709
C2CD2	8.816
KRTAP1-3	0.0
HSPA8	14.443
ZNF43	3.0944
SIRPA	10.0151
LOC100131496	2.8419
TOM1	11.8312
SIGLEC5	3.0944
TUBD1	6.6496
TMEM19	9.2126
RRBP1	13.2355
TRAPPC9	10.9786
PI3	0.0
LIN52	6.3556
SPANXC	0.0
TRAPPC1	10.3797
TRAPPC3	10.05
TRAPPC2	7.9884
TRAPPC5	9.8715
TRAPPC4	8.6755
PRPH	0.0
BAK1	7.4691
PPAN-P2RY11	0.0
SIM2	4.7205
TMEM129	10.4293
SBSN	0.7532
CSN2	7.2396
CSN3	6.0471
RHBG	12.0476
PPP1R14A	6.4716
UTS2D	1.9038
KRTAP1-5	0.0
ZNF232	6.5476
KIAA1274	5.7119
PRRT1	3.3091
ST6GALNAC3	6.12
ZC4H2	6.12
KIAA1279	8.5253
TSNAXIP1	5.2744
PDCD10	8.6561
PRRT3	5.443
PFN1	12.9078
CYP2U1	7.513
LILRB5	7.066
ATPIF1	11.7759
C15orf17	8.7137
LILRB2	5.7119
LILRB1	4.4758
DGAT1	10.9603
KIR2DS4	1.6119
DGAT2	11.3392
TNFRSF21	10.1076
MTCP1	3.874
PSMG4	7.7793
TBC1D10B	8.9856
GRAP2	6.7075
ABCA17P	2.5357
PSMG1	8.6731
PSMG2	9.0298
PSMG3	8.6188
RRN3P3	3.9744
KSR1	7.9042
KSR2	4.3359
TIMM17B	9.3371
DSEL	6.6397
SLC35D3	0.0
PPIH	7.8148
GRAPL	1.422
GATAD2B	9.3325
C20orf43	10.9423
NRK	0.7532
C20orf46	5.7854
CNTFR	1.6119
TACR3	0.0
TACR2	4.1254
TACR1	2.1465
DIMT1L	8.0494
KCNH5	0.0
KCNH4	1.2455
KCNH7	0.0
KCNH6	0.0
KCNH1	2.1465
KCNH3	1.9038
KCNH2	1.6119
PPIC	9.2585
KCNH8	0.0
PPIB	13.6718
SNORD45C	0.0
LOC388789	9.7956
C9orf119	9.0241
OR5T2	0.0
CCDC85A	5.8033
SERBP1	12.9019
SNORD111B	0.0
MRPL53	10.2176
C9orf110	1.9038
C9orf117	1.2455
C9orf116	7.2462
C9orf114	9.3407
LOC731779	0.0
PNMA5	0.0
SLC28A1	9.8651
NUP133	9.6031
PRNP	10.876
LIN37	7.5484
KIAA0586	7.5292
FOXM1	5.6363
ZER1	9.3598
NDUFAF3	10.7786
FKTN	8.1222
OR2H2	0.0
OR2H1	0.0
URB2	7.8148
WBSCR22	10.3237
GDAP2	8.205
GDAP1	6.7813
LOC285735	0.0
ZSWIM6	7.3468
ZDHHC21	4.9931
LOC285733	10.2606
LRRC70	5.3912
DNALI1	8.5118
GCSH	6.4937
ZSWIM7	7.9256
LOC100130557	5.6543
AP3D1	11.6263
PTTG1	4.5196
ZSWIM1	7.1795
LOC340357	0.0
ILDR2	0.0
ILDR1	0.7532
SNORD18A	0.0
FAM71E1	5.6627
FAM71E2	0.0
MEIS3P1	5.986
SULT1A1	10.9568
OSTalpha	11.5492
SULT1A2	6.3677
BARX2	0.0
RBBP7	10.3565
CABYR	1.9038
BARX1	0.0
IL3RA	7.561
NOL8	9.0011
CHTF18	8.0717
C19orf18	2.5357
NOL4	0.0
NOL7	9.1125
NOL6	9.7037
OLIG2	0.0
C19orf12	10.312
NOL3	9.2666
C19orf10	11.3788
TTTY2	0.0
NIPSNAP1	13.1822
OR9I1	0.0
TTTY6	0.0
TTTY7	0.0
FAM156A	8.4224
TTTY5	0.0
USP1	8.956
TMEM52	7.3346
TTTY8	0.0
KRTAP9-8	0.0
DCAKD	9.7833
TMEM53	9.4675
TMEM70	11.1186
TNFSF9	3.6615
CLPTM1	12.5115
C17orf39	8.5909
RAB7L1	9.8078
C17orf37	9.7002
LOC145783	5.3527
CDC40	9.1958
CDC42	11.8515
NEK10	4.3359
KRTAP9-9	0.0
TAS2R13	0.0
NADSYN1	9.0011
TECR	11.3806
PGLYRP3	0.0
PGLYRP2	9.1617
PGLYRP1	0.7532
ACRV1	0.0
PDDC1	9.9556
CHAF1B	4.0073
VCY	0.0
BIN1	10.1254
BIN3	8.2928
BIN2	5.5524
RGS22	1.2455
RGS21	0.0
RGS20	0.0
DPYD	9.6966
SNORA36C	0.0
UBTF	11.1576
PIPSL	8.5172
CDCA2	0.7532
CDCA3	3.4961
YLPM1	9.4246
CDCA7	4.0675
CDCA4	6.6298
CDCA5	6.3677
CDCA8	4.2861
MID1	8.6585
GFAP	2.5357
UTS2	0.0
RADIL	3.0944
FAM108C1	8.3665
XYLT1	7.1239
METAP1	9.2666
METTL11B	0.0
ZNF717	5.3246
RSF1	8.5091
TTTY20	0.0
VPS53	9.0945
OR2Z1	0.0
OAF	13.2939
KCNF1	0.0
PLB1	3.5811
SLC31A1	11.9395
MUC4	0.7532
PCDH18	3.3091
SASH1	9.4797
CT47A7	0.0
CT47A6	0.0
TCL1A	0.7532
PCDH19	2.1465
CT47A2	0.0
CT47A1	0.0
ZSCAN12P1	3.5811
FLJ10213	1.6119
RG9MTD3	6.1057
CYB5A	13.7027
CT47A9	0.0
RALB	9.2325
TMLHE	8.776
SNORD109B	0.0
TFEB	8.936
ZFAND2B	9.7156
POU3F3	1.6119
SS18L2	8.5754
NBPF22P	0.0
TP53TG1	8.4537
IGDCC3	0.7532
DMRTC1B	0.0
TMEM63A	10.3337
HLA-DMA	10.1192
PCK2	14.4421
RRP7B	5.3731
NPAS4	0.0
SYTL1	4.3359
SYTL3	4.9297
SYTL2	5.3731
OR51Q1	0.0
FADS3	8.6438
POMT1	9.7366
SPRED2	9.7687
PTHLH	2.6969
OR10K2	0.0
OR10K1	0.0
OR10G4	0.0
RNU6ATAC	0.0
ZNF652	9.9172
OR10G3	0.0
KIR3DP1	0.0
OR10G2	0.0
WDFY1	9.755
LOC100272217	5.5312
LOC100272216	0.7532
ASTL	0.0
KRT73	1.2455
FAM182B	3.8099
PRL	0.0
FAM182A	0.0
PLEKHH3	8.5702
PLEKHH2	3.4961
PLEKHH1	5.0916
RELT	5.2486
ESRP2	9.7979
ESRP1	0.0
PPP1R2P9	0.0
RELN	10.888
RELB	7.8496
NANOS1	7.138
HDGF	13.1798
PRX	7.1658
ZMPSTE24	10.5906
MRPL36	8.8888
CRISPLD2	7.7838
CRISPLD1	0.0
ATM	8.8971
MRPL32	10.1673
MRPL33	9.2472
MRPL30	9.5475
PTRH2	9.1391
CLEC17A	0.0
SNORD45B	0.0
ZNF550	7.4466
PTH2R	1.6119
MRPL38	10.6837
CYYR1	8.0307
FAM69C	0.0
ESX1	0.0
FAM69A	6.7075
FAM92B	0.0
KLK4	10.0179
DMRTC1	0.0
DMRTC2	0.0
KLK7	0.0
KLK8	0.0
KLK9	0.0
THOC1	7.4063
THOC7	9.4643
THOC6	8.8693
THOC5	8.9797
PRRG1	8.3844
PRRG2	5.6736
TTTY23	0.0
SNORD45A	0.0
SOX9	8.4927
ZNF670	3.8788
RHBDL2	2.9736
RHBDL3	7.9125
LOC144486	1.6119
RHBDL1	6.2685
PARP16	8.785
TRIM6-TRIM34	0.0
HSD3B7	10.7317
FLJ42709	7.0057
HSD3B1	4.6825
HSD3B2	2.1465
MTRR	9.4741
LOC100129034	10.9575
ADAM32	0.7532
YWHAG	12.0965
CD300A	7.0586
WHSC2	8.9738
CD300E	0.0
CLUAP1	8.0293
FOXP3	4.6351
COPS8	9.5138
FOXP1	10.0141
RCCD1	8.1538
ADAM30	0.0
FOXP4	10.6116
MSL3	8.0899
COPS2	10.5861
COPS3	9.5193
SAA4	11.011
COPS6	11.0149
NUP85	8.956
COPS4	9.4559
COPS5	11.5662
YTHDF3	12.0271
PPOX	9.2857
YTHDF1	10.3722
ZNF596	4.5196
MDGA1	7.1519
GTSF1	0.0
ZNF595	6.3796
ZNF598	9.8286
PARP11	6.877
TMEM72	0.0
MYCN	2.5357
KIAA0802	4.6435
SREBF1	10.2321
PLCH2	5.5097
SPOP	10.2097
TKT	12.4396
PLCH1	3.8788
VEZF1	9.5526
SHOX2	1.2455
NLK	8.4872
FDFT1	11.0674
FAM135A	7.1239
FAM135B	3.7376
NLN	8.8571
IGF2	12.568
?|100130426	0.0
IGF1	10.4228
DLD	11.365
TMED5	11.8866
NUDT1	6.4827
NUDT2	9.2226
NUDT3	8.0717
NUDT4	10.1307
NUDT5	10.3792
NUDT6	9.7142
NUDT7	9.0241
TFPI	12.4197
TWSG1	8.1915
SEPN1	10.0537
PVR	10.8564
TK2	10.6116
OR2B11	0.0
SNORA81	0.7532
PHLDB1	8.2959
COL16A1	4.9931
PHLDB3	9.0745
NTHL1	9.3673
LARS	10.1552
OR2M4	0.0
SST	0.0
ZNF628	7.3649
FLJ42875	3.9445
MAL	3.4961
CYP27A1	13.5393
MEF2B	5.012
MEF2A	9.7701
FETUB	8.4281
DDRGK1	11.5249
TP53BP1	7.8453
MSLN	2.1465
FBXL20	7.2847
FBXL21	2.8529
FBXL22	4.2538
LOC100286844	4.1197
EPHX1	16.947
EPHX2	11.68
ARGFXP2	0.0
EPHX4	0.7532
ZNF333	5.9222
ZNF330	9.9958
FAM168A	6.8854
TEX15	0.0
RPLP2	13.3229
NSL1	9.1107
RPLP0	14.937
TEX11	0.0
TEX10	7.6718
PEBP4	4.8633
CD300LG	9.6043
CD300LF	4.1809
SLCO1B1	11.6633
CD300LD	0.0
CD300LB	2.3542
SGSM3	10.163
MALAT1	8.9018
LRRC3B	5.5097
RSC1A1	8.6638
ECD	9.1496
SFRS1	11.5924
NOTCH2NL	9.2566
SLC7A5P1	1.2455
LOC100133893	0.0
NFKBIB	9.3248
LOC157627	0.0
CIB2	3.5811
CIB3	0.7532
MAPKSP1	9.3279
CIB1	11.511
PRIMA1	6.4263
CIB4	0.0
THYN1	9.5735
TTC3	11.3921
HBXIP	10.5169
SLC7A5P2	2.446
TTC29	0.0
ARID3A	4.9618
CG030	2.8419
EVC	8.3709
NTF4	0.0
MTMR12	9.6043
MTMR11	10.1682
LOC285830	5.5237
UGDH	11.2323
CELSR3	4.8289
ARID3C	3.8099
CELSR1	9.0279
RABL2B	7.6948
KIAA1045	1.2455
PTCHD2	1.2455
PTCHD1	0.0
BBX	9.4838
NEK6	10.5996
LOC200030	9.6592
CXADR	9.5526
C14orf129	8.5832
C14orf128	6.4148
SUPT3H	4.6825
MFSD10	8.205
LRRC30	0.0
LRRC31	0.0
LRRC32	9.2889
LRRC33	5.6929
LRRC34	4.384
C14orf126	7.9994
LRRC36	2.5357
LY6G5B	4.1254
MFN2	11.4515
MFN1	8.2016
NUDT9	9.4587
ZNF33B	8.5009
FAM166A	5.0557
FAM117A	8.528
FAM117B	6.2556
PATL1	9.8694
THTPA	8.5934
NAA50	10.7188
MAD2L2	9.675
RPS26P11	0.7532
FAM9A	0.7532
SVIL	9.4781
KTN1	11.912
TCEB3	11.0902
TCEB2	11.6366
TCEB1	10.8462
IQSEC1	11.6026
C20orf191	0.0
C20orf197	1.6119
BMPER	0.7532
C20orf195	0.0
C20orf194	6.8937
CLCNKA	4.1254
C20orf199	10.1802
CLCNKB	0.7532
LRP2BP	5.3968
OR5D13	0.0
FAM90A1	1.6119
IQSEC2	5.8892
FAM90A7	0.0
SERPINA3	16.5147
PURB	9.4545
VPREB1	0.0
CCDC160	0.0
KRTAP6-3	0.0
KRTAP6-2	0.0
KRTAP6-1	0.0
OR5D14	0.0
SATB1	5.9545
RIC3	1.9038
OXSR1	9.2618
OR5D16	0.0
ST3GAL3	9.2825
ST3GAL2	9.5044
ST3GAL1	12.6125
SGPP1	9.4657
ST3GAL6	10.8451
ST3GAL5	8.7872
ST3GAL4	9.9783
C7orf28A	9.2698
NINJ1	10.9312
NINJ2	5.172
C7orf28B	7.7289
GALNS	8.1983
ZNF451	9.1339
SNORD15B	0.7532
NEK2	3.4056
NPSR1	0.0
ATF6B	10.6832
SNORA74B	0.0
TJAP1	9.2553
SLC16A9	3.4056
MAGEA12	1.2455
CYP7B1	9.8736
MAGEA10	0.0
OSBPL8	9.2042
SLC16A1	11.9723
TUFM	13.1865
SLC16A3	8.5333
SLC16A2	12.3471
SLC16A5	4.384
NPY2R	0.0
SLC16A7	6.2813
CEP135	4.7205
ARHGAP30	6.9347
ARHGAP31	7.9207
ARHGAP32	8.8614
ARHGAP33	5.9222
BCKDHB	10.203
ARHGAP36	0.0
BCKDHA	12.1289
WIPF3	5.1123
ARHGAP39	7.2591
WIPF1	7.5869
CMKLR1	6.0015
LOC100132111	3.8788
MON1B	8.8677
FLJ43390	0.0
ZNF836	5.8209
DYNLL1	11.467
LYVE1	7.2974
DYNLL2	10.6522
PRDM5	2.3542
KHDC1	0.0
UQCRQ	13.9046
SNORD114-22	0.0
SNORD114-23	0.0
RBM4B	8.4108
PIBF1	6.877
SNORD114-26	0.0
SNORD114-27	0.0
SNORD114-24	0.0
SNORD114-25	0.0
SNORD114-28	0.0
LOC647946	1.2455
UQCRB	13.596
SNORA53	1.2455
CACNA1H	7.3407
CACNA1I	9.7561
GPS2	9.7962
SNORA52	0.0
CACNA1A	1.2455
CACNA1B	0.0
CACNA1C	5.6344
CACNA1D	5.2997
CACNA1E	0.0
CACNA1F	1.2455
CACNA1G	1.2455
PTAFR	2.6969
SPINLW1	0.0
LYPLA1	11.7422
ATP6V0D2	3.5811
ATP6V0D1	10.9428
CACNA1S	1.2455
TTN	5.1623
FCAR	1.2455
FLCN	9.6677
SFRP4	5.9384
KIF19	2.8419
BMP8A	3.4961
BMP8B	3.0944
PRDM7	2.1465
HOTAIR	0.0
SNORD115-41	0.0
BGLAP	5.8233
PHB2	12.3065
SNORD115-40	0.0
SLC15A2	2.5357
COIL	8.431
SLC15A1	3.4961
TOR2A	8.0193
P2RX6P	0.0
CARHSP1	10.8479
RBM41	7.9884
RBM42	10.886
RBM43	7.1024
RBM44	2.3542
RBM45	6.8515
CDY1B	0.0
RBM47	9.3417
LLGL1	7.1239
PQBP1	9.9059
TMOD1	9.9648
TTC15	9.4432
SLC22A16	1.6119
TTC17	10.0832
OAT	11.989
RP9P	6.7357
TTC13	7.5345
SLC22A17	3.8099
TTC19	9.8881
QRFPR	1.6119
C4orf29	6.9902
PRDM1	6.2685
EPGN	0.0
FAM48A	7.7604
C4orf21	5.2224
C3orf65	0.0
C4orf23	7.513
C3orf67	5.3491
LOC144742	1.2455
C3orf62	7.1239
C3orf63	9.7433
S100A11	11.2535
SLC31A2	9.7845
ZFP92	1.2455
ZFP90	8.0193
ZFP91	10.208
ZNF839	8.1008
PDIK1L	8.324
RICTOR	8.4396
S100A13	10.3633
LMO1	1.6119
PPM1G	10.7633
PPM1F	9.6616
PPM1E	1.669
PPM1D	7.4579
ABCF3	10.4279
ABCF2	9.637
ABCF1	10.5562
RNF148	1.2455
EGR2	5.2224
C4BPA	15.4662
C4BPB	13.1521
EGR1	11.5396
PPM1K	6.6298
PPM1J	4.384
EGR4	0.0
PPM1H	7.752
RTN4RL1	6.5476
FLJ33630	7.2396
PJA1	8.3454
LOC728643	5.9222
LOC728640	4.9931
PJA2	11.3461
CHEK2	6.7903
LMO2	7.1024
CHEK1	7.4579
DALRD3	8.9719
UPF3B	8.5702
INF2	11.306
NSMCE2	9.5152
PRKAB1	10.8473
SIKE1	9.0336
LIN28B	0.0
PAX5	2.1465
PAX4	0.0
PAX7	0.0
PAX6	5.8209
PAX1	0.0
PAX3	0.0
KPRP	0.0
PCDHA10	2.3867
AHCYL1	12.4043
PCDHA12	0.0
PCDHA13	0.0
PAX9	0.7532
PAX8	6.4716
PTPN5	1.6119
PTPN4	7.2265
GINS2	5.5312
GINS3	5.3246
GINS1	5.1956
PROK1	4.2861
GINS4	4.8633
BTF3	12.5775
DDR2	4.4758
PLD4	2.3542
DDR1	7.7289
BARHL1	0.0
LRCH4	9.0011
GRK6	8.4927
NNMT	12.3232
LRCH1	8.7301
LRCH2	3.4961
GRK7	0.7532
MBD3L1	0.0
MBD3L2	0.0
MBD3L5	0.0
PTDSS1	11.7566
AGBL5	9.1959
AGBL4	1.6119
AGBL3	2.9736
AGBL2	3.3091
AGBL1	0.0
PLD5	0.7532
UBE3C	10.6311
C15orf39	8.2544
C15orf38	7.804
ALG10B	6.8256
ARRB2	8.7301
SNORD1A	0.0
SNORD1B	0.0
ARRB1	6.6692
CHCHD10	11.6691
SUSD2	6.1758
ADPRH	6.6298
C15orf32	0.0
C15orf34	5.6344
C15orf37	8.2359
ADI1	14.7867
CNTD2	1.6119
PILRA	5.3731
PLD6	6.1758
SNAP25	3.4961
ZEB1	9.1828
GPNMB	9.5774
SLC7A13	0.0
PSMA2	11.5573
AKAP8L	9.6094
C9	8.4108
PSMA1	10.9946
PSMA6	11.0683
PSMA7	11.7526
OBSL1	11.414
PSMA5	11.0149
C3	17.2028
C2	13.7977
PSMA8	0.0
DSG1	10.0556
C7	9.0448
C6	12.2739
C5	13.5584
CEMP1	8.7726
FBXO45	8.0717
FBXO44	9.5354
FBXO47	0.0
FBXO46	8.6707
FBXO41	3.4961
FBXO40	0.0
FBXO43	4.5196
FBXO42	9.4879
EIF2C4	7.1795
DCDC2B	0.0
EIF2C1	9.1548
FBXO48	4.2345
EIF2C3	6.3796
EIF2C2	8.0494
VEPH1	7.021
SNRPB2	9.4531
EXPH5	8.6852
ADIG	4.5621
DET1	6.877
RPS6KA4	8.8762
CP	13.9677
RMND5A	11.2466
RMND5B	9.0467
NRBF2	9.8034
KCNJ3	1.9038
KCNJ2	4.384
KCNJ1	0.7532
SFRP1	3.6615
SNORD10	0.0
KCNJ6	4.9931
KCNJ5	4.9931
KCNJ4	5.9384
LOC729991-MEF2B	5.6127
KCNJ9	0.0
KCNJ8	12.0432
SNORD19	0.0
NRADDP	0.7532
C9orf131	0.0
AGPAT6	11.3924
AGPAT5	8.0001
AGPAT4	4.7205
C9orf135	0.0
AGPAT2	10.5088
AGPAT1	11.5751
COL1A1	10.0741
C9orf139	1.6119
RCSD1	6.7813
KIAA1217	9.3763
KIAA1210	0.7532
KIAA1211	2.6969
AGPAT9	7.5022
MCL1	13.8187
ZNF788	3.4056
OR2J2	0.0
OR2J3	0.0
CMYA5	5.8209
FOXO3	11.0688
SDHC	12.9037
FOXO1	10.4192
LACRT	0.0
PPP2R1B	11.0067
FOXO4	9.8089
NIP7	8.7805
PEX10	9.5777
PEX13	10.0887
PEX12	8.7509
TMEM158	4.384
ANGEL2	9.1356
ANGEL1	8.4396
PEX16	10.0189
CDC37L1	10.1861
TCIRG1	10.5457
AP3B2	0.0
TFRC	10.4507
FRAT1	8.6876
PCDHB12	3.5811
NUF2	2.1465
UNCX	0.0
TGIF2LX	0.0
ZNF518B	5.5097
ODC1	10.1404
FLJ23867	3.9445
UBXN6	11.442
PIAS1	9.9121
SPAG4	7.1309
TMEM195	11.3877
AADAT	6.3435
SIGIRR	11.0921
FLI1	7.6225
ZNF518A	8.1538
ANXA8L2	4.5621
C19orf35	2.3542
C19orf34	0.0
LOC201651	6.8515
C19orf36	5.6143
C19orf30	0.0
C19orf33	3.8814
EPCAM	2.5357
PGA3	0.0
C19orf39	6.8168
C19orf38	5.8383
FAM154A	3.4961
KLHL6	6.3313
VCX3A	0.7532
FAM154B	2.3542
PPP1CB	11.9061
PPP1CC	10.5424
KLHL7	8.4537
MPPED1	6.7723
C11orf20	1.2455
C11orf21	1.9038
KLHL4	2.1465
C11orf24	10.259
C22orf25	9.4087
DCST1	0.0
COL6A1	11.3732
WBP2	12.0931
COL6A3	9.6592
COL6A2	10.2614
POM121	10.8037
RFXANK	8.906
COL6A6	0.0
WAPAL	9.9605
KLK12	0.0
KLK13	0.0
KLK10	0.0
KLK11	0.0
NDUFAF4	8.5832
METTL2A	7.8793
KLK14	0.0
KLK15	3.6615
GPR22	0.0
FAM71D	4.6033
FAM71B	0.0
FAM71C	0.0
FAM71A	0.0
ZNF625	3.9445
TRH	0.0
GPR20	1.2455
OGG1	8.9344
SPAG1	6.2163
C3orf33	6.0913
GPR21	1.2455
ALLC	0.0
C3orf32	0.7532
VSIG10	8.6876
GPR26	0.0
SESN3	6.1342
C3orf31	7.0362
GPR27	0.0
DENND3	7.6767
RWDD4A	8.2609
SLC34A2	4.1254
OR2AE1	0.0
LOC100130148	1.6119
C3orf37	9.5735
PPP1R16B	5.2744
GPR25	0.7532
PLLP	6.9266
BLNK	7.9884
EIF3CL	14.1134
KCNMB1	3.5811
NOXA1	7.4237
AOX2P	3.3091
UAP1L1	5.6344
ORC5L	8.4253
ARHGDIA	12.0967
OR9G4	0.0
USH1C	10.8728
KIAA1841	4.5621
MORF4	0.0
UBR1	8.6011
PRMT7	9.0523
NUCB1	14.0048
HSDL1	8.5598
HSDL2	12.9371
KCNMB4	3.5811
SOCS5	8.4622
SOCS4	7.9001
CALN1	0.0
SOCS6	8.9856
SOCS1	5.3246
SRPR	12.4539
SOCS3	10.1895
SOCS2	9.7108
PPP2CA	11.0085
PACSIN1	4.2861
LOC646214	5.2224
CCNY	12.0715
LOC728819	0.7532
SCD5	3.6615
ZNF626	5.5312
CCNF	4.8633
TARP	2.5357
CCNC	10.4386
SPINK9	0.7532
PFN3	0.0
CCNO	3.7376
CCNH	9.0322
CCNI	10.9108
CCL3L1	4.4307
CCNK	9.3575
PACS2	9.0927
PCM1	9.8757
TBRG4	10.5047
RBM7	8.8699
GREM1	5.7306
ZNF705A	0.0
ZNF804B	0.0
NCKAP5	5.2486
GSK3B	9.4893
LYSMD1	8.5466
IL1R2	8.938
FLJ10357	11.0656
PTN	2.1465
SNORD115-37	0.0
JMY	9.4713
LRRK1	4.8289
LRRK2	5.3491
PTH	0.0
PLEKHJ1	9.6543
ABHD15	8.8464
DHH	0.7532
ABHD10	10.2565
ABHD11	7.2591
ABHD12	10.228
ABHD13	8.1538
TRO	7.2265
MAEA	9.8976
SCML2	5.1956
NGRN	11.0777
SLC3A2	11.8748
CRMP1	4.6651
TGFB1I1	6.9508
FN3K	11.0163
FAM108A1	8.942
PTS	8.3363
MRPL10	9.9724
MRPL11	9.7458
MRPL12	11.2116
MRPL13	11.171
C16orf63	9.5787
C16orf62	8.8971
C16orf61	9.0075
MRPL17	9.7934
ARPC3	11.1727
ARPC2	10.9067
CDC25A	3.4056
RNF44	9.3852
RNF43	10.5861
ARPC5	12.5189
C16orf68	7.1863
NCRNA00202	0.7532
DCUN1D1	8.6972
DCUN1D2	7.021
DCUN1D3	7.4746
DCUN1D4	10.339
DCUN1D5	7.6767
SNORA79	0.0
SNORA78	0.0
ITPR2	12.8549
ITPR3	4.8942
SNORA75	0.0
ITPR1	7.4063
UBQLNL	4.6825
SNORA72	0.7532
SNORA70	0.0
CES1	17.2373
AMPH	1.6119
OR10H5	0.0
LRIG3	7.9207
LRIG2	6.4263
LRIG1	10.7285
NOTCH3	9.0653
ANKRD20A3	2.6969
PELI2	5.5312
C15orf60	0.0
ANKRD20A4	1.6119
BMPR1A	7.6959
SNCG	8.0753
TAF1D	8.7837
EBF4	7.2199
CASKIN2	9.2216
FMO6P	1.6119
CASKIN1	2.6769
AIFM2	9.1496
AIFM3	3.8099
IL17RE	5.6344
AIFM1	12.7799
IL17RC	10.1263
A1CF	11.2162
IL17RA	8.528
CES4	12.3382
FLJ44606	3.5811
NELF	10.0667
CES7	8.0307
SSPN	3.8788
PATE4	0.0
ACAN	3.0944
FOXR2	0.0
PADI6	0.0
LOC100130933	4.6825
LOC100130932	4.8633
POT1	8.5676
HBA1	8.5145
TMEM100	10.8213
CD302	12.2745
SACS	6.9746
FFAR3	1.2455
MUC5B	0.7532
OPN5	0.0
OPN4	1.6119
OPN3	9.3777
NCOR2	10.5732
NCOR1	9.7619
?|553137	4.4307
SCAPER	8.1711
HBA2	9.2714
AVEN	7.8366
PATE3	0.0
HIST2H2AB	0.0
PATE2	0.0
REPS1	10.3375
TEF	10.2255
REPS2	8.5624
LYSMD4	8.0144
GPN3	8.528
GPN2	8.1187
GPN1	9.72
TMEM30A	11.667
NFKB1	9.8914
NFKB2	9.99
PM20D2	7.6718
UBE2R2	11.066
RERGL	4.384
DNPEP	10.7058
RAP2C	10.9573
RAB40AL	1.9038
OR4C16	0.0
SIAH1	8.9809
SIAH2	11.0287
SIAH3	0.0
NSA2	10.4003
RBPMS2	8.7114
TAF1C	9.3822
CORT	2.4074
CLPTM1L	11.06
LYZL1	0.0
LYZL2	0.0
PDZRN4	0.7532
LDOC1L	5.4201
OGDHL	11.1043
MYOZ2	1.2455
PAQR7	7.8918
EMILIN3	4.9058
EMILIN2	6.4827
EMILIN1	7.6474
TFR2	13.1948
DAPP1	3.0944
TPST2	11.2487
PIAS2	6.5893
GULP1	4.4307
CTGF	9.6942
FLJ43950	0.7532
LOC283867	1.2455
PIAS4	8.1044
TMEM98	11.3571
HIVEP1	9.3077
HIVEP2	9.1161
HIVEP3	4.8968
FAM115C	7.032
FAM115A	7.2462
JAGN1	9.7284
LOC650368	5.1956
ZNF317	8.6995
ZNF318	8.4108
ZNF319	7.667
OR52M1	0.0
OVOL1	1.2455
P2RX1	3.2057
P2RX3	2.3542
NRIP3	2.9736
P2RX5	3.3456
P2RX4	8.2641
HSPBP1	9.6283
P2RX6	2.9736
LBXCOR1	2.5357
LOC148145	0.0
RNF208	7.3099
HADHB	12.7096
HADHA	13.6285
GSTP1	7.9728
RPS19BP1	10.6485
FLJ37543	0.0
LOC388955	8.8028
UBE2DNL	0.0
MRE11A	7.3223
FLJ90757	9.2618
NPRL2	8.9218
POLN	6.537
DKFZP434H168	0.0
ZNF883	0.0
?|390284	1.2455
KIAA1539	8.3755
PLXNB2	13.1262
METRNL	7.5972
PGRMC2	11.5918
PGRMC1	14.5432
KBTBD6	8.0307
KIAA1530	6.7723
AP4M1	7.5069
VTI1B	10.3463
ALS2	9.3911
LRRC52	4.6435
LRRC50	1.9038
KIAA1024	0.7532
LRRC56	4.6033
LRRC57	7.3946
LRRC55	1.6119
DENND1C	8.5624
DENND1B	4.6825
DENND1A	10.2598
LRRC59	11.272
PIP4K2B	10.1013
SLCO1C1	0.7532
DIS3	9.429
RGPD3	6.8685
TOP1P1	7.0362
LOC100101266	1.2455
PIF1	2.3542
NSUN5P2	8.0971
LOC100130872	8.5519
NSUN5P1	6.4716
SDHA	13.3702
BAP1	11.0507
SDHB	12.1051
SDHD	11.9552
SHARPIN	11.6238
FLJ13224	2.3542
ERRFI1	14.017
ZCCHC11	8.7184
NKAPL	1.9038
PSG10	0.0
PSG11	0.0
SAC3D1	7.9042
AP1M2	2.6969
NRP2	7.4691
AP1M1	11.3961
FKBP14	6.6496
CDRT4	6.4716
STRC	2.8419
CCDC147	2.8419
CCDC146	10.0388
CCDC141	2.3542
CCDC140	0.0
PRR15	5.6541
ANKS4B	9.4232
SF3B5	10.9737
TMEM120A	10.6198
CCDC149	6.7813
CCDC148	3.4056
CYP3A43	8.7647
GRAMD3	9.2176
DLG3	3.0944
DLG2	5.1684
DLG5	11.7116
DLG4	7.0885
SAMD10	5.6736
SAMD11	1.7969
SRPK1	8.9934
GOLGA9P	0.7532
RAB3IP	9.0203
SYS1	9.6849
PCBP4	8.8762
SPNS3	2.9736
PQLC2	8.5199
FAM114A1	9.8056
SLC6A2	10.2238
GRWD1	9.9754
FAM114A2	8.5466
RENBP	6.12
TBX20	0.0
FAM3B	7.5292
PCDH11X	0.0
PCDH11Y	0.7532
IGF1R	5.1123
FBXO11	9.7956
IFNK	0.0
LHB	0.0
RAB11FIP2	8.7067
IFNG	0.7532
FBXO16	0.0
IFNE	0.0
PCBP1	12.9799
MYBL2	5.2997
PTGR1	12.6273
PTGR2	9.7908
CHSY3	5.7491
MTUS1	11.3946
HSPC157	8.8909
OSBPL9	10.2654
CEP110	6.5047
IFRD1	8.816
IFRD2	10.802
GMIP	6.8168
OSBPL2	9.4303
OSBPL3	5.8554
ALS2CL	7.9806
HSPC159	8.0717
OSBPL7	4.1809
KIAA0776	10.37
OSBPL5	6.3796
ADRA1A	7.0807
ADRA1B	9.1285
TEX9	2.5357
ADRA1D	7.1727
STUB1	10.9924
CD3EAP	8.1949
MYST4	8.1779
SNRPG	9.3233
RAB11FIP4	8.5883
TMEM99	8.1881
TEX2	10.0122
POLH	8.0344
ARHGAP17	9.4072
STARD8	9.153
ARHGAP15	5.0239
ARHGAP12	9.1857
ARHGAP10	7.5662
STARD3	9.8725
TUBB4Q	0.0
STARD6	0.0
STARD7	11.7199
ARHGAP18	8.2016
ARHGAP19	7.1863
IL7R	4.4307
CAPZB	12.0056
UTP3	9.542
LOC644165	2.3542
RPA2	9.3233
TMEM91	5.7306
SIRT2	10.361
GABRG3	0.7532
FGL1	11.8143
GABRG1	0.7532
DEFB109P1B	0.0
C1orf26	7.6767
C1orf27	10.0074
C1orf25	9.6738
IMPAD1	13.8776
C1orf21	12.2367
GPR137C	5.0834
GPR137B	9.4403
FZD10	0.0
FGL2	9.481
CHKA	10.4457
CHKB	7.9998
SIRT6	8.3053
TSPYL1	10.712
BMS1	9.6107
OR7E37P	0.0
SIRT5	10.5149
SLC9A6	9.1975
PVT1	5.8209
PTTG2	0.0
BCDIN3D	7.7247
AHSA1	11.4298
AHSA2	8.6313
ZDBF2	4.2345
MRI1	8.8443
SPP1	12.1941
PRDM2	8.2641
PPP1R3G	8.4253
MAPK1IP1L	10.3344
SLC9A7	4.5621
PPP1R3F	7.3468
DST	11.4823
SPP2	10.6072
UCP3	2.9736
DSP	12.596
TP53RK	8.6924
PPP1R3D	5.8209
LOC285194	0.0
ZNF175	6.0913
GLMN	5.7674
THBD	7.5345
DSE	8.0215
DCDC1	1.2455
WTIP	3.9445
UNK	8.4166
DCDC2	7.9797
GSTO2	7.6073
PDAP1	10.8516
CENPBD1	8.2083
GSTO1	12.5416
SLC38A4	12.4704
UBE2D4	7.7083
ERMP1	8.5858
NPC1L1	9.2093
SCN5A	0.0
PARD6G	5.9222
TTC31	9.538
TTC37	10.3152
HS3ST3B1	6.3189
TTC35	11.0334
FAM153A	0.0
TTC38	13.0665
FAM153B	0.0
ARSH	0.0
MTHFSD	8.1983
OR4K5	0.0
OR4K1	0.0
OR4K2	0.0
FMR1NB	1.2455
BCLAF1	10.9144
ZNF137	3.3091
ME1	8.0116
LRMP	5.4878
QPCTL	8.4982
SNORD44	0.0
UCKL1AS	1.8082
SLC38A6	7.7702
TIPRL	9.7766
ITPRIP	10.1246
TBX22	0.0
RNF135	5.3246
SLC22A23	9.7061
SEZ6L2	11.7422
SLC22A20	0.0
DDTL	10.7722
GNASAS	0.7532
PRB1	0.0
SLC22A24	0.7532
REM2	1.6119
PLA2G5	4.8968
FAM7A2	1.2455
FAM7A3	0.0
HMGB2	9.1053
LOC100130238	1.9038
SETX	10.0695
HMGB1	11.7646
FLJ43663	7.0286
FSD1	2.5357
CCBE1	0.7532
ZNF83	5.4201
AUH	9.6906
ZNF81	4.9297
TMPPE	4.6033
C6orf81	5.7491
ZNF85	1.6119
ZNF84	8.2864
FRMPD4	0.0
FSD2	0.7532
FRMPD1	5.2224
LOC286135	0.0
FRMPD2	0.0
AADACL4	0.0
FYCO1	9.8945
LASS5	7.949
PDE10A	4.6033
AADACL3	0.0
AADACL2	0.0
CAPZA3	0.7532
CAPZA2	10.9257
CAPZA1	10.6116
SCARF2	5.8383
RNF207	7.7474
RAB2A	11.2998
GTF2H2B	6.2426
GTF2H2C	6.7632
ENHO	2.8419
LMO3	0.7532
GEMIN6	7.9166
GEMIN7	7.8751
GEMIN4	8.4734
GEMIN5	8.7348
C4orf43	7.7611
C3orf47	5.6143
C4orf41	9.3325
C4orf40	2.5357
C3orf42	3.3091
C3orf43	0.0
C4orf45	0.7532
C4orf44	1.9038
TDH	0.7532
C4orf49	1.2455
C4orf48	5.8383
C3orf48	0.0
C3orf49	0.0
ATPAF2	8.8571
KRBA1	5.8209
ERBB3	12.029
LARP1B	9.5003
SLC6A10P	2.1465
MCRS1	9.2857
ATPAF1	11.3453
C15orf59	5.4201
C15orf58	5.2486
C15orf57	7.6005
C10orf82	0.0
AFAP1	7.138
C15orf54	0.7532
C15orf53	0.7532
C15orf52	7.4691
C15orf51	1.6119
C10orf84	8.6634
LOC653113	5.8383
DDX17	12.7605
ZNF124	4.5196
DDX12	4.2861
ERBB4	0.0
DDX10	8.7509
DDX11	7.3887
GJB1	13.8062
GJB3	2.9623
GJB2	7.6523
GJB5	0.7532
GJB4	0.0
DDX18	10.1192
GJB6	0.0
GRIN3A	4.3359
GRIN3B	0.0
OR6B2	0.0
MYRIP	10.3618
ZNF75A	7.4635
PSMC1	9.2601
PSMC2	11.1476
OR6B3	0.0
PSMC4	10.769
PSMC5	11.5242
PSMC6	10.376
RBM23	10.2403
ARFIP1	9.3896
ARFIP2	9.7889
RBM20	3.0944
PHOSPHO1	2.1465
STARD5	9.687
KIF18A	1.6119
KIF18B	3.3091
TRIP10	8.5466
TRIP11	9.1478
TRIP12	11.0091
CCDC79	0.0
CPVL	8.3515
ZNF564	7.5818
TEX13A	0.0
ZNF543	6.0471
IFT172	8.0936
SNORD34	0.0
LOC646762	5.7306
CERK	10.9307
FN3KRP	10.0528
NCLN	10.7836
C9orf156	8.1258
C9orf153	1.9038
C9orf152	7.9125
C9orf150	7.7242
NACAD	1.2455
DNAL4	8.2928
KIAA1239	0.0
FLJ36000	0.0
DNAL1	7.4063
LIN7A	8.4367
FLJ37201	3.3091
GRHPR	14.3289
LIN7B	5.8554
TGM4	0.0
IMMP2L	8.528
TGM6	0.0
SMG5	11.1719
OR2D2	0.0
FNBP1	9.0241
HNRPLL	8.0606
MARCH5	9.8373
MARCH4	1.9038
MARCH7	9.9625
MARCH6	10.7386
MARCH1	3.4961
MARCH3	3.7376
LRTM1	0.0
FOXI1	0.0
BTN3A2	8.6972
FOXI3	0.0
FOXI2	1.6119
MARCH9	7.8708
CLSTN1	9.8144
CLSTN2	3.4961
CLSTN3	10.3826
EIF3H	12.942
EIF3I	11.7446
EIF3J	10.2427
EIF3K	11.8664
EIF3L	12.712
EIF3M	11.196
PGCP	12.4767
CLIP2	7.7972
STYK1	0.7532
EIF3A	12.403
EIF3B	11.7263
BTN3A1	9.0336
EIF3D	11.9435
CLIP1	10.0237
ALMS1P	1.2455
EIF3G	11.5301
SETD5	9.907
FGFBP3	5.443
FGFBP2	4.384
FGFBP1	0.0
FADD	9.6918
ARMC10	8.8245
MKKS	9.9325
TMEM104	8.8762
NOL11	9.8662
NOL10	9.184
ELSPBP1	0.0
NOL12	7.5452
CDKN2B	8.3301
CDKN2C	8.6948
CDKN2A	6.8685
SLIT1	1.6119
CDKN2D	5.7854
BARD1	3.2057
WDR7	8.0078
ZNF404	4.6825
ZBBX	0.0
CLRN1OS	2.3542
NME6	7.0134
FABP9	0.0
NME7	7.9614
EDEM2	10.4393
EDEM3	10.4786
PCDHGB3	2.5958
EDEM1	11.6328
TCF4	8.7019
ZNF560	0.0
INPP5E	8.465
SMG6	9.0708
NME2	13.2903
BRP44L	10.5713
TRMT11	9.2488
SAP30L	9.9783
CSTF2T	9.5085
UBTD2	8.2479
LARP4B	9.5071
UBTD1	8.324
RPL13AP17	0.0
NEIL1	8.042
TAS1R1	3.0944
LOC254312	0.0
TAS1R2	0.0
INPP5J	4.8968
ZNF542	7.7793
SMG1	10.5317
CCL2	6.4148
CCL3	7.7006
NFATC2	3.8788
CCL1	0.0
NFATC4	5.3246
CCL7	0.0
CCL4	7.5714
DHRS7C	0.0
TAS2R20	3.0944
CCL8	4.1809
CSDAP1	3.4056
FAM73A	8.4789
FAM73B	8.7255
TMEM14A	10.2917
ZNF75D	8.4017
MYCBPAP	0.0
RNASE11	0.0
USF1	10.181
AP2B1	11.7134
HSBP1	10.611
GTF2E1	7.4522
GFER	8.8486
ZCWPW2	3.3091
NUBP1	9.1417
HS3ST3A1	5.2486
ZCWPW1	7.5452
SCML1	9.9172
CYP26B1	5.8033
SCOC	10.3618
PABPC1L2B	0.0
SAMD5	3.7376
PPP1R14D	0.0
PABPC1L2A	0.0
PPP1R14B	9.3371
OR2AG2	0.0
OR2AG1	0.0
PLEK2	9.5152
UBP1	9.9294
ZNF747	8.5156
CD46	12.2827
SSC5D	3.4961
TCTE3	5.054
TCTE1	0.7532
CD40	6.2685
ZNF37B	5.7306
SPEG	1.9038
LOC728875	8.555
KIAA1826	7.4121
ZBTB43	8.3022
PRIC285	10.169
ZNF37A	7.5345
SDSL	8.4706
RALY	11.1341
PRR12	8.4927
ASFMR1	2.7
PCDHGB6	6.1415
ZNF454	1.6119
PCDH12	8.3147
PCDH10	0.7532
PCDH17	5.2744
ALKBH8	6.579
PCDH15	0.0
ALKBH6	8.4954
ALKBH7	10.7993
ALKBH4	8.2493
ALKBH5	11.2576
ALKBH2	9.8778
ALKBH3	8.2479
RALA	9.2292
ALKBH1	7.9288
OR10G7	0.0
ISX	11.4618
C8orf58	5.6929
C8orf59	10.4167
C8orf55	11.7166
C8orf56	2.1465
C8orf51	5.0239
OR10G9	0.0
OR10G8	0.0
KRT18	13.6321
MPZL3	4.384
DBF4B	4.3359
ARHGDIG	0.0
DNAJB9	11.9477
DNAJB8	0.0
ZNF714	1.6119
DNAJB3	4.384
DNAJB2	11.7184
DNAJB1	14.2485
EPB49	8.5036
DNAJB7	0.8107
DNAJB6	9.8588
DNAJB5	7.7566
DNAJB4	10.0227
AMDHD1	9.4503
AMDHD2	9.3302
TRMT5	8.3605
GCET2	1.2455
TMEM164	7.7702
DIDO1	9.7788
KISS1	6.6885
HMSD	0.0
RAB21	9.7249
FRK	6.3065
TRIM78P	2.0685
TMED7-TICAM2	5.0637
PHIP	8.4758
SCGBL	0.0
SNORA58	0.0
RAB23	6.698
ZNF808	6.1894
SNORA51	0.0
SNORA50	0.0
FRY	8.6852
HELZ	9.4246
SNORA55	0.0
SNORA54	0.0
SNORA57	1.2455
COL17A1	0.0
OR1N2	0.0
PROSC	9.5941
TNIP1	12.0171
FAM65C	3.7376
FAM65B	8.1573
FAM65A	9.4474
GRIK1	0.0
GRIK2	0.0
GRIK3	0.0
GRIK4	1.6119
GRIK5	2.1465
SNORD121B	0.0
RNF149	9.5233
RAB28	7.2591
LOC388387	3.5811
SNORD121A	0.0
SHC3	4.4307
SGSH	8.661
RNF141	9.1053
TMEM59	13.1183
RNF145	8.7394
GLRA1	0.0
RNF146	9.5017
GRSF1	10.7035
MSH2	8.4453
?|728603	0.0
MGLL	11.0395
MSH5	8.1734
MSH6	9.7561
CALU	10.6104
RDH16	12.9731
TMEM169	6.5995
MYOCD	2.3542
TMEM56	12.2799
ACCS	8.9719
CD320	9.0184
PMCHL2	0.0
PMCHL1	0.0
TIMM8A	9.7073
XCR1	0.0
RASGRF1	6.2556
STOX1	5.1684
C16orf48	8.9197
UBR4	11.7768
SPACA5	0.0
C16orf45	8.4622
RNF19A	10.2822
C16orf46	5.0834
NFXL1	7.9688
PACSIN3	11.047
C16orf42	10.2359
GREM2	11.3653
RTL1	0.0
COPA	12.7412
COPG	12.0488
COPE	11.3616
SYBU	12.7
ZNF555	5.7491
INTU	4.2345
PADI3	0.0
PADI2	3.9445
LOC100128675	4.5625
PADI4	2.1465
CDK20	7.1096
NT5M	6.3677
GJA10	0.0
TRPM2	5.9222
AGTPBP1	7.2847
HIST2H2AC	4.8968
ZFP57	0.0
ALPPL2	0.0
PDCD6IP	11.2872
TOE1	8.0094
WDR72	9.7833
TTBK2	5.5312
FBXL3	9.7889
OR10AG1	0.0
SHC4	1.9038
GPIHBP1	9.4629
RPL23A	11.5475
NRIP1	11.1235
NRIP2	3.5811
IL1F6	0.0
GPR135	4.2861
GPR137	9.6377
VTI1A	7.7838
GPR133	5.7674
GPR132	3.9445
ATP6V1C2	5.9125
ATP6V1C1	11.7902
GPR139	0.0
NT5C	8.6363
TOP1P2	2.3542
PRTG	1.9038
TRIM11	8.8571
FBXL2	1.6119
SNAR-F	0.0
SNAR-E	0.0
MFRP	7.6523
POFUT1	11.585
C19orf2	9.4028
CDKN2AIP	8.6363
SNAR-H	0.0
SLC22A6	0.0
C19orf6	11.9089
ATF7IP	8.95
FAM95B1	4.0675
GPATCH1	7.3828
LRRTM4	0.0
LOC399744	7.896
OCIAD2	10.5608
FBXL5	12.0422
PPP1R3E	6.8081
OCIAD1	11.7899
PPP1R3C	10.6583
PPP1R3B	10.9499
PPP1R3A	0.0
RDH13	8.0863
TMEM191A	4.5196
TIAM2	3.2249
TNFRSF13C	0.0
PPP2R3B	7.4857
TP53I3	8.958
ZNF434	7.8192
PPP2R3C	8.068
TGS1	9.4101
LUC7L3	9.8914
LUC7L2	10.2565
TOMM40	9.6056
FAM131A	7.7702
FAM131B	1.9038
FAM131C	0.7532
HAL	3.0944
TBXAS1	6.2556
YTHDC1	10.2038
ERLEC1	10.665
SEMA3C	2.9736
SH3GLB2	9.7366
RIBC2	2.3542
FAM13AOS	4.4842
TLE6	4.7205
CHERP	10.7732
NACA	13.5236
EHHADH	13.936
ZNF619	4.9931
TMEM196	0.0
ZNF526	8.1677
NME4	10.4421
INPP5A	8.4734
INPP5B	8.327
GRINL1A	9.3673
INPP5D	7.5766
HEPN1	11.0559
INPP5F	6.5047
NME3	9.8609
LOC729234	4.6033
FLJ44082	0.0
INPP5K	9.3598
ZAR1L	0.0
RAI14	8.6313
FREM2	2.6969
FREM1	0.0
NKAIN1	1.2455
PID1	10.1343
NOSTRIN	7.561
FBXL6	10.2041
SHC1	12.099
RCBTB2	7.4691
HELT	0.0
CNST	10.5324
HELQ	7.6023
RCBTB1	9.5139
CLSPN	2.6969
UFC1	11.04
EPB42	0.7532
EPB41	10.0583
RBM28	8.2217
MATR3	12.0474
HELB	4.5196
RBAK	8.2158
MAP1D	6.2426
NUDT8	8.1573
PON1	13.5752
SLC9A10	0.0
SLC9A11	0.0
TRAF3IP3	5.8724
SLC22A7	11.711
CYP4F3	11.4646
TEKT1	0.0
TEKT3	0.7532
TEKT2	0.0
TEKT5	1.2455
TEKT4	2.9736
VPS37A	8.712
PNPLA3	7.8918
PNPLA2	11.8864
PNPLA1	0.7532
PNPLA7	9.2794
PNPLA6	10.0208
PNPLA5	3.0944
PNPLA4	9.0818
GUCA2A	0.0
GUCA2B	4.8968
PNPLA8	10.0472
NCKAP1	10.8224
RPL13P5	3.2057
WEE1	9.9385
UNC5A	1.2455
GFOD2	10.0923
GFOD1	7.3468
FOS	10.4379
HOMEZ	7.7748
KATNAL1	7.1589
KATNAL2	5.6344
ATG10	7.2591
LOC400657	5.8554
ATG12	8.9095
SRMS	1.9038
SUN5	0.0
ZBTB5	8.4396
KIAA0754	6.3065
KIAA0753	7.2396
PLEKHM1P	6.0904
STEAP2	4.8968
TSFM	10.3557
TGFBI	12.8782
SCT	0.7532
SFPQ	11.0327
SAFB2	10.3035
SMPD3	4.6435
ZBTB4	9.4727
PL-5283	10.7311
TSPAN11	2.6969
TANK	9.58
COL12A1	7.3709
LCK	5.1406
RASAL2	8.9231
ZNF259	9.292
KRT5	0.0
VSTM2L	8.6213
SGK223	10.824
PF4V1	2.9736
SEC14L2	14.4263
SEC14L1	10.5536
LOC100128076	0.0
LOC100286793	7.2265
SDCBP2	5.443
C1orf43	13.0404
PES1	10.8131
UPF2	9.8956
SNED1	7.2784
C1orf49	0.0
IL1B	3.5811
CHIA	0.0
THSD7B	2.3542
FLG2	0.0
PHTF1	7.2784
THSD7A	4.2861
MKL1	9.2999
LILRB4	6.062
LOC148709	6.7449
RUNDC3B	8.9719
CASK	10.8489
PKNOX1	8.3814
GPR88	5.0834
CAST	11.644
ZBTB41	8.9738
KRT6B	0.0
KRT6C	0.0
TRAF3IP2	9.681
CASR	4.0675
GPR81	0.0
GPR82	1.6119
GPR83	1.9038
GPR84	0.7532
GPR85	2.5357
PUS1	9.1391
CLEC1A	5.9703
SLC38A10	12.5627
ZNF295	9.2873
MGC42105	2.8419
RNPEPL1	10.8797
THRAP3	11.322
COMP	0.0
BCYRN1	0.0
TPR	11.1134
ZBTB9	7.1658
ZC3HAV1L	2.1465
ADAM21	2.9736
ADAM20	1.2455
ADAM23	0.0
ADAM22	1.9038
GLCE	9.7641
ZNF256	5.4656
ADAM29	0.0
ADAM28	3.8788
DSCR8	2.1465
IL18	5.1684
IL19	0.0
AIF1L	8.4021
GRRP1	5.1123
PANX3	0.0
IL10	1.6119
GSTM1	15.2725
GSTM2	14.6246
C2orf7	10.1103
GSTM4	12.4387
GSTM5	4.4307
IL16	6.6397
C2orf3	9.7912
LPAR2	3.0944
PALLD	10.7351
PIP4K2C	9.1107
TMSB15A	1.9038
ZNF155	6.5682
KRT9	0.0
GAGE2A	0.0
ZNF251	8.7939
EFHD2	10.6267
EFHD1	11.2458
RUNDC3A	1.6119
TTF2	5.6541
LPAR3	0.0
PINX1	6.5263
LEPRE1	9.6543
KRCC1	9.5473
AEBP1	8.9836
GNAZ	5.7119
RBMS3	3.0944
AEBP2	8.3962
KRT8	13.8
DAD1	11.7187
ZNF322A	8.431
RCHY1	8.3022
GDF9	6.3796
DKFZp686O24166	3.3091
ZNF322B	3.9445
GDF3	0.0
CBR4	10.2313
GDF1	0.0
CBR1	13.5272
GDF6	2.6969
CBR3	3.3091
LOC728606	2.1465
LTB	5.5734
ABHD12B	2.9736
ANXA1	9.3508
ANXA3	6.8256
CPT1B	7.3527
ANXA5	12.413
ANXA4	11.5554
ANXA7	11.8856
ANXA6	13.2016
ANXA9	9.9059
ANXA8	2.3542
TRAF3IP1	8.3178
MEST	8.805
MCM7	10.0505
MCM6	8.4367
MCM5	10.0407
MCM4	9.3733
DUSP19	6.5263
DUSP18	5.0825
POU5F2	0.0
DUSP15	0.0
DUSP14	7.7566
ZDHHC22	0.0
DUSP16	11.6679
DUSP11	8.3393
DUSP10	9.2275
DUSP13	0.0
DUSP12	7.5662
SQSTM1	14.1506
CSH2	0.0
CSH1	0.0
EPC2	8.2609
ZNF541	7.8323
EPC1	7.7927
C3orf20	0.0
C3orf21	6.1758
C3orf22	0.0
C3orf23	10.9108
C3orf24	0.0
OPRD1	0.0
C3orf26	7.9125
C3orf27	0.0
POLM	8.49
CYP26C1	0.7532
HEPACAM	11.1388
EGOT	0.7532
SSX6	0.0
LOC341056	2.3542
SSX4	0.0
SBDSP1	8.5571
SF3A2	10.1183
SSX3	0.0
USH2A	9.0891
SSX1	0.0
TBCC	8.7532
ISL1	0.0
ISL2	0.0
ZNF540	5.1406
PKMYT1	5.7669
UBQLN4	10.7616
KIFAP3	10.4214
CYP4Z2P	0.7532
MDS2	0.0
MS4A7	7.8536
MS4A5	0.0
MS4A2	3.9445
MS4A3	1.2455
MS4A1	0.7532
ZNF141	5.054
ZNF140	8.4566
ABCA11P	5.351
ZNF142	7.4294
LGSN	7.5818
CCDC102A	5.1956
DNTT	2.1465
ZNF146	10.3922
ZNF148	9.3122
CPT2	12.1044
DSC2	7.7428
DDX31	7.6175
DSC1	0.0
SEC14L3	3.8788
LOC153684	4.4758
COX8C	0.0
?|155060	6.6097
VSTM2A	0.7532
PYGL	12.5292
MAGOH	9.4713
PFAS	8.2577
C20orf20	8.3962
LOC283922	4.3359
C20orf26	0.7532
C20orf27	9.1053
C20orf24	10.8048
RAB27A	8.9875
TMF1	9.3688
C20orf29	8.4594
TANC1	7.7101
RANGAP1	11.7883
FCGBP	5.2486
BAMBI	9.4573
KCNN4	1.9038
FASLG	1.2455
KCNN2	1.2455
KCNN1	0.0
ANKHD1-EIF4EBP3	8.4734
PMS1	7.0586
PMS2	8.5253
ATXN7L3B	12.1758
SLC45A1	4.2345
SLC22A2	2.6969
SNRPA1	8.5253
SNORD51	0.0
ISLR	4.7575
PKIG	9.0671
C9orf171	0.0
C9orf170	0.0
C9orf173	4.9618
C9orf172	4.4758
THAP5	9.5578
SNORD115-44	0.0
BRMS1	9.4587
RHOA	13.0102
GRIP1	1.2455
KRT7	5.6929
GRIP2	2.5357
SLC19A2	10.1457
SLC19A3	8.0972
SLC19A1	9.8997
CCDC65	0.0
CCDC64	4.2861
CCDC67	0.0
CCDC66	6.3085
CCDC61	8.0039
CCDC60	0.0
CCDC63	0.0
CCDC62	0.7532
TYSND1	9.5139
CCDC69	8.2414
CCDC68	6.1342
ANKRD36BP1	5.594
TMEM119	5.1406
TDO2	7.1727
EP400	9.0279
RPAP2	7.1168
IL1A	0.0
LOC285796	3.4961
MIS12	8.3933
YPEL5	11.2323
TMEM114	0.0
CRYGB	0.0
MAP2K2	11.0839
NAGS	10.9722
SPTB	4.6435
CLEC18B	0.7532
SNORD36C	0.0
TANC2	5.2997
CRYGD	0.0
POLR3H	9.9844
PIM1	10.8927
LRDD	8.2864
TAF13	7.3285
MED12L	0.7532
SLC35A4	11.0876
SLC35A5	8.964
SLC35A1	8.8421
SLC35A2	9.5618
SLC35A3	8.5702
PIK3R6	3.6615
OSR1	6.7723
MPDZ	11.4875
TMEM48	7.1658
NXF4	0.0
NXF5	0.7532
PARD3	9.5992
NAP1L6	0.0
LSAMP	0.7532
NXF2	0.0
NXF3	0.0
FAF1	9.7319
PGM5	10.5771
FAF2	10.1861
TAF12	8.7394
PGM1	13.1767
PGM2	8.6683
IL18R1	5.4878
PAK4	9.4014
ABCB11	11.0005
ABCB10	9.658
APLN	8.0899
TMEM44	6.3914
MMD2	0.0
COL6A4P2	1.6119
CYHR1	11.0794
SBK1	2.1465
APLF	5.6929
RBM8A	10.9017
SLC25A40	5.8209
SLC25A41	2.9736
PMP22	7.949
SLC25A43	9.1018
SLC25A44	10.8665
SLC25A45	7.9084
SLC25A46	9.0107
CR1L	0.7532
CDC26	7.2259
TAF11	9.043
SNORD115-48	0.0
CDC23	9.2308
HOXD13	0.0
HOXD10	5.6929
CDC20	3.4961
NUP153	9.7412
ZNF737	4.2861
PDZD4	4.6825
FAM150A	0.0
FAM105B	9.9274
FAM105A	5.7854
FAM150B	4.0073
BEST3	0.7532
BEST2	0.0
BEST1	3.5811
KIAA0562	9.1408
KIAA0564	9.8799
PDZD9	1.9038
BEST4	3.0944
WWTR1	7.8361
ZNF296	2.6969
TNC	8.1044
TXNDC11	10.5726
SORCS1	0.7532
SORCS2	1.9038
SORCS3	0.0
RPL35A	12.7355
CARS2	9.9316
YPEL1	9.2162
SNORD11B	0.0
FYTTD1	9.9685
TPSB2	8.3991
GPKOW	9.16
KIAA1614	2.7375
SPDYE8P	4.1254
TNPO2	10.2247
TNPO3	9.6786
TNPO1	10.6435
NANOG	2.5357
RRH	2.6969
GCN1L1	10.654
SPA17	4.0073
MAPK3	9.5523
MAPK1	11.4114
MAPK6	10.579
MAPK7	7.731
BCO2	7.3649
PPP1R12C	10.3097
MAPK8	7.752
MAPK9	9.08
SGPP2	0.0
CUZD1	1.2455
URM1	10.4163
WTAP	10.5013
OR1J2	0.0
LYL1	5.0239
DAZAP1	10.4924
ATP8A2	0.0
PGPEP1L	0.0
ATP8A1	5.7854
STAG3L3	7.0482
DAZAP2	12.2791
STAG3L1	3.4961
KIAA1804	7.7611
SERINC3	11.0329
BCOR	8.8486
NMNAT3	6.6097
LOC126536	0.0
SERINC2	13.3828
VWA3B	0.0
THNSL2	11.072
THNSL1	9.5709
SNORD49B	0.0
BCAP31	14.1793
CCL11	0.7532
CCL13	1.2455
CCL14	9.2972
CCL15	9.5812
CCL16	11.9397
CCL17	1.6119
CCL18	7.8016
CCL19	5.0239
METTL3	9.0606
METTL4	6.717
METTL5	8.8891
METTL6	7.5399
TAS2R43	0.0
STAT5B	10.9077
LOC619207	4.1254
TAS2R40	0.0
FDX1L	7.9845
TAS2R46	0.0
GPR87	0.0
OR56B4	1.2455
MED7	7.3769
C1orf100	0.0
C1orf101	4.9618
KCTD1	6.4378
C1orf103	8.9875
C1orf104	5.4765
C1orf105	2.5357
C1orf106	4.7936
C1orf107	9.7308
C1orf109	8.0001
KCTD9	7.088
KCTD8	0.7532
OR4C15	0.0
RAD54L	4.0073
TMEM39A	8.7486
PLEKHN1	1.2455
FLJ43859	0.0
KCNT1	1.2455
IBSP	0.0
MED9	9.526
SERPINA4	13.5004
HCFC2	8.5064
HCFC1	10.2885
DEFB109P1	0.0
SERPINA9	4.0675
ZC3HC1	8.5199
NRAS	9.9345
PDZD11	9.8341
GAST	0.0
PXK	6.902
FOXRED2	11.3177
FOXRED1	10.7639
KCNT2	4.7205
PXN	11.1198
LOC374443	3.9445
LOC147727	8.5676
CABLES1	8.5413
ZNF432	5.3491
CABLES2	6.5263
MTUS2	0.0
SNORD116-19	0.0
SNORA32	0.0
SNORA31	0.0
ESF1	8.7394
SNORA37	0.0
SHBG	5.4201
SNORA35	0.0
SNORA34	0.0
SNORD116-11	0.0
ROPN1	2.9736
SNORA39	3.099
ASZ1	0.0
PPP1R1A	8.2016
LIX1L	9.5314
COMT	12.687
?|136542	0.0
FOXD4L5	0.0
FOXD4L6	1.2455
FOXD4L1	1.6119
FOXD4L2	0.7532
FOXD4L3	0.0
TMEM144	8.1949
MOV10L1	3.4961
STON1-GTF2A1L	0.0
PACS1	9.5179
LOC651250	10.0722
ZNF607	5.0239
FAM63A	10.0878
SBNO2	10.2517
PCSK1N	0.0
BRAP	8.528
RNF167	11.7583
DEFB110	0.0
RNF165	3.6763
RNF169	8.291
LOC100129055	0.0
SEC23A	10.8591
ZNF253	6.5686
AMTN	0.0
C8orf77	3.9445
C8orf74	0.0
C8orf75	0.0
ZBTB44	9.8799
BRAF	6.4378
ZBTB46	6.2163
C8orf71	0.0
TMEM143	9.0336
ALOX15B	4.9618
ZNF608	6.0913
C8orf79	6.7263
PGAP1	6.8168
PSMD9	9.6882
ZNF609	8.5702
SYNPO	11.454
ZNF252	10.4343
PGAP3	10.1656
P4HA2	10.9628
P4HA3	2.6969
ANP32D	1.2455
ANP32E	10.4142
ANP32B	10.9677
ANP32C	1.6119
ANP32A	11.0096
FDXR	10.1183
SYNPR	0.0
HPSE2	0.0
UQCC	10.1325
TAT	15.1791
SP3	9.8831
GMEB1	6.8168
NTNG1	0.0
NTNG2	2.6969
RPF1	9.2698
RPF2	8.5091
AGPHD1	6.0767
PRR23A	0.0
ALMS1	7.9569
PRR23C	0.0
PRR23B	0.0
ATRNL1	0.7532
MRPL55	10.8015
MRPL50	9.0873
MRPL51	11.0201
MRPL52	9.4058
MALT1	8.5333
PRKG1	2.9736
THY1	8.9319
TARDBP	11.0173
ZNF738	4.8289
LCN10	3.0944
PRKRIP1	8.6826
ZNF688	8.2959
STK11	10.2877
OPN1SW	1.6119
PPIAL4E	0.0
ALOXE3	1.6119
ZNF677	1.2455
ZNF680	8.7894
PRKG2	0.0
ZNF687	10.2031
ZNF684	7.5662
IQCC	5.1406
PPP1R9A	4.9297
TMEM140	10.5478
PCDHGC3	10.0493
IQCG	6.9902
PCDHGC5	0.7532
IQCE	8.1115
IQCD	2.3542
IQCK	7.2331
IQCJ	0.0
MUC15	0.7532
IQCH	7.0319
MUC13	6.4378
MUC12	0.7532
RNASE10	1.9038
OR13H1	0.0
PIRT	0.7532
PPIAL4D	1.2455
WDTC1	10.6311
LOC100133957	3.8714
GMCL1L	1.2455
LOC441294	1.9038
MBTD1	8.3484
SPIN3	6.9824
SYAP1	10.6361
ANGPTL7	1.2455
ANGPTL6	7.5513
ANGPTL5	0.0
ANGPTL4	12.1892
ANGPTL3	14.113
ANGPTL2	9.7073
ANGPTL1	8.7043
IL11	0.0
ACE2	6.5155
GPR115	0.7532
FDX1	10.2734
GPR113	3.5013
GPR112	0.0
CTCF	9.4962
GPR110	7.3589
MMP14	10.3519
MMP15	10.0959
MMP16	0.7532
GSTM3	9.7014
MMP10	0.0
MMP11	6.5476
MMP12	0.7532
MMP13	0.0
DSTYK	8.6828
LRRN3	1.2455
MMP19	8.8614
HLA-DRA	12.1722
MYO18A	11.3574
MYO18B	1.2455
PRG4	4.8544
FAM119B	7.0586
PRG2	4.9931
PRG1	0.0
FAM119A	7.5869
PLXNB3	1.7536
WNT4	2.1465
COX7B2	0.0
HSCB	8.872
SP140L	7.6767
MGC12916	4.1809
PPP1R1B	0.0
TCF3	9.0011
ZSCAN16	4.4307
GSX2	0.0
GSX1	0.0
GLYCAM1	0.0
NF2	9.7144
NF1	9.9375
SFRS2B	9.9655
TMEM27	8.6036
GPAA1	13.9424
CDAN1	7.8323
NDUFAB1	10.7094
IL5RA	0.0
KCNK18	0.0
FAM133B	6.4378
KCNK17	8.3147
ZNF583	5.6541
FAM133A	0.0
KCNK12	0.0
KCNK13	1.6119
KCNK10	1.6119
NCAPD3	7.7657
BLM	1.9038
PPP1R10	10.9016
OR1L3	0.0
LOC100129716	0.0
PLXNB1	10.7842
BLK	3.4961
C14orf184	0.0
C14orf181	6.2426
C14orf180	1.2455
C14orf183	0.0
C14orf182	4.1809
OR2L1P	0.0
C7orf25	8.2648
C7orf26	8.5806
C7orf27	10.4993
C7orf23	4.9222
ZFP91-CNTF	0.0
ZNF594	4.6435
SHD	6.6692
C7orf29	8.5386
TCN2	9.4559
ZNF426	4.8633
ZNF425	6.2029
SIRPB2	3.0944
ZNF398	8.9279
ZNF420	6.2163
SIRPB1	5.7491
SNORD59B	0.0
ATXN7	8.4954
SNORD59A	0.0
ATXN2	9.58
ATXN3	8.2414
ZNF428	9.4327
ATXN1	9.6506
SOAT2	5.6929
WDR93	2.5357
SOAT1	9.2472
SNORA47	0.0
LIPI	0.0
C6orf129	8.9074
SCMH1	7.9806
SRGAP1	6.9103
SRGAP3	8.0269
SRGAP2	9.6506
NPY1R	5.0239
INSC	1.6119
DLK1	0.0
DLK2	0.0
GPRC5D	1.9038
AP1AR	8.5728
GPRC5C	11.9331
GPRC5B	7.7838
NEDD8	11.245
NEDD9	11.0766
SCLT1	4.8968
ALG1L	6.4944
PARD6B	7.4579
P2RY14	4.0675
NEDD1	6.9103
SMC3	9.6894
SMC2	7.5557
NEDD4	10.1013
P2RY11	7.3246
P2RY12	1.6119
P2RY13	4.5196
IFI44L	6.8343
SPDYE5	2.1465
GARNL3	7.9329
THOP1	12.0705
SPDYE4	0.0
SHISA4	9.5367
PIK3IP1	8.6995
PCDHB14	5.8724
LOC100130691	2.8419
WWC2	9.8351
STYX	9.8177
SCD	15.5818
SMCP	0.0
SLC7A2	9.3093
LOC100133308	0.0
PRDX5	12.5494
LEPR	12.6198
CPOX	9.4601
IFNA13	0.0
LTA	2.1465
GRIPAP1	9.907
TINAG	0.0
LTF	3.0944
ALG10	5.5312
ALG11	3.8788
ALG12	10.0841
ALG13	9.5287
ALG14	8.5571
OFD1	7.7702
RIOK2	9.1857
RIOK3	10.2247
IFNA10	0.0
LTV1	8.8204
MICALL1	8.4789
IFNA17	0.0
MICALL2	7.6175
PRDX4	11.3185
INSR	11.6615
BANF1	11.2103
BANF2	2.3542
SNORD116-27	0.0
RBMS1	10.169
LMOD1	12.6365
LMOD3	1.2455
LMOD2	0.0
AHSP	2.1465
TAF5L	9.4346
TAS2R50	0.0
HIST2H2BE	8.2083
PLA2G12A	9.7833
ARL8B	10.4911
ARL8A	10.9103
RAB6C	4.7936
DHX40	9.5044
LTA4H	9.9822
C1orf68	0.0
C1orf69	9.0486
AHSG	16.3186
SCN2A	3.6615
SHISA7	0.0
C1orf63	9.2936
OR5W2	0.0
C1orf61	2.9736
C1orf66	10.3027
PYGM	2.1465
C1orf64	7.4579
C1orf65	0.0
NUBP2	10.5081
WRNIP1	9.7026
ST7OT1	4.552
GAS8	8.6152
TWIST1	1.2455
KRTAP8-1	0.0
TWIST2	8.1399
PEAR1	6.7263
SHISA6	0.0
SPTBN2	7.145
HNF1B	6.8937
WIPI2	11.1074
HNF1A	10.5964
CRISP1	0.0
ZNF815	4.6435
CRISP3	0.0
CRISP2	0.0
TMEM217	4.0468
SLFN11	7.2591
GAGE2B	0.0
TMEM216	6.3914
OR6C65	0.0
SFRS7	10.3344
OR1C1	0.0
CDC25B	8.7255
TMEM214	11.1235
KRT40	0.0
MREG	7.7487
OR6C68	0.0
GAS1	5.3968
GANC	8.7225
KLF10	10.9712
IL32	13.0368
IL33	6.4148
IL31	0.0
RNF170	8.2864
VIL1	7.4691
GNB1	12.1715
TDP1	7.9649
RICH2	8.565
NKPD1	3.5811
HMBOX1	5.2224
SLC22A8	1.2455
GAS5	10.4745
ZNF679	0.0
SHISA9	0.7532
GAS7	6.0913
EVPLL	1.9038
GDF2	0.0
CAMK2N2	6.2163
CAMK2N1	11.9387
GAS6	10.1219
TM6SF1	4.6825
NUTF2	9.9939
SNORD114-21	0.0
ZNF391	1.6119
GDF7	5.054
ZNF678	3.2057
PDGFRA	5.9833
AGXT2	11.4391
SULT1E1	6.537
PTK2B	8.8909
GDF5	0.7532
DAB2	10.0732
DAB1	5.6736
SLC5A12	2.6969
SAMHD1	9.5065
SYNJ2	6.8429
HYOU1	11.8735
TMEM30C	0.0
KIAA1468	7.953
WDR91	8.2016
STK38L	7.6073
PRSS30P	2.3542
AMAC1	0.7532
GTSF1L	0.0
MKLN1	10.7223
BREA2	2.1465
EEFSEC	9.7782
UNC93A	8.4622
UBE2V1	11.1753
LOC100129066	2.9736
TOR1AIP1	11.6341
RAB5A	10.1219
RAB5C	11.5299
GSTM2P1	5.054
UGT2A3	8.4537
AMACR	14.6369
L2HGDH	8.8094
PROM2	2.8419
PROM1	4.1254
UPF3A	8.1779
LOC116437	0.0
TIMM13	11.0134
PRO1768	0.0
NHEJ1	8.9054
KPTN	7.7882
GNAI1	10.7496
SLC41A3	10.0218
SLC41A2	9.265
HNRPDL	11.4614
SNORD114-11	0.0
KCNC1	1.2455
SCARB2	12.8317
LYRM2	9.1972
SNAP23	10.6249
CSF1	9.3325
CSF2	0.0
CSF3	0.7532
ZNF33A	9.632
LOC647309	7.2974
TMSB10	11.8258
SAMSN1	5.3731
MGC29506	3.8099
WNT7A	2.1465
SLC22A9	10.2047
WNT7B	1.9038
CPT1A	11.2872
ERAP1	11.4812
LITAF	10.6053
HULC	13.3049
LOC285847	4.8633
EMR1	1.6119
EMR2	4.9297
EMR3	0.7532
CPT1C	3.6615
PCOTH	4.8061
CNTN2	0.7532
CNTN3	4.4307
ANXA2	12.0207
CNTN6	0.7532
CNTN4	3.3091
CNTN5	0.0
SLC44A4	4.7575
C11orf48	9.1843
DDX58	8.0863
DDX59	9.0203
PRR13	11.1812
DDX52	8.4594
DDX53	0.0
DDX50	9.2778
DDX51	8.7624
DDX56	10.6323
CSRNP1	10.0435
CSRNP2	7.8581
DDX55	8.1983
GATM	15.9735
CDC42BPG	2.3542
FAM129A	6.8256
CDC42BPA	10.8218
CDC42BPB	11.1327
FAM129B	9.0763
SPDYE6	1.6119
COX6C	13.5909
GATC	5.5734
BUB1	3.0944
RNPS1	10.7769
BUB3	10.2055
NUPR1	11.9123
UBE2E1	9.3568
UBE2E3	9.5193
C3P1	11.5544
SNORD72	0.0
CNGA1	2.5357
CNGA2	0.0
CNGA3	0.0
CNGA4	2.1465
NCF1B	3.0944
SNORD74	0.0
SNORD75	0.0
RNASEN	9.1806
ADSSL1	7.6474
SNORD79	0.0
PRR18	6.4263
LOC285401	0.0
EGLN3	5.5734
DNAH3	0.7532
EGLN1	11.6048
DNAH1	8.3332
DNAH6	1.6119
DNAH7	0.0
TP53BP2	10.5674
DNAH5	6.4032
HSD17B13	9.265
SFRP5	1.2455
DNAH8	1.9038
DNAH9	6.0169
SNORD114-4	0.0
PSMD8	11.4508
OR2Y1	0.0
MYBPC3	0.0
MYBPC2	0.0
MYBPC1	0.7532
MIMT1	0.0
MCM3	9.8177
OR9K2	0.0
FLG	4.9147
MCM2	8.1504
HSD17B12	11.4892
TMEM130	2.3542
TMEM131	9.6157
TMEM136	5.1684
HSD17B10	11.8132
CCDC48	4.7205
CCDC47	11.4722
CCDC46	6.4032
CCDC45	8.2083
TMEM139	5.1684
CCDC43	7.2199
CCDC42	0.7532
CCDC41	6.6885
CCDC40	5.2744
SPRY3	6.2029
RFTN2	4.1254
SPRY1	8.946
HSD17B11	11.9711
TRPC6	3.4961
TPM1	11.4836
SPDYE3	6.1511
SPRY4	7.7195
HDHD1A	7.896
RASSF10	0.0
RASL10A	1.6119
FAM177B	0.0
COASY	11.5419
UTY	7.9649
RASL10B	10.3535
TMEM116	7.896
MRGPRX4	0.0
CDKL5	1.9038
CDKL4	0.0
TRIM33	9.2873
BBOX1	6.7357
CDKL1	4.2345
CDKL3	4.1999
CDKL2	0.7532
TBX10	4.1809
FBXO22	8.7821
FBXO21	10.4856
SKA1	4.2861
FBXO27	6.8685
MCM9	4.0073
FBXO25	8.2928
FBXO24	4.7561
OR8K1	0.0
TBX19	5.1412
OR8K3	0.0
FBXO28	10.0397
OR8K5	0.0
SLC35C1	10.425
DYSFIP1	3.5811
ACPL2	7.1658
TMEM155	0.0
MRGPRX3	0.0
GNRHR2	8.4247
GNB5	8.855
GNB4	6.7075
AMBRA1	9.9556
MRGPRX2	0.0
AIM1	9.4783
XG	0.0
DBC1	0.0
AIM2	1.6119
FCRLB	3.8788
RNASE2	3.4056
C11orf88	1.6119
GPR19	1.6119
FOXB1	0.0
C11orf84	6.062
C11orf85	2.5357
C11orf86	1.2455
C11orf87	0.0
C11orf80	3.3091
FBXW2	10.4271
C11orf82	3.5811
C11orf83	8.8284
UTP18	8.964
TRIM31	0.7532
NME5	2.8419
MUCL1	0.0
FBXW5	12.0143
FAM107A	9.1548
SFRP2	0.0
FAM107B	12.8334
OR2T29	0.0
PARD3B	6.9103
SCARNA9L	0.0
TPSAB1	8.5883
OR2T27	0.0
FBXW7	7.9084
CRHR2	1.2455
CKAP2L	3.2057
CRHR1	0.0
ETFA	12.7003
NEDD4L	10.2114
NCOA6	9.3155
UBE2QL1	9.2778
WIPI1	9.5813
THAP2	6.8343
ETFB	13.2584
GTF2A1	6.902
GTF2A2	9.1857
RBMX	11.0637
PCDHA11	0.0
C1D	8.4761
IL18BP	7.4792
IQGAP1	8.8971
IQGAP2	12.5138
IQGAP3	4.2345
ProSAPiP1	8.3515
TRIM37	8.045
NFATC2IP	8.7669
HSPB11	8.7532
SCGB1D1	0.0
SCGB1D2	5.3491
SNORA4	0.0
NDUFS2	12.9217
THAP3	9.0518
TET1	3.4056
CDYL	7.9569
NDUFS3	11.0907
NOD1	6.8343
NOD2	2.9736
HCLS1	8.4982
NDUFS4	10.0491
TCP10L	5.9124
TET3	7.9884
SPAG11A	0.0
TBC1D3P2	0.0
PCMTD2	9.6641
PANK1	11.2804
PCMTD1	11.0038
KRI1	9.3828
RP9	6.7992
TECPR1	7.2527
RNASE6	6.6594
THAP4	9.7709
CDY1	0.0
COQ5	10.3834
YKT6	9.5813
CAMSAP1	8.5118
TUBA4A	9.1
TUBA4B	3.8788
CALD1	12.7249
TRIM35	10.4314
CCNB3	4.9931
CCNB2	3.0944
CCNB1	5.0239
VPS18	9.5526
SVEP1	4.1809
OR1F2P	0.0
NUP62CL	6.0471
CSTF1	9.3386
FIBP	9.7226
CSTF3	8.7944
CSTF2	8.1434
SNORA59B	0.0
ILF3	11.5422
ILF2	11.7759
POU2F2	3.8099
POU2F3	4.9931
P2RY1	3.0944
MET	11.5252
C1orf126	3.7691
C1orf127	1.9038
C1orf124	7.4522
C1orf125	0.7532
C1orf122	10.6588
C1orf123	9.1391
RNASE8	0.0
SSX7	0.0
PCCB	12.079
OR10C1	0.0
PCCA	10.8618
LRRC16A	4.2345
FCHO2	9.0981
C1orf128	9.8089
C1orf129	0.0
TNMD	4.1254
SSX5	0.0
ZNF227	7.3518
MRFAP1L1	10.3587
SSX2	0.0
P2RY6	3.6615
SOX30	0.0
UBXN4	11.4107
C6orf97	12.0893
C6orf94	0.0
SERPINC1	17.2497
TPD52	10.6731
SLMO2	9.2746
PZP	1.2455
CLN6	10.2573
CLN5	8.952
CLN3	10.2606
SACM1L	9.7743
FLJ39609	0.0
SLMO1	0.7532
XK	5.0834
CLN8	7.4635
AUP1	11.9348
SNORA19	0.0
C2orf39	0.0
C2orf34	5.9703
CLNK	0.0
ACSM2A	14.4601
ACSM2B	14.5948
SNORA12	0.0
PIN4	9.99
TJP1	10.1387
SSX8	0.0
P2RY4	0.0
UBE2K	10.364
OR11L1	0.0
TOR1AIP2	11.0461
OR51I1	0.0
OR51I2	0.0
SFXN5	10.48
RNF185	11.0191
LIMA1	9.2026
RNF187	11.9427
RNF186	1.2455
RNF181	10.7814
PCDHGB1	4.3359
RNF183	1.6119
RNF182	1.9038
C8orf12	0.0
CHMP2A	11.7122
BMPR2	9.862
PNPO	12.4267
SPESP1	3.4056
SIGLEC9	3.8099
ZBTB22	9.1754
RBX1	9.9005
ZBTB20	4.8633
CLVS1	7.2881
ZBTB24	7.196
CLVS2	0.0
EIF3IP1	0.0
APBB1IP	5.6143
PCDHGB5	3.6615
HRAS	8.2801
PCDHGB4	4.2861
FLJ25758	0.0
CCDC163P	3.3091
FLJ14107	0.0
SKI	10.4689
MSGN1	0.0
C16orf89	2.3542
C16orf88	7.4237
MFF	9.7191
C16orf81	3.5811
C16orf80	9.184
KRTAP9-2	0.0
C16orf82	0.0
CLDND1	9.2682
C16orf87	7.5504
BICC1	8.0863
SYT12	8.2705
SYT13	2.5357
SYT10	0.0
SYT11	6.2813
SYT16	0.0
SYT17	5.3491
SYT14	0.0
JMJD1C	9.7703
RINL	6.9667
MS4A8B	0.0
GEM	6.0321
GUSBL1	3.0944
LOC100190938	4.6033
RIC8A	10.6921
GUSBL2	5.9545
RNU5E	0.0
GAGE8	0.0
SH2D3A	3.7376
BAHCC1	8.1608
EHBP1	10.7524
ZNF143	8.2183
DDT	11.884
OR52I2	0.0
OR52I1	0.0
PCDHGA9	2.5357
DDO	8.0532
DDN	0.7532
DTNBP1	7.7793
DDC	10.7467
LAMC3	6.9667
LAMC1	12.1795
PCDHGA6	3.0944
PCDHGA7	1.6119
PCDHGA4	5.6929
DDX39	9.2308
SPATA22	0.0
SNORD88C	0.0
BCS1L	9.4671
GSTT1	12.6455
RWDD1	9.7132
LOC148189	5.6935
CDC14C	4.9297
CDC14B	11.0315
CDC14A	5.8209
RNF160	8.9258
GPR179	1.9038
WWC3	8.6036
ATP6V1G3	0.0
ATP6V1G2	3.3091
ATP6V1G1	12.2206
PPT1	9.5166
GPR171	3.0944
PHF7	6.0015
GPR173	0.0
PHF2	8.9699
GPR174	1.2455
GPR176	5.6143
VPS28	12.8832
C2CD4A	4.9618
C2CD4B	1.9038
C2CD4C	4.2345
C2CD4D	1.6119
ZNF136	6.3677
SERP2	6.7075
OBP2A	0.0
TCHP	7.5557
PDGFC	10.0869
DSC3	0.0
NUAK1	7.5714
TDRD3	7.7972
TCHH	3.2057
PDZK1	12.8275
OR6N1	0.0
SAPS1	10.4528
RNY5	0.0
RNY4	0.0
CEACAM20	0.7532
CEACAM21	2.5357
MICAL1	6.9633
SCGB2A1	3.0944
C10orf4	8.6313
RUSC1	8.5036
C10orf2	8.4481
MICAL2	10.899
SS18L1	10.2549
LOC145820	4.384
VARS2	10.1622
TP53AIP1	0.0
OR6N2	0.0
LOC440896	0.7532
KBTBD11	8.5702
ERN2	0.0
ERN1	8.7939
RPS26	10.1465
RPS27	10.3089
RPS24	13.8268
PCBD1	11.8911
COX8A	11.9928
RIMBP2	0.0
NDN	5.1956
MTSS1L	10.0741
SNORA36B	0.0
PHC2	12.068
POU5F1	4.4215
LEAP2	12.8738
ATRN	11.6001
OR1E2	0.0
OPRK1	0.0
OR1E1	0.0
UCHL5	9.0146
CHMP1B	10.2525
CHMP1A	10.7536
SNORA36A	0.0
UCHL1	2.5357
UCHL3	8.3545
LOC339674	1.2455
ZIC2	1.9038
MGC16142	3.3091
CHAF1A	7.8453
HSD11B1L	6.7357
NFYA	9.3733
PREB	12.6459
COL13A1	3.0944
SP140	3.8099
RNF126P1	3.0944
ZNF407	7.3887
ZNF408	9.1053
ZNF354B	5.2224
MSL3L2	7.2847
GLE1	9.6208
GPSM3	7.0362
GPSM1	6.0767
SCGB2A2	0.0
SPTAN1	12.3251
CSAG3	0.0
CSAG2	0.0
CSAG1	1.2455
AIMP2	9.5151
AIMP1	10.3803
PRELID1	10.922
MDH2	13.2103
ADPGK	8.8707
PRELID2	4.7575
DDX3X	12.0366
HSH2D	3.7376
DDX3Y	10.1904
LOC90110	7.5818
FAM171B	4.7575
PDE6C	0.0
SMARCA4	10.364
SOD1	15.0158
TERC	0.7532
PRDM6	2.3542
SNORD114-16	0.0
RABL3	8.8846
VPS33B	7.8918
TGIF2LY	0.0
PDE6A	0.7532
ULK1	11.5015
RMST	4.2861
RPL21P44	1.9038
ECEL1	0.0
TERT	0.7532
NBAS	9.8034
GYLTL1B	6.7541
PDE6G	4.3359
SLC4A10	0.7532
ZNF362	9.1496
LOC400696	0.0
PDE6D	8.3755
PUS7	7.145
VWA2	0.0
KIAA0247	9.4976
KIAA0240	8.0344
IL11RA	8.5306
NIF3L1	8.1469
GPX8	5.3491
SYNPO2L	0.0
TMBIM6	16.1996
TMBIM4	10.6377
FLNB	12.4597
TMBIM1	11.5369
CASP6	7.7882
CASP7	9.2176
CASP4	9.4289
CASP5	0.7532
CASP2	7.9207
CASP3	8.9279
SMC4	8.5676
CASP1	6.6594
PRDM8	0.7532
DRD4	4.2345
DRD5	0.0
DRD2	0.0
DRD3	0.0
CASP8	7.9728
DRD1	7.6124
LSG1	9.1285
PACRGL	6.4032
ZNF311	0.7532
FAM18B	9.0392
FAM18A	3.4506
MMRN1	5.7119
PICALM	11.5235
NCRNA00174	7.272
WDR52	5.3491
OR5I1	0.0
PYGB	11.1961
DOLPP1	8.9953
AKT1	11.34
AKT2	11.9657
AKT3	6.7903
LOC90586	6.6097
UPB1	13.1827
TLX1NB	0.7532
TTC9C	7.7428
TTC9B	0.0
TLCD1	6.5263
MRC1	8.4481
CHML	6.0321
PKD1L1	2.8419
PKD1L2	1.9038
PKD1L3	1.6119
ANAPC16	11.2339
ANAPC11	11.2527
ANAPC10	6.8854
ANAPC13	10.3535
SNRNP40	8.5064
SIAE	10.1006
PGAM2	4.9931
MYC	10.6342
MYB	2.1465
LOC149837	4.7575
TDRD1	0.0
ENTPD7	8.1125
ENTPD6	10.2964
ENTPD5	9.4478
ENTPD4	6.8685
ENTPD3	3.3091
ENTPD2	5.054
ENTPD1	8.5253
VILL	3.2057
KRT23	2.6969
ALOX5	5.3491
TOR1B	9.6182
KRT26	0.0
KRT27	0.0
KRT24	0.0
ENTPD8	6.0767
DLEC1	2.5357
SNAPC2	8.5064
SNAPC1	6.3796
SNAPC5	6.6855
SNAPC4	8.6263
ZNF347	3.2057
TEAD3	8.3545
RNF41	8.8825
TNFRSF10C	4.5621
ZNF492	0.0
TNFRSF10B	10.1439
HYAL3	8.1235
HYAL2	10.8781
HYAL1	12.4446
TNFRSF10A	6.6496
HYAL4	0.0
PRPS1L1	0.0
LACE1	6.7541
ZACN	1.4763
SNAPIN	9.546
SNORD52	0.0
PXDN	8.465
SPC24	3.4056
TMPRSS6	12.6329
SNORD53	0.0
HESX1	3.8099
MST1R	0.7532
ZFP14	6.0169
METAP2	10.339
NAT9	8.9177
PKIA	0.0
PGAM1	11.7078
CLCA2	0.0
S100B	2.1465
LOC100216545	7.7566
LOC389033	0.0
DPRXP4	0.0
PNMA3	2.9736
CSDA	9.5125
FAM40B	1.2455
SNORD115-11	0.0
FAM40A	10.1413
DUSP5P	0.7532
KLHDC9	9.2983
DCTN1	11.3358
LOC728392	4.6825
SLC4A9	0.7532
NAT8	10.7876
RRN3P2	3.4961
LANCL2	8.6338
LANCL3	1.9038
PILRB	9.3641
LANCL1	10.1912
DCTN4	10.3175
SRP14	12.3374
HUNK	4.7205
SRP19	9.3854
CAGE1	0.0
PROCR	5.7854
ODF3	0.0
ODF2	8.4195
ODF1	0.0
GNPNAT1	11.0568
SNORD113-9	0.0
ODF4	0.0
EFEMP1	7.4005
SNORD113-5	0.0
SNORD113-6	0.0
EFEMP2	7.021
SNORD113-1	0.0
SNORD113-2	0.0
OSTC	11.1581
TAS2R9	0.0
RPS4Y1	12.24
YSK4	0.7532
TFE3	9.7967
SNORD114-14	0.0
KIF3B	10.7461
KIF3C	4.5621
KIF3A	6.4604
HADH	12.888
HIC2	6.6496
LOC93432	0.0
TMEM9B	9.8841
MRAP2	6.8081
TMEFF2	0.0
CCDC102B	4.384
SDC4P	0.0
BPIL2	0.0
BPIL3	0.0
BPIL1	1.6119
OR4M2	0.0
OR4M1	0.0
ASPM	5.2744
SCTR	1.2455
WNT5B	7.2396
WNT5A	7.7335
TUBBP5	0.0
VEZT	9.0011
NCF2	5.8554
APLP2	14.463
SERGEF	7.8876
NCF4	6.6496
USP38	9.9193
KNTC1	6.3065
STAMBP	8.9973
UFD1L	10.1561
NIT1	11.3203
MUTYH	8.6914
UBXN1	10.6759
VDR	7.3036
HNRNPH1	11.1389
HNRNPH3	10.1094
HNRNPH2	11.9789
OR10X1	0.0
NCRNA00105	6.9508
GATS	5.9492
NCRNA00107	2.5357
FOXK2	9.3263
TBC1D8	9.7354
SNRNP48	7.6375
SNORD116-18	0.0
PAPOLG	6.8256
PGM2L1	5.6541
FOXK1	8.4537
RBM12	9.6712
MRPS35	10.9603
LOC100131434	4.5633
TBC1D2	9.5552
HCFC1R1	9.6656
MRPS31	8.958
MRPS30	9.0945
MRPS33	9.4087
TBC1D7	8.3545
HSPA12B	7.0807
LOC84989	2.7842
HSPA12A	5.9703
TRIM10	6.5047
SAP30BP	9.78
FAM127C	5.9384
FAM127B	9.5565
FAM127A	10.8913
TBXA2R	5.7674
SEL1L	12.4681
MCM3APAS	2.8733
CGB8	0.0
ZNF271	8.4367
KRTAP20-3	0.0
CGB5	0.0
CGB7	0.7532
CGB1	0.0
CGB2	0.0
INO80	9.0909
SIGLEC15	3.3091
SNORD98	0.0
SNORD99	0.0
KIAA2018	9.534
NRSN1	0.0
KCNB2	0.0
KCNB1	7.8918
SNORD97	0.0
KIAA2013	11.2947
HNRNPUL2	10.8457
HNRNPUL1	11.5962
SNORD93	0.0
ZG16	6.3065
DEGS1	9.4203
DEGS2	4.6825
RBM18	9.8609
CLEC6A	0.0
CNTLN	8.0827
CD22	5.986
OSGIN1	12.4405
STOML3	0.0
PAIP2	11.1559
PAIP1	9.7458
TPRA1	10.187
ZNF519	2.6969
EMP2	12.2811
EMP3	7.1727
NRSN2	4.8968
EMP1	9.9724
MLYCD	10.0322
ZMAT5	9.3208
AMOT	8.5832
GABRA2	0.0
MVP	11.4416
KRTAP20-1	0.0
AKR1CL1	5.3491
TEAD1	10.7135
CCDC21	7.4237
TMSB4Y	4.9297
CCDC23	8.7782
CCDC22	9.1741
CCDC25	9.3046
CCDC24	7.5361
CCDC27	0.7532
PCOLCE2	10.0189
CNTNAP1	5.1684
DCAF12	9.9861
DCAF11	12.2569
DCAF10	10.1067
DCAF17	7.7474
DCAF16	6.9266
DCAF15	8.3695
TMEM111	11.1047
ZNF556	0.0
APOB48R	6.4263
FIBIN	4.384
ZNF276	8.0663
PAPSS1	8.7278
TXN	11.9112
PAPSS2	11.0862
TXK	3.4056
OR8I2	0.0
CDKN3	3.8788
NGLY1	8.7894
BLZF1	8.3454
BHLHE22	0.7532
BHLHE23	0.0
LSM10	9.0165
DPEP1	3.9445
SOD3	6.3313
UBA3	9.1924
DPEP2	4.1809
LOC595101	5.8033
SLC35E1	10.2271
KCTD20	10.0397
KCTD21	10.2846
SLC35E4	4.7586
RXRG	8.7532
ABRA	0.0
PLCL2	6.2813
TRIM17	0.0
UTP23	9.0411
OSBPL11	10.2022
KIAA1430	9.0782
MAP7D2	6.4827
KIAA1432	9.2125
ORC4L	7.5022
HORMAD2	6.3435
NMD3	10.8984
FAM96B	10.0841
KIAA1383	6.1758
RANBP3L	7.896
RNU4ATAC	0.0
HEPHL1	1.2538
TMEM110	8.7905
LOC149620	0.0
TRIM16	8.3083
PRPF38A	8.8138
PRPF38B	9.2698
TAZ	9.6295
OPRM1	0.0
MGC14436	4.7936
PPP2R2A	8.5386
LOC729603	4.5621
G3BP1	11.1213
G3BP2	10.9588
?|340602	0.0
FAM101B	7.2331
FAM101A	0.7532
MYOZ1	1.2455
KIAA0528	8.1779
OR2B6	1.6119
TDRD6	2.8419
MXRA7	9.1686
SFRS15	9.2242
ZFY	7.2911
IFNAR2	8.478
RNF25	8.9054
IFNAR1	10.877
GPM6A	4.1809
USP31	9.7912
GPM6B	1.6119
TTC39A	5.0239
GRAMD1A	7.9207
SGPL1	11.6131
MVK	10.6205
KCNQ1DN	0.0
CSPG4PY2	0.0
APBB1	7.6718
APBB2	10.7763
APBB3	8.9115
ANXA2P1	4.5196
ANXA2P3	0.7532
ANXA2P2	10.367
PASK	5.4201
SEZ6	0.7532
LIME1	11.3267
IRAK2	9.1857
IRAK3	6.7723
IRAK1	11.078
IRAK4	7.6718
OR7D4	0.0
UNKL	7.933
WDR6	10.9503
WDR5	10.5855
WDR4	6.7263
WDR3	10.2097
DIAPH1	12.3852
DYSF	10.9538
DIAPH3	2.1465
WRN	5.5734
PPP2R2B	1.2455
SMR3B	7.149
TAF1A	6.2426
SNORD116-12	0.0
SMR3A	8.9185
SATB2	7.7972
STAR	1.6119
SMARCD3	5.4656
SMARCD2	11.5482
SMARCD1	9.4573
GATA6	7.953
GATA4	8.816
GATA5	3.3091
COX6A1	12.7367
GATA3	2.3542
COX6A2	3.2057
SVOPL	0.0
TXNDC9	8.2577
SNHG1	8.2705
POLR3G	5.5734
CCND1	11.3011
CCND3	9.292
CCND2	6.902
TMEM192	10.2956
CEP290	6.1454
TCF15	5.4656
TTC39B	6.4032
TM2D2	9.2455
SCNM1	8.952
TCF12	9.1582
SH2D1A	3.5811
IPCEF1	4.0073
TCF19	7.088
SUCLA2	9.0538
TNKS	8.7969
ACVR1C	5.3968
ACVR1B	10.6242
LOC150776	7.0734
RPS27A	12.5759
MTL5	5.054
RELL1	7.1024
SHISA5	11.8788
LOC401431	5.2494
SEPT7P2	6.3914
MAGEE2	0.7532
MAGEE1	3.8099
KDM2A	10.7926
UROD	11.5623
GABBR1	3.0944
GABBR2	2.3542
SERPINE1	10.9458
SERPINE2	6.2029
C5orf4	10.566
SOX18	6.9746
TNNT3	0.7532
TNNT2	1.2455
SH2D6	0.0
SOX10	0.0
SOX11	0.7532
SOX12	7.9247
SH2D7	0.0
C6orf70	9.0317
SOX15	2.6969
C6orf72	9.1992
SOX17	6.6496
EPPK1	3.3091
NARS	10.7147
SSTR2	4.2861
C4A	16.0667
DMAP1	9.7191
SNX31	1.6119
ABCA2	10.682
SNX33	10.6589
SNX32	0.0
SLC27A2	12.7428
HMMR	4.384
IRGQ	8.8929
PDLIM7	7.5022
DPCD	7.3201
PDLIM2	8.7782
PDLIM3	8.776
CHRAC1	10.035
MSH4	0.0
MARS	9.9009
ZNF286A	6.3556
PLAC4	0.0
IRGC	0.7532
HAAO	11.494
INSIG1	13.0547
UMOD	0.0
PGM3	8.612
FTL	16.6134
FTO	9.5709
ZDHHC1	7.1589
TNK2	9.5662
PAFAH2	9.0373
MARS2	7.2132
ZDHHC5	10.9573
ZDHHC4	9.9305
ZDHHC7	8.5676
VAT1L	4.1254
TDRG1	0.0
ZDHHC8	9.6494
LDLRAP1	9.9172
KDM2B	9.3697
C8orf38	8.816
C8orf39	2.5357
IGFBP6	5.8383
ANPEP	13.6625
TOMM6	11.1938
C1orf144	11.5888
C8orf33	11.2174
C1orf146	0.0
C8orf31	0.7532
HES4	4.4758
C8orf37	6.7357
C8orf34	0.0
HES7	0.0
KLHL25	9.7766
KLHL24	11.0029
KLHL26	7.6767
CAPNS1	12.6363
KLHL20	9.1651
KLHL23	4.8862
CAPNS2	0.0
TMEM81	6.5155
GABRR1	0.0
GABRR2	0.0
GABRR3	0.0
KLHL29	6.4263
KLHL28	7.5766
TRMT12	8.7805
DCC	6.7541
POLG	9.9709
LTB4R	7.1835
POLE	9.2634
STX12	10.0369
TRIM59	2.8419
POLB	8.225
TAF15	11.6809
FH	12.9563
PDE6H	0.0
CDC123	10.2571
POLL	9.0474
NCSTN	11.9459
SART1	10.6034
POLI	7.2911
DONSON	8.2018
NDUFV3	10.1776
MDK	9.637
NDUFV1	12.8472
ZNF286B	3.2057
CCNDBP1	9.763
ZNF213	7.1863
C2orf16	6.7723
C2orf14	0.0
C2orf15	2.3542
PCIF1	9.5722
ATP5EP2	4.9931
IGSF5	0.7532
STATH	0.0
GGN	1.6119
GGH	13.3061
C2orf18	10.4911
NUS1	10.367
IL17D	1.6439
LAMA1	2.6969
IL17F	0.0
LAMA3	11.6356
LAMA4	8.4453
IL17A	0.0
IL17B	0.0
IL17C	0.7532
LOC375190	6.294
PLAC8	3.8788
PSD4	10.9226
CHRDL1	0.7532
SLC25A42	12.1756
CHRDL2	2.8419
WDR62	3.9445
LOC399815	0.0
SNHG3-RCC1	7.4243
LOC100133991	1.2455
RAD23A	11.3442
CASS4	5.2486
MYOT	4.1254
DCT	1.6119
ZNF843	4.2345
SSR3	11.7683
GPR153	8.0643
GPR152	0.0
F2	15.076
C13orf23	7.6621
GPR157	4.9297
F5	14.6765
C13orf26	0.0
C13orf27	8.7509
C13orf28	0.0
C13orf29	4.6435
SSBP4	9.0203
GPR158	2.5357
ATP6V1E1	11.1301
ATP6V1E2	4.9297
KRTCAP2	11.6773
CDC27	9.5327
HTR3D	0.0
HTR3E	0.0
HTR3B	0.7532
CUL2	9.0981
HTR3A	0.0
FAM89A	8.215
ZNF18	8.3785
TMEM8C	1.9038
FAM89B	9.4629
TMEM151B	0.7532
OR52B6	0.0
TMEM151A	0.7532
C2CD2L	7.8312
SMARCA5	9.5644
HOXD12	0.0
COBRA1	10.2686
RBPMS	10.5861
EI24	11.9342
SGMS2	8.4706
BAALC	7.4409
MITF	5.9222
PRC1	5.5312
HOXD11	0.0
UBE2B	10.7559
RPTOR	9.5864
EPS15	10.1802
PPFIA4	1.6119
SETMAR	7.8708
PPFIA2	2.8419
PPFIA3	7.9923
PPHLN1	8.9659
PPFIA1	9.9977
RTDR1	2.5357
MYOG	0.0
TM4SF1	10.858
FBP1	10.2072
MAB21L1	0.0
MAB21L2	1.6119
MYOF	7.7006
HSD17B8	9.7261
HMGCL	13.1357
TOX4	10.3156
TRDMT1	4.5621
ZNF648	8.3605
PRMT3	8.1258
DYNLRB2	4.8968
HSD17B1	5.52
HSD17B2	11.3025
DYNLRB1	10.7023
HSD17B4	14.234
CDH22	9.4517
HSD17B6	14.4
HSD17B7	10.9185
ALDH3B2	0.7532
ALDH3B1	7.9001
TRIM27	11.0376
CYR61	11.3721
NUP155	7.9923
RTN4	13.3585
CDH24	5.2224
KPNB1	11.0857
HGS	10.7484
RTN2	8.2316
ABO	3.0944
ABR	6.6789
CDH26	1.2455
BAIAP2	11.5389
HGF	2.8419
HGD	14.0333
LOC220729	5.9703
OR1G1	0.0
GIYD2	10.3791
C7orf68	7.5184
BACE1	11.1589
BACE2	6.4937
LIN54	7.9247
IPO13	9.9516
ATP4A	0.0
ATP4B	0.0
C7orf60	6.1894
C7orf61	1.2455
C7orf63	5.1406
C7orf64	7.561
C7orf65	0.0
C7orf66	0.0
IER3	8.1222
CILP	2.8419
ZNF468	6.6789
PNKD	11.7768
SCARA5	3.4056
ZNF462	4.0675
CYB561D1	6.2295
CYB561D2	8.952
PDZD8	9.16
PPP1R13B	8.4253
MYBPHL	1.6119
PSKH1	9.7641
ZNF397	6.8081
ZNF154	2.3542
LOC100188947	1.9038
TMEM41B	9.8045
IL1RL1	5.7119
IL1RL2	3.5811
NMS	0.0
HUWE1	11.5043
LOC100188949	2.8419
SFT2D3	9.0542
LOC387647	8.312
LOC387646	3.2057
ARAF	10.5377
PKP2	10.4786
PKP1	4.5621
NUDT22	8.8771
NUDT21	9.881
SERTAD4	3.6615
ROS1	2.8419
TRIM32	8.2991
PGAP2	9.7788
PEBP1	15.5728
TOPORS	9.1806
LOC646999	3.8788
TEPP	0.0
SLCO5A1	3.7376
POPDC2	3.8099
POPDC3	0.0
FAM173B	8.405
FAM173A	8.5306
UST	10.3504
STARD3NL	8.4424
SPIN4	6.6692
ZNF705D	0.0
SPIN1	9.3598
METTL7A	14.4771
METTL7B	11.978
PROP1	0.0
MCART3P	0.7532
IFT52	7.4967
TEP1	7.9369
IFT57	8.1779
SNORD73A	0.0
LYPD5	1.9038
CEP192	6.7449
LPP	6.6789
LPO	0.0
ILVBL	11.9384
EYS	4.2345
LPL	9.2176
ZFC3H1	7.6175
TNFRSF25	4.6033
APOL6	11.1195
GDAP1L1	0.7532
AARS2	8.9679
LPA	8.6924
GOLGA2P3	0.0
SAMD9L	6.7541
APOL4	8.2544
CLECL1	1.9038
APOL3	9.4474
C1QC	9.9566
C1QB	10.4745
C1QA	10.8098
CNOT6	8.1222
MAMLD1	7.7382
TAGAP	4.8289
OR6F1	0.0
PKHD1	8.1642
RNMT	8.9895
OR6C4	0.0
DDAH1	10.8257
DDAH2	10.2646
ELMO3	6.6397
HUS1B	2.6969
TMED8	7.1727
ZNF44	7.1991
LYPD6B	1.2455
MBLAC2	7.9767
MBLAC1	5.3731
MGAT4B	12.3261
CRELD2	10.3466
VSIG4	7.0734
CRELD1	9.522
VSIG2	1.2455
NOS2	3.8788
OR5K2	0.0
OR5K3	0.0
EIF4A3	10.3745
ITGB2	8.5985
SLC29A3	7.3828
SLC29A2	5.789
SLC29A1	10.0463
TOP1MT	10.3314
TMPRSS15	0.0
ARL4D	10.7427
VWC2L	0.0
ASAP1IT1	0.0
ARL4C	9.056
NMRAL1	10.8267
ARL4A	9.8715
ADORA2A	6.6262
ADORA2B	1.6119
SPINK14	0.0
TIRAP	7.6523
SPATA5L1	8.5009
NKAP	9.0354
EIF4A2	12.5498
LOC645752	1.6119
TOMM5	9.8671
MAVS	10.2893
SPHAR	8.9587
LAT	6.1925
PLXDC2	6.8429
PLXDC1	5.6736
C6orf204	3.8099
RP1-177G6.2	0.0
C6orf201	4.2876
CSK	10.6687
C6orf203	8.5333
CNOT10	8.4706
C6orf208	5.3318
MRAS	7.9923
MRAP	2.663
SAA3P	0.0
PDZD2	6.0169
GALNT8	0.0
GALNT9	0.7532
GALNT4	7.4308
GALNT5	0.0
GALNT6	4.5621
GALNT7	4.4307
GALNT1	11.4219
GALNT2	11.7818
GALNT3	2.1465
DGAT2L6	0.0
PAAF1	8.5934
ZNF440	6.2813
SUV420H1	9.1267
FAM103A1	8.6138
ST8SIA4	4.9931
TRIM49L	0.0
DMWD	8.4195
ZDHHC6	9.1924
CD74	14.5733
SFRS16	9.2889
CD70	0.7532
CD72	6.4937
CLOCK	7.7657
PMP2	0.0
HTN3	0.0
NOXO1	3.7376
HTN1	0.0
RFC1	10.7892
RFC3	6.9103
RFC2	8.4706
CCDC64B	0.0
KIF15	2.3542
KIF17	5.3491
SNORD115-32	0.0
KIF11	4.9618
KIF12	9.5539
CBX8	7.6621
CBX7	10.4243
CBX6	7.7748
CBX5	10.8284
CBX4	9.3202
CBX3	11.1016
CBX2	4.2345
CBX1	9.2423
SNORD115-39	0.0
NLRP5	0.0
NLRP4	0.0
NLRP7	1.2455
FASTKD5	8.49
FASTKD2	9.5139
FASTKD3	7.7382
NLRP3	3.9445
FASTKD1	7.3769
PSEN2	7.8876
PSEN1	10.2005
BTLA	1.2455
NLRP9	3.8788
NLRP8	0.0
CYB5D1	8.6036
RAB18	10.7644
WDR24	9.5683
CCPG1	10.6038
ST6GALNAC1	1.2455
WDR20	8.2083
MMGT1	9.4217
SNAR-D	0.0
LRAT	7.5076
RAB13	11.5769
RAB12	9.1179
LYST	8.9299
RAB14	11.268
RAB17	10.6795
PPP1R12A	8.827
GNAQ	10.0995
MAPK4	8.0193
RQCD1	6.7541
ASCL2	1.9038
CKS2	8.4079
NAGLU	10.9558
ASCL1	5.1123
XRCC6	12.5906
ASCL4	0.0
GAPDH	15.6816
LOC221710	8.5306
SERPINH1	12.1249
NCRNA00161	0.7532
ACADSB	13.3216
IGF2BP1	7.9369
C15orf61	7.8366
IGF2BP3	2.9736
IGF2BP2	7.1658
LOC606724	3.4961
SNORA30	0.0
TRIM2	10.1299
CD101	2.5357
KIF1A	5.5312
KIF1B	10.1819
KIF1C	12.4451
CD109	6.0015
STX16	10.0113
SPATC1	3.0944
SHOC2	9.6043
TRAIP	3.9445
AATF	9.9724
ATHL1	9.5735
SNHG4	1.9038
TMSB15B	3.5811
AATK	4.2861
OR4C6	0.0
OR4C3	0.0
IFNGR1	13.8766
ERCC8	6.3914
TPI1	12.9148
USP40	10.2005
OR10Z1	0.0
ERCC1	9.567
ERCC2	9.453
ERCC3	9.2423
ERCC4	7.6124
ERCC5	10.1622
ERCC6	6.6757
CD244	3.3091
AIM1L	6.0321
MRPS15	11.0153
CD247	5.6929
NLRP11	7.6124
MRPS12	9.833
MRPS11	10.0649
MRPS10	9.4629
SPIRE2	7.4005
CD248	6.9746
LOXL1	4.9931
LOXL2	7.561
KIAA0922	9.1634
LOXL4	8.2928
UBTFL1	0.0
UNC119	7.4294
UBE2I	9.7653
PFKP	7.4005
GEMIN8P4	6.4378
PFKM	8.6062
PFKL	12.5333
TNNI2	2.1465
GPR1	1.2455
FOXD3	0.0
TNNI1	6.2556
FAM125A	9.1772
PRDXDD1P	4.6825
FAM125B	7.5399
LMAN2L	9.1941
KCND1	3.4961
MFSD8	8.3332
KCND3	8.2928
KCND2	0.0
CCHCR1	9.2357
SNURF	5.173
DIRC1	0.0
LSM5	9.0467
DIRC3	1.9038
DIRC2	8.5321
ABHD14A	8.9895
LSM1	8.1915
LSM2	8.5624
ABHD14B	12.4925
ZNF774	2.3542
SEH1L	8.8825
USP48	9.1443
SMG7	10.9888
DCBLD2	8.934
DCBLD1	8.3962
LILRA5	3.8099
DDX26B	3.2057
CLEC4G	0.0
CLEC4F	1.9038
CLEC4E	5.6736
CLEC4D	0.7532
CLEC4C	0.0
CLEC4A	4.5621
FZD8	7.0437
CACNG8	0.0
SSR1	11.5943
SSR2	12.4101
LOC441869	6.0913
SSR4	12.6328
DEFB129	0.0
DEFB128	0.0
DEFB127	0.0
DEFB126	0.0
DEFB125	0.0
DEFB124	0.0
DEFB123	0.0
DEFB122	0.0
CACNG6	0.0
CACNG7	0.0
TMEM117	7.2331
LSMD1	10.1325
SMPDL3A	10.4752
USP46	7.8496
LOC728855	9.6711
LOC100130093	7.5885
CASP8AP2	7.3099
ZIM2	0.0
GPR6	0.0
TPBG	3.2057
APOC4	14.3583
APOC2	15.7321
APOC3	16.7647
ABI3BP	3.5811
TCAM1P	0.0
RANBP10	10.9751
XDH	9.9744
RANBP17	5.5312
USP10	10.1334
MYO10	7.1239
BHLHE40	12.6966
BHLHE41	4.384
PRODH2	11.825
PRLH	0.0
MAP4K3	9.1806
IDUA	8.525
POU6F2	0.0
PYCARD	6.294
OR4D11	0.0
MAGI3	8.3022
MAGI2	7.4802
MAGI1	9.3356
PPP3R1	10.9563
VWA3A	0.0
KLHDC10	9.0891
NFE2	5.8554
METTL8	7.6621
UGT2B4	13.4215
ZFPM1	6.537
NGEF	9.8831
SELL	7.1727
LAS1L	10.7547
METTL9	8.9218
WBP11P1	2.8419
TRIM74	1.9038
SLC25A22	9.6834
SLC25A23	11.9455
SLC25A20	11.2872
SLC25A21	1.7477
GAPT	2.8419
SLC25A27	4.6435
SLC25A24	5.7854
SLC25A25	11.2466
SLC10A4	0.7532
LOC91948	0.7532
SLC25A28	9.9456
SLC25A29	8.4622
PRMT10	6.9746
POP5	8.942
MAGIX	8.7114
SMUG1	9.4289
SPTY2D1	9.3581
ULK3	9.1924
SELM	9.6018
KLRC1	0.7532
GPBP1L1	11.1633
OR8G2	0.0
VPS36	10.2484
FOXA1	8.7917
SNAR-C4	0.0
FOXA3	7.021
FOXA2	10.7229
BST1	5.7674
BST2	10.05
COPB1	11.2962
ZNF823	6.5263
COPB2	11.5429
ZFP37	4.2861
INSRR	0.0
KDM4C	8.95
ISG20L2	9.2242
KDELC1	7.7101
KDELC2	7.8624
CARM1	10.0667
RASAL1	1.2455
?|10431	9.8438
SOX13	10.0887
PAGE4	8.4079
PAGE5	0.0
PAGE2	0.0
B9D2	6.3556
B9D1	6.804
PAGE1	0.7532
FLVCR1	6.2685
KRTAP7-1	0.0
TRIM71	0.0
SFRS18	9.2423
PCDHB3	2.8419
PCDHB2	3.5811
LOC100240735	0.7532
LOC100240734	0.7532
PCDHB7	3.0944
PCDHB6	3.2057
PCDHB5	4.1809
PCDHB4	4.4758
MKS1	7.6863
USP15	9.6382
PITPNM1	8.2117
PGK2	0.0
PGK1	13.6216
ROPN1B	4.8968
FAM86C	6.9902
BECN1	10.3115
PITPNM3	3.8099
XIRP1	0.7532
HSPA4L	9.5179
PITPNM2	9.5916
DKFZp434J0226	0.0
SDHAP2	7.6767
MGC23270	5.7306
SDHAP1	7.1168
SMTNL1	0.7532
SMTNL2	3.8099
SMAGP	6.3313
RPUSD4	9.4014
DLX6AS	0.7532
IMPG1	0.0
FAM22F	4.5196
FAM22G	0.7532
FAM22D	7.066
WARS2	8.3363
INSM2	0.0
RPAP3	8.3515
FAM22A	6.4937
TOMM20	12.687
GLB1L	7.7006
ULK4	5.6344
KLRC4	0.7532
RPUSD1	8.4594
LOC253724	4.5196
KCTD3	11.9836
ATP6AP1L	5.1123
LOC100134368	0.7532
KCTD2	9.526
OXA1L	11.9402
RPUSD3	9.4028
OR10A3	0.0
SNORA5A	0.0
MAGEC1	0.7532
C6orf57	6.9824
MAGEC3	0.0
MAGEC2	0.0
C6orf52	2.1465
SNORA38B	0.0
PCDHGA3	2.1665
KCTD7	6.5869
KIAA0101	5.5734
KIAA0100	10.5309
DOCK10	4.6825
DOCK11	5.3968
C6orf58	1.6119
C6orf59	0.7532
SNX17	11.4277
SLC12A5	2.9736
SNX15	8.3991
SNX14	10.1474
SNX13	8.964
KCTD5	8.6972
LPAL2	4.8968
SNX10	10.6783
SPCS1	12.192
KCTD4	0.0
TOMM22	10.7011
SNX19	10.2271
SNX18	9.3155
ICAM5	0.0
ICAM4	1.6119
ICAM3	9.0542
ICAM2	8.7832
ICAM1	10.2038
SNORA2A	0.0
DPM3	10.5122
DPM2	9.4517
DPM1	9.5085
CTDSPL	8.7255
FBXL14	9.4346
LY6E	8.5413
LY6D	0.0
PDYN	0.0
ZNF35	4.2861
ZNF610	2.1465
?|442388	0.0
APOA1BP	11.2547
RABGEF1	9.6397
LRTOMT	8.3228
ZNF613	5.594
LY6H	3.0944
SMTN	9.7878
OR51M1	0.0
LOC152217	8.3545
OCLN	7.5869
ZNF615	7.0057
OCLM	0.7532
EBNA1BP2	10.2838
TMEM87A	9.4671
TYW3	8.791
NEUROD2	0.0
GPR37L1	2.3542
OR5B21	0.0
NEUROD1	0.0
NEAT1	13.6375
SGK2	9.4346
NEUROD4	0.0
SNORA5B	0.0
ARPC5L	9.4531
CHURC1	9.9796
RALYL	0.0
C1orf162	5.8033
C1orf163	8.6011
OR4K17	0.0
C1orf161	4.9618
TMTC3	8.3424
RAX	0.0
OR4K13	0.0
C1orf168	7.3709
STK32B	3.6615
TXNL4B	8.7114
CDH11	6.8601
CDH10	0.0
CDH13	8.5676
CDH12	0.0
CDH15	9.2634
CREG1	12.5425
CREG2	1.2455
CDH16	3.6615
CDH19	0.7532
CDH18	0.0
SPATA20	10.6999
SPATA21	3.2386
OR4A16	0.0
CYCS	10.8191
GPD1	10.0768
DFNB59	4.7205
GPD2	7.2847
STK32A	0.0
LOC100170939	2.6969
TCP10L2	0.0
SDF2	9.5394
PLBD2	9.3999
PDCD2L	6.579
IMP4	10.1085
PLK1	3.3091
OR4A47	0.0
NEFM	0.0
NEFL	1.6119
FAM36A	10.8345
SON	11.1137
C2orf70	0.0
C2orf71	1.9038
C2orf72	12.2121
C2orf73	0.0
C2orf74	8.5676
C2orf76	6.6298
C2orf77	3.2057
C2orf78	0.7532
C2orf79	8.1504
NRG3	0.0
NRG2	5.3731
MBP	9.125
NRG4	0.7532
GAA	12.3675
NPBWR2	0.0
OR52E6	0.0
LOC148696	1.6119
OR52E2	0.0
LOC100128191	6.5539
RWDD3	8.3637
XYLT2	9.6628
EIF4EBP2	13.4101
NGFR	5.5097
MCHR2	0.0
MS4A10	0.0
RORC	12.5824
MEPE	1.2455
TRAK2	9.1908
MCHR1	5.1123
NUMB	10.3003
PARP1	11.593
TPMT	11.1239
SFMBT1	8.3301
LOC283731	0.0
SCAND1	10.8289
MS4A13	0.0
SERPINA6	13.5332
HRASLS	0.0
MS4A14	2.8502
EXOC6B	5.6541
CYC1	12.835
PON3	11.0789
PON2	12.2512
COMMD10	8.0154
HAGH	12.318
TFCP2	8.0116
RPH3A	0.7532
SPATA2L	8.2349
CKAP2	6.4032
HTR1E	0.0
HTR1F	0.0
HTR1A	0.0
CKAP4	10.3996
CKAP5	9.6834
BCL2L1	13.1507
BCL2L2	8.8628
WFDC10A	0.0
TCF20	9.6858
GFRAL	0.0
SYNGAP1	5.8383
LOC100101938	0.0
SCO2	9.3882
GOLGA6L10	5.2744
NRAP	2.1775
RBM15B	10.5028
UGP2	12.3986
SPINT2	6.0913
SLC38A11	6.062
SPINT1	3.3091
SPINT4	0.0
NAPG	8.8443
ITSN1	9.6081
NDST1	11.5551
NDST2	8.4789
ITSN2	9.3046
MMADHC	10.9859
WNT8B	2.5357
PRAF2	7.6124
ZNF668	7.5766
SH2D1B	3.0944
KHK	13.8425
CYP39A1	7.3468
ZNF660	0.7532
SCAND2	7.1589
ZNF662	5.1406
FTLP10	0.0
PLK4	2.9736
OOEP	0.0
NME1	10.4328
SCAMP4	9.9446
SCAMP5	6.2295
SCAMP2	11.0086
SCAMP3	11.0086
SCAMP1	9.6641
PDCD2	8.855
CELA3B	0.0
LOC441455	0.0
CELA3A	0.0
CXADRP3	1.2455
C7orf43	7.4635
C7orf40	6.6594
C7orf41	8.744
C7orf46	4.7205
C7orf47	7.9767
C7orf44	8.2381
C7orf45	0.0
OR1A2	0.0
TSPAN8	9.6665
C7orf49	8.6058
FAM193A	9.0146
FAM193B	9.3985
WIT1	0.0
ZNF444	10.4911
TCF23	0.0
ZNF446	7.6518
RHOT2	10.5169
ZNF441	6.5263
ZNF442	4.8289
RPS6	14.6094
RPS5	13.841
EPSTI1	6.5263
LOC401127	3.9445
GFRA4	0.0
L3MBTL3	6.5476
L3MBTL2	9.5402
C8ORFK29	2.5644
L3MBTL4	5.054
GFRA3	1.2455
GFRA2	5.594
ADAMTS15	2.3542
TSEN15	8.7782
CINP	8.7692
RPS2	13.0174
PRSS45	2.6969
PRSS42	0.0
AFAP1L1	8.1504
AFAP1L2	4.1809
PRSS41	0.0
TSEN34	10.0472
PCMT1	10.2598
PRSS48	0.0
C9orf7	10.9563
C9orf6	7.8793
C9orf5	12.4105
C9orf4	0.7532
C9orf3	9.4967
NAV1	6.8685
PSENEN	10.0539
C9orf9	7.7474
CDKN2BAS	0.7532
FAM177A1	9.6978
CPA2	0.0
CPA3	7.806
FAM175B	8.6363
CPA1	0.0
CPA6	0.7532
PRR15L	2.9736
CPA4	0.7532
CPA5	0.7532
PVRL1	8.1399
NBEA	4.0675
LOC347376	0.0
OSM	2.9736
PVRL4	2.5357
SNORD116-10	0.0
ATG9A	10.4523
ATG9B	2.2726
SNORD116-13	0.0
TPTE2P3	0.0
OS9	13.7667
VENTXP1	0.0
PKDCC	7.5766
SNORA38	0.0
LNX2	9.9182
FAM113B	4.3359
LNX1	8.0532
STAG2	11.4632
SNORD116-15	0.0
IFT74	8.4079
MYL10	0.0
SNORD116-14	0.0
DSTN	11.8121
NPHS2	0.0
C14orf166	10.797
SNORD116-16	0.0
ASMTL	10.2798
KRT6A	0.7532
KIAA0467	9.3962
SIGLECP3	1.6119
VCP	12.7192
AP1G1	10.9864
AP1G2	7.5363
TACSTD2	4.8633
TMEM50B	9.58
RPS19	14.2342
NDUFAF2	7.4179
LOC284900	8.1328
UBE2U	0.0
ZNF385B	9.8341
DCAF4L1	2.1465
DCAF4L2	0.0
ZNF385A	7.4005
ZNF461	5.4201
C6orf195	0.0
OR5M8	0.0
EHD4	9.9375
EHD3	6.2295
EHD2	9.5877
EHD1	9.6882
REEP5	12.2882
GMFB	10.1192
NDEL1	9.7049
XKRY	0.0
XKRX	3.7376
OBFC1	8.5413
GON4L	8.9649
ABL1	10.3167
LOC100271831	4.0196
LOC100271832	0.0
ABL2	9.0634
LOC100271836	6.3967
VLDLR	8.948
TMED7	11.6731
TMED6	5.6736
IL9R	0.0
TMED4	9.6726
TMED3	5.1956
REEP4	6.7357
TMED1	10.3104
TMEM201	7.6523
GRAP	6.3914
BAIAP2L2	8.4982
BAIAP2L1	7.138
HNRNPU	13.0182
SNORD95	0.0
SHANK2	9.026
ZNF100	5.3246
HNRNPK	13.4157
FASN	13.2894
HNRNPM	12.0415
LOC340508	0.7532
HNRNPC	12.8053
DIS3L	8.964
SNX9	10.8186
HNRNPF	12.4569
PRLHR	0.0
HMGA2	0.0
SBNO1	7.9806
EEF1B2	12.334
LOC91149	0.7532
SELV	0.0
FAM63B	5.5312
GOLM1	11.5239
TMEM209	8.5413
USPL1	8.0606
KBTBD12	0.0
MPHOSPH9	7.4294
SLC6A11	0.0
RNF166	7.7702
XKR5	0.7532
XKR4	0.0
XKR7	0.0
XKR6	0.0
XKR3	0.0
XKR9	5.8724
GLUD2	11.8404
GLUD1	15.2079
SLC6A15	0.0
ISG20	8.7872
HSP90AA1	15.3262
TADA1	8.8909
TADA3	10.8724
CD52	6.3313
CD53	7.6424
ZNF174	7.2656
RNF168	6.9588
NDUFS8	11.0414
C9orf11	0.0
CD55	10.9543
SNORD90	0.0
CD58	6.4032
CD59	13.3245
HAX1	11.3273
SLC32A1	0.7532
TMEM184B	9.4323
UGT1A8	4.3888
UGT1A9	13.0219
NNAT	1.9038
SLC25A3	13.3754
KIAA1324	3.0944
UGT1A6	14.1898
LOC150381	6.4827
UGT1A1	14.6363
UGT1A3	12.4851
POMC	3.4961
C8orf76	9.602
RAB35	9.5787
RAB34	6.1758
HJURP	3.8099
RAB32	9.16
RAB31	7.7006
GAGE10	0.0
C22orf42	0.0
SNORD114-18	0.0
GAGE13	0.0
RAB39	0.7532
RAB38	2.3542
DOK2	6.5047
DOK3	5.0834
LCA5L	5.8209
DOK1	6.7903
DOK6	0.7532
CD163L1	6.6594
DOK4	9.9254
DOK5	3.0944
C6orf222	0.0
C6orf223	2.1465
MCEE	9.3703
C6orf221	0.0
C6orf226	7.8918
C6orf227	0.0
C8orf73	6.062
PLS1	9.2176
CAMSAP1L1	9.5657
PLS3	13.2727
SNORD92	0.0
CLASP2	8.5466
CLASP1	10.0482
C22orf43	0.0
C1orf203	5.8897
PDIA6	13.2154
C1orf201	5.7674
C1orf200	0.0
PDIA3	13.3961
PDIA2	0.7532
TRIM26	11.3589
C1orf204	4.1378
ZBTB48	8.7624
ELF1	9.4517
RAB3D	5.594
HMGB4	0.0
RAB3B	4.2345
ARMC8	8.8421
ARMC9	5.054
DACH1	4.4307
ARMC7	8.042
ARMC4	6.5047
DACH2	0.0
ARMC2	4.384
ARMC3	0.0
OR1F1	0.0
ARMC1	10.3722
YPEL3	10.0303
UCK2	8.3785
CD160	2.6969
CD163	9.2905
AARS	11.602
LOC200726	0.0
CD164	12.4256
ZDHHC8P1	1.9038
TTC21A	3.7376
TSGA13	0.0
SPATA9	1.9038
SPATA8	0.0
ACTL6A	8.3844
ACTL6B	0.0
C5orf58	1.6119
EIF5	12.1743
C5orf56	5.597
C5orf55	7.4237
C5orf54	5.5097
C5orf53	8.6658
C5orf52	0.0
C5orf51	9.3568
SPATA4	0.0
HIST1H4C	1.2455
HIST1H4B	0.0
HIST1H4A	0.0
KHSRP	10.7627
HIST1H4G	0.0
HIST1H4F	0.0
HIST1H4E	1.9038
HIST1H4D	0.7532
HIST1H4K	0.7532
HIST1H4J	8.0078
HIST1H4I	2.9736
HIST1H4H	5.4201
OR10T2	0.0
ZDHHC17	7.9845
LOC728024	3.8788
HIST1H4L	0.0
ZDHHC16	9.1391
CD226	1.9038
LIFR	9.2357
FTSJ1	8.8888
ADIPOQ	0.0
KIAA0907	8.6487
SETD3	10.2573
HKDC1	4.4307
RAP1GAP2	7.4691
C11orf59	10.7467
SLC25A6	12.4824
PRKAG1	9.9141
MAP2K4	9.2762
CRBN	9.5112
NET1	10.2877
IRX5	2.1465
IRX4	0.0
IRX6	2.1465
IRX1	0.0
IRX3	9.1941
IRX2	0.0
TBC1D25	8.5624
TCAP	4.4307
PRKAG2	9.08
TMEM185B	8.2414
JRKL	6.6885
MUC2	0.0
MUC1	3.8099
TAC3	0.7532
CRB1	2.1465
MUC6	0.7532
CRB3	8.7782
CRB2	1.2455
GC	16.2391
TEK	7.6225
GK	9.4573
PRR25	0.0
HIPK3	8.9699
PTRH1	7.9329
CLEC2L	0.0
CLEC2A	0.0
SLC25A4	10.425
CLEC2B	6.6885
CLEC2D	7.7148
TSSK2	0.0
PRR22	6.3796
C10orf28	8.1608
LOC441666	0.0
P4HA1	11.8905
PDE5A	5.3968
CTBP1	11.3744
CTBP2	7.0286
RAD54L2	8.5598
C10orf25	7.4466
C10orf27	0.7532
C10orf26	10.9338
TSG101	10.4293
ORAI2	6.1562
LOC338758	4.7205
VENTX	2.5357
HACL1	9.8872
FAM158A	7.3529
GTF3C3	8.8072
GTF3C2	9.3984
GTF3C1	10.157
SNORA70C	0.0
GTF3C6	9.2042
GTF3C5	11.0503
GTF3C4	7.7382
APOA4	7.9806
APOA5	14.2155
IQSEC3	4.2861
CD99L2	11.5066
GPRASP2	9.1686
APOA1	16.3375
APOA2	18.5117
GPRASP1	5.1123
XPO1	11.0642
XPO5	9.1703
XPO4	7.9125
XPO7	9.0336
SCARNA12	2.3542
LPIN3	9.5122
SCARNA11	0.0
TTK	2.6969
WDR26	11.1038
SCARNA10	0.7532
MYPN	0.0
LEMD1	0.0
TMTC2	6.5581
TTL	10.1465
SPRR2E	0.0
GAR1	8.4761
FAM123C	0.0
FAM123B	9.503
FAM123A	0.0
MRPS18C	8.818
SOLH	9.3763
DNASE1L1	9.3385
DNASE1L2	8.4195
DNASE1L3	8.6138
RAD51L3	6.2992
TFB2M	10.2072
LOC80154	7.4294
EPS15L1	8.8291
GART	9.6918
MLLT11	5.8033
HPDL	2.6969
GARS	10.4307
ZEB2	7.0586
NOC4L	8.7417
LOC157381	1.2455
ATAD5	4.1254
SFT2D2	6.9101
SFT2D1	6.877
ATAD1	9.699
IBTK	10.8398
TOP1	10.541
ATAD2	9.881
C22orf28	10.8381
C22orf29	8.4282
FRAT2	9.0448
SNORD114-15	0.0
GIT1	9.0836
GIT2	8.9279
TMEM198	7.4466
TMEM199	8.6462
C22orf23	4.2345
C22orf24	2.1465
DCST2	5.2997
C22orf26	3.3091
C22orf27	6.0913
GHRH	0.0
CD40LG	3.8099
SESN1	10.7473
SESN2	10.8649
GHRL	3.2057
ZFYVE16	8.5883
KRTAP10-8	0.0
SHROOM3	10.0093
SHROOM2	8.3575
SHROOM1	11.4523
MIOX	1.2455
MTIF3	9.7273
MTIF2	9.8925
SHROOM4	6.6097
MIOS	7.9409
RASGEF1C	0.0
MRPL54	10.1465
PELI1	8.6138
VARS	11.0563
PELI3	7.7882
GPT2	13.0676
TUBB2A	10.283
SPARC	12.8241
VPS29	10.1708
ATE1	7.4857
ESPL1	3.2057
HTR7P1	6.1057
TUBB2B	3.9522
AIG1	11.8138
NAPB	7.8016
DBNDD2	6.4968
SCN11A	3.7376
DBNDD1	8.5064
GET4	9.5657
MYEOV	1.9038
TTC27	8.1538
RIC8B	7.5714
ENOPH1	8.9738
CALB2	1.9038
CALB1	1.2455
AKNAD1	0.0
FLJ30679	0.0
PRSSL1	0.7532
NFRKB	8.7578
SRPK3	0.4544
SRPK2	8.6536
BDKRB1	2.1465
TIAM1	7.6175
BDKRB2	5.3491
KRTAP10-5	0.0
RSL1D1	11.378
FAM20A	11.5212
FAM20B	10.3214
FAM20C	11.4363
ADARB2	0.0
ADARB1	8.1469
HAT1	9.4203
CXXC1	8.9279
WNT2B	2.1465
YAF2	8.2991
CXXC5	9.0486
CXXC4	0.0
SMEK1	10.4626
KIAA0430	10.283
CTHRC1	4.8289
CARKD	10.6423
SPG11	10.1369
AGGF1	9.5233
FLJ35776	7.4522
SPRR2B	0.0
TUBB	13.5869
NXF1	10.2055
MAGEA8	0.0
KIAA0125	1.6119
C6orf35	8.0116
MAGEA3	0.0
MAGEA2	0.0
MAGEA1	0.7532
MAGEA6	0.0
MAGEA5	0.0
MAGEA4	0.0
NFX1	10.3019
TEX13B	0.0
RDH8	0.0
ZBTB47	8.3393
EEA1	9.2093
SLC5A3	9.1299
RDH5	11.4634
OPHN1	5.8892
MSL1	10.4696
ZNF682	4.384
ZCCHC10	7.6718
SLIT3	6.877
GCDH	11.2772
RRAS	9.3568
ZNF683	0.0
HOMER1	2.9736
FIP1L1	8.7987
HOMER3	7.1863
HOMER2	10.7328
OR13F1	0.0
SEL1L3	7.7428
UCN2	4.2345
ZNF681	0.7532
SEL1L2	0.0
WDHD1	3.5811
SNORD19B	0.0
NOLC1	10.4421
MSL2	8.8421
STAG3L2	5.3491
FXN	9.8001
SLC40A1	13.0601
SARDH	11.5646
RPL29	13.6282
NBN	10.5088
RYK	9.6701
UCN3	0.0
NIPAL1	1.6119
NIPAL2	6.6198
NIPAL3	7.6767
NIPAL4	1.6119
SLC34A1	7.1096
THAP6	7.6424
THAP7	9.534
THAP8	7.0511
THAP9	7.1096
YRDC	8.3849
PCYOX1	12.3673
IL1F9	1.2455
IL1F8	0.0
NAP1L1	11.7333
MLF1IP	6.9988
CHID1	11.9755
IL1F7	0.0
EWSR1	11.7911
IL1F5	0.0
PLUNC	0.0
EFNB2	8.3363
QTRTD1	7.9288
NAP1L3	2.3542
TRIM15	8.1044
TRIM14	10.0472
LOC442421	0.0
AHCTF1	10.8004
TAC4	0.0
ZDHHC19	1.6119
CCRL1	1.6119
FAM58B	1.2455
FAM58A	10.3367
CCRL2	6.7541
CYP4F8	0.0
MUC17	0.0
HDAC2	9.6604
FAM160A1	1.2455
CHI3L2	1.2455
CHI3L1	16.0089
MUC16	0.0
DFNB31	7.6718
THEMIS	2.3542
CYP4F2	12.0188
ARL2BP	9.7584
ODZ4	1.2455
PI4KB	10.9672
ASB2	1.9038
ASB3	7.6572
ASB1	8.6041
ASB6	9.012
ASB7	8.225
ASB4	7.3407
ASB5	0.0
ASB8	9.4503
ASB9	6.537
SAG	0.0
ATP5SL	9.4332
FKBP1AP1	2.8419
ZAR1	0.0
C2orf58	4.4758
RGS7	0.0
HDAC8	9.2999
C2orf52	1.2455
C2orf53	0.0
C2orf50	0.0
C2orf51	0.0
C2orf56	8.4281
C2orf57	0.0
C2orf54	4.0675
C2orf55	6.4263
PLIN4	10.6236
SLC16A13	8.6062
DPY30	9.7889
TMEM59L	1.9038
SLC16A12	9.6798
FNBP1L	9.3356
CHM	9.5903
CHP	12.8175
SPINK7	0.0
RINT1	8.3426
TBL2	9.5657
TBL3	10.3863
SPINK6	0.0
SH3BGRL	10.1878
KHNYN	9.6868
TMEM161B	7.6474
PDE8A	9.3748
PDE8B	7.1096
DBI	12.8
DBH	5.3968
SPINK4	3.4056
RPL6	13.2421
MANBA	8.952
RGS8	0.0
UPK3B	2.5357
TC2N	4.4758
POM121L9P	1.6119
PGAM4	5.7306
FLJ33360	0.0
SPINK2	0.0
OR52K1	0.0
WNK1	11.0971
PGAM5	8.9535
TMEM49	11.0898
SPINK1	3.6615
TCTN1	9.2841
TMC7	4.2861
DBP	9.3642
TMEM47	10.1861
POLQ	2.8419
DBT	10.1094
TMEM43	9.8221
TMEM42	8.5306
HMHB1	0.7532
OR52K2	0.0
FANCD2	5.054
ZBTB33	11.0177
SERINC5	9.0336
SERINC4	1.6814
ZNF423	6.0913
LOC284837	1.6119
SERINC1	12.6519
DHX40P1	0.0
ASTE1	7.0681
GABRA5	0.0
MED1	9.1634
MED6	8.4396
LOC729121	0.0
MED4	9.3325
MESP1	4.9297
PINK1	12.3594
SMARCB1	9.9294
MED8	9.7061
LMLN	6.4827
MNX1	0.0
SCAP	11.9813
ZDHHC18	9.3093
ZNF600	5.9703
MXD4	10.1699
ZNF606	7.0834
ZBTB32	0.0
MLH1	9.3613
TREX2	2.8419
MXD3	7.201
PKDREJ	3.0944
TREX1	6.2837
POP1	6.4378
LOC158376	6.9508
CAMTA2	9.3077
GABRA3	0.7532
CAMTA1	9.1461
CCDC90A	10.2345
POP7	8.9953
SDF2L1	10.4507
CCDC90B	8.8677
LOC144571	5.7366
GCA	6.2426
AFM	12.3199
TCF7	9.7226
GPR119	0.0
GCG	0.0
BVES	2.8419
OR11H12	0.0
GCK	0.7532
POP4	9.3568
NPFFR2	0.0
NPFFR1	0.0
LRRC37B2	7.7474
ZBTB49	6.0767
GPR116	10.016
PLIN1	8.405
EPS8L1	2.5357
EPS8L2	10.4018
EPS8L3	10.3144
AFP	7.021
ZCCHC16	7.0362
LOC643923	0.0
ABTB1	9.5085
ABTB2	10.682
GPR114	2.5357
PROZ	9.4145
AZGP1	15.4243
PPP5C	10.3797
MBIP	9.0836
BTD	11.107
RBMXL1	8.6162
GPR111	0.0
BTC	1.6119
NXPH3	3.4056
NXPH2	0.0
NXPH1	0.0
PROC	13.4917
ISLR2	3.7376
BTK	4.5196
KIAA0494	11.127
MDN1	8.8804
LGR5	10.2885
RPRD2	10.3406
RASGRP3	7.1727
AMPD3	5.2744
AMPD2	11.5416
AMPD1	0.0
ZUFSP	6.6692
CYLC1	0.0
CYLC2	0.0
MMP17	1.6119
ZNF91	7.2591
ELAVL1	10.0388
AREG	5.5097
KIAA1143	8.9914
RASGRP4	4.1809
RPS6KB1	8.7601
PRPF40B	7.4665
PRPF40A	10.2964
RPS6KB2	9.8609
ENKUR	2.1465
MCART6	1.9038
CST9	0.0
MRGPRX1	0.0
MCART2	2.3542
MCART1	6.5047
LSM14B	9.3508
SNORD70	0.0
TBPL1	8.3053
PRELP	6.8601
KIAA1147	9.0927
LSM14A	10.7456
GPCPD1	9.8736
LOC653653	5.054
DPAGT1	9.9195
SALL1	10.2694
SEPHS2	13.9854
SEPHS1	9.693
TET2	7.4912
RBMXL2	1.6119
UBE2D3	12.372
OR2F2	0.0
ZNF93	1.2455
RPS4X	14.8802
UBE2D1	8.6087
MOBKL3	8.8464
FSD1L	2.1465
ATXN2L	10.5983
BUD13	8.079
ZNF627	8.042
MLL2	9.6952
TMED10P1	5.2744
DLST	11.7815
YOD1	7.2265
KIAA1370	9.9773
SYT14L	0.0
SNORD76	0.0
ISY1	9.0122
F2RL3	9.0107
F2RL2	1.6119
F2RL1	7.1795
CT47B1	0.0
XAB2	10.6047
SETBP1	7.7657
SNORA56	0.0
ST6GAL2	1.2455
MLL5	9.2896
SAPS2	11.7832
SAPS3	9.9987
PCBD2	8.0108
PRDX6	14.1771
?|317712	0.0
IL1F10	0.0
PRDX3	13.0953
PRDX2	12.7031
PRDX1	13.3689
SNORA11D	0.0
AP3S2	11.125
SNORD77	0.0
AP3S1	10.8569
HBII-52-24	0.0
PITX2	0.0
PITX3	0.7532
MED21	8.0827
PITX1	3.0944
OTUB1	10.5706
FERD3L	0.0
TRIM55	7.4121
OTUB2	8.4195
TMCO1	12.4559
NPTN	10.1988
AXIN2	9.9615
AXIN1	8.7417
MMRN2	9.5578
LOC146336	0.0
CAMP	0.7532
LOC100126784	5.4403
LOC146880	6.9025
CCL5	7.2911
ERO1LB	10.2565
SAP130	8.8762
RDH10	11.4586
TRIM54	1.9038
RDH11	11.0642
APOF	7.6767
LCORL	6.1408
VASN	9.7097
LOC648740	0.0
XPNPEP3	8.4598
SRRD	8.3484
HMGB3L1	1.2455
CROCC	7.3887
TRAPPC6A	9.9536
NBPF16	1.2455
NBPF15	5.4087
APOE	17.6243
MED23	8.2896
NBPF10	7.7913
SR140	9.5954
VASP	9.863
GMPPB	8.7231
PAPOLA	11.3843
PAPOLB	0.0
LYPLAL1	10.5784
IGLON5	1.6119
RPS6KA5	5.6143
HCG4P6	2.9762
SUMO1P3	8.1677
C12orf11	8.5624
KATNB1	8.3515
SCGB3A1	3.7376
SCGB3A2	0.7532
FAM178B	0.0
TSEN54	8.4195
DCAF7	10.3863
DCAF6	11.8063
DCAF5	10.3959
DCAF4	8.3147
LAMP3	4.2345
DCAF8	12.5152
LAMP2	14.2572
CD38	2.5357
C9orf30	6.99
TSSK1B	0.0
ZFX	7.8835
PEG3AS	0.0
C9orf37	7.2265
ZFR	10.4076
IFI27	10.0977
CD33	4.3359
CD34	9.9987
CD36	12.3221
CD37	6.7541
POLR3F	7.3828
JOSD1	10.3587
POLR3D	6.9508
POLR3E	9.1391
POLR3B	7.9962
POLR3C	8.6487
POLR3A	8.936
APCDD1	5.2486
TXNDC3	0.7532
TXNDC2	0.0
TXNDC5	12.3334
POLR3K	7.2527
LHFPL4	0.0
MTBP	4.7936
NAT14	6.3796
PDZD7	0.7532
LOC442308	0.7532
PKP4	10.4025
FAM46D	0.0
USP43	2.9736
DNMT1	8.5172
FAM46A	9.5098
FAM46B	2.3542
FAM46C	7.9247
PSD3	10.489
PSD2	1.6119
TPST1	7.1863
WDR69	0.0
TRIM50	2.1465
CYP51A1	11.6557
TUT1	10.2702
CDNF	7.0286
ASRGL1	5.8209
WDR61	9.675
WDR66	3.0944
WDR67	6.3677
WDR64	0.0
WDR65	2.3542
C1orf220	3.9445
C1orf223	2.1465
HOXD8	6.3796
HOXD9	7.8323
C1orf227	1.9038
C1orf226	10.5602
C1orf229	1.2455
C1orf228	4.5196
SLC25A1	12.5231
PRMT1	9.9406
PRMT6	8.2381
HOXD1	2.3542
R3HDM2	10.6753
HOXD3	2.3542
TECPR2	8.952
RETSAT	13.278
TAAR6	0.0
TMEM176A	13.6476
HMGCR	10.6564
TMEM176B	15.077
LOC728758	7.0362
WDR60	7.5292
MTPAP	8.7043
ZNF702P	1.6119
WNK4	3.3041
ORMDL2	9.4762
ORMDL3	12.8762
ORMDL1	9.2292
KIF5A	0.0
KIF5B	10.6546
KIF5C	3.3091
MED26	8.1711
MASP1	10.0113
MASP2	12.8219
TRIM52	6.5155
GLT1D1	3.0944
SIRT1	9.5992
CD3D	4.7205
CD3E	5.7674
CD3G	2.9736
PMS2CL	6.2685
ACADS	12.0231
FBP2	0.0
NCRNA00169	0.7532
FOXJ1	2.6969
NCRNA00167	3.3091
OR10V1	0.0
HSPG2	11.1445
FOXJ2	8.3814
KAT2A	10.3989
NCRNA00160	1.2455
LARGE	9.3733
CD209	6.3065
SESTD1	9.8641
FOXJ3	9.2209
LAIR1	6.8854
FAM55B	0.0
IFNGR2	10.44
LAIR2	1.2455
CD200	5.594
FRAS1	8.6972
SEC16B	11.391
CMIP	9.5657
ACADL	9.9506
ACADM	12.5542
GVIN1	5.4201
CD207	0.7532
IARS2	12.4182
USP49	2.6969
ECSCR	5.9058
OR13C5	0.0
USP45	6.5893
PLIN2	14.4312
USP47	10.9236
PYCRL	10.4343
TBCD	11.3512
PPARGC1A	10.4835
PPARGC1B	3.5811
USP42	7.6572
KCNK16	0.0
HCP5	7.6124
PHACTR3	0.0
SIRT7	8.3116
CANX	13.8641
MADCAM1	3.0944
CX3CL1	10.7064
LENG1	7.8876
MAFG	8.3962
KCNK15	0.7532
UMPS	9.6906
SMAP1	8.73
SNAR-A13	0.0
RAD50	9.6208
CDK11A	8.2938
CDK11B	9.5613
OVCH2	0.0
FLJ42289	5.4878
BRD7P3	0.0
TREML2P1	0.0
NCAPD2	8.5036
SCRN3	8.2117
SCRN2	11.2962
SCRN1	7.0362
CDC20B	1.6119
POLA1	6.698
PPP1R11	10.051
TNP2	0.0
WNT11	8.5118
ATOX1	12.2046
SNORD60	0.0
ACAD8	9.9466
ACAD9	10.6993
NANOS3	0.0
NANOS2	0.0
UEVLD	6.7632
CYP2E1	15.8851
NEU1	10.6078
TPRG1L	11.3754
LOC154822	1.2455
MMACHC	8.7067
NEU2	0.0
NPBWR1	0.0
C10orf47	10.668
C10orf46	9.8373
NEU3	6.0169
C10orf41	6.651
C10orf40	0.0
USP8	9.7419
FAM199X	8.8486
ULBP1	1.2455
STK32C	5.1684
PPP1R16A	11.9544
WSB1	9.0616
RPS7	12.3722
ADAMTS10	8.1881
ADAMTS13	7.9609
ADAMTS12	3.2057
DHDH	2.5357
ADAMTS14	2.3542
ADAMTS17	3.4056
ADAMTS16	1.6119
ADAMTS19	0.0
ADAMTS18	2.9736
VDAC1	12.0687
MEX3B	4.0073
RPS9	14.3076
RPS8	13.9892
TXNDC8	0.0
DEF6	5.6541
DHX58	9.53
TRABD	9.6567
DHX57	7.9207
DEF8	9.3763
ZW10	8.3424
SNRPD3	11.5381
TSPAN2	2.1465
ARPP19	10.9144
PPBP	1.9038
SLC6A18	0.0
TMEM204	8.4566
TMEM205	12.5099
TMEM206	5.7119
TMEM207	0.0
SLC6A13	10.085
SLC6A12	11.4356
RFX6	3.0944
VPRBP	9.1266
SLC6A17	0.7532
SLC6A16	7.4352
LOC389458	3.0687
SLC6A14	0.0
GALT	11.7537
HMGCS1	12.8617
HMGCS2	15.8213
USP3	8.7888
GALP	1.6119
PHF5A	8.8825
KIAA1328	5.0239
DDIT4L	2.1465
SORD	14.6301
GALE	10.9504
NLRX1	8.7555
IGSF22	0.7532
IGSF21	5.0834
GALC	8.042
GALM	10.2557
CYP4F22	5.3246
NUP50	9.747
NCRNA00119	0.0
C14orf93	7.1309
TTTY3B	0.0
ZSCAN20	3.0944
LOC729668	0.7532
ZSCAN21	7.9021
TAPBP	12.477
ADRB1	5.2997
ADRB2	8.9817
ADRB3	0.0
SCARNA17	3.7376
SCARNA16	1.2455
SCARNA15	0.0
SCARNA14	0.0
KIAA0556	7.9369
SCARNA18	0.0
CSNK2B	11.4498
MCM3AP	10.3366
RASGRP1	3.0944
FCGR3A	8.0193
FCGR3B	4.6825
RARG	7.1998
LOC100270746	4.3359
LOC654433	4.8633
NCRNA00081	7.9571
OR2AK2	0.0
LOC220930	6.7601
ALDH1A1	16.2034
ALDH1A2	3.5811
ALDH1A3	8.7495
PRICKLE1	2.3542
PRICKLE2	4.4758
PRICKLE3	6.698
PRICKLE4	5.2334
RPL28	14.0319
DEFB4A	0.0
CCNJL	3.0944
NANS	9.9365
RPL24	12.9548
RPL27	12.9034
RPL26	12.99
RPL21	2.3542
SLC35B3	8.7578
RPL23	13.4299
RPL22	12.5862
ATG3	9.5552
GLT25D1	10.3244
LOC285593	3.5811
SLC16A11	13.1302
ATG7	9.1328
HNRNPAB	10.8248
ATG5	9.3778
LOC100132247	4.7575
EYA4	0.0
SPINK5	6.8601
SOX5	6.6198
EYA1	0.7532
MRPS5	10.4924
EYA3	6.1621
EYA2	2.9736
MPND	10.376
LOC400759	4.6033
HPX	15.8715
CALHM1	0.0
USE1	9.2076
CALHM3	0.0
CALHM2	6.1342
HPR	14.7656
LOC727924	0.0
LOC152024	0.7532
LOC400027	6.5686
MRPS2	10.902
KRTAP13-4	0.0
KIAA0495	8.4537
HPN	14.1409
KRTAP13-2	0.0
KRTAP13-3	0.0
CD24	6.7357
HPD	16.2192
WFDC11	0.0
LOC644145	0.0
WFDC13	0.0
WFDC12	0.0
GABARAPL3	2.3542
ZNF358	11.5043
SNORA11C	0.0
SNORA11B	0.0
OAZ2	10.9077
OAZ3	4.7528
OAZ1	13.1559
TMED9	12.2306
OR4Q3	0.0
LOC285045	0.0
FAM26F	3.5811
FAM26D	0.0
FAM26E	3.8099
ZNF429	6.1758
RSPH6A	0.7532
HAVCR1	0.7532
HAVCR2	6.2813
FXYD6	8.7578
FXYD7	0.7532
FXYD4	0.0
FXYD5	8.4224
FXYD2	4.5196
FXYD3	0.0
MT1IP	0.0
FXYD1	5.6736
PPTC7	8.327
KIAA0146	9.9294
MAFK	9.7544
DMGDH	12.5888
CREBL2	10.9378
MAFA	1.6119
C6orf10	0.0
PLIN5	9.9406
IGFN1	0.7532
PLIN3	8.938
MAFF	10.39
C6orf15	0.0
RPS21	12.5362
FASTK	11.2555
MGC3771	4.2491
TGFBRAP1	6.7357
KDM4B	10.8901
PALM2-AKAP2	10.3384
RBPJ	7.9728
KDM4A	9.1424
ZNF79	6.6789
SNRNP35	8.8185
MED13	10.0823
DISC2	0.0
NCRNA00110	1.2455
MED14	9.1908
OR51A7	0.0
WT1	0.0
RNF24	5.6344
MED15	10.2468
ZIC5	0.0
MED16	9.9536
HCG27	3.9445
CYP2A13	1.9038
CCR10	2.5357
KDM4D	3.8788
WDR55	9.0342
RBP1	12.4867
PRINS	0.0
RBP3	0.0
RBP4	17.5911
RBP5	11.7013
RBP7	10.2877
TUBA8	5.7119
WDR53	6.6789
OR51A2	0.0
OR51A4	0.0
MGC87042	3.3091
KRAS	9.3109
ADAM6	10.2313
ADAM7	0.0
LPHN3	3.4961
ADAM2	0.0
ACYP1	4.5196
ACYP2	8.7463
EEF1G	14.2223
ARPC1A	11.2363
ACSL1	15.4332
ACSL6	10.435
ADAM8	5.9222
ACSL5	14.247
EGFL7	10.2013
EGFL6	0.0
NKX1-2	0.0
CHTF8	10.9257
TTC9	11.3695
ARPC1B	11.2577
SMPX	6.6594
C20orf160	6.2813
C20orf166	0.0
EEF1D	14.7488
C20orf165	3.3091
IL20RA	0.0
HTR5A	0.0
TRIM39	8.6354
IL20RB	3.2057
RPL8	16.028
INTS2	7.1795
HR	3.0944
OLFML1	7.3468
HP	19.2905
OLFML3	5.5097
KCNQ1OT1	4.7575
KLRC3	1.2455
G6PC3	8.827
G6PC2	1.6119
NEBL	3.8788
FEN1	8.7278
ACSL4	9.5085
C21orf29	2.3542
KREMEN2	0.7532
KREMEN1	7.7793
ADAM9	9.8481
LUC7L	8.2801
NEK11	4.7936
INTS6	9.0222
NR1I3	10.8314
CYGB	7.6523
INTS5	10.0704
FAT2	0.7532
WISP2	4.8289
GPRC5A	3.8788
MLST8	9.8829
WISP1	5.8209
MNT	8.9156
VRK2	7.7836
SPO11	0.0
SULF1	5.7306
ERMAP	9.6094
IL22RA2	0.0
IL22RA1	6.4378
SPSB4	0.7532
FLYWCH2	8.7692
TPP2	9.3508
FLYWCH1	8.8614
INTS8	8.8603
RCN3	7.145
MGC72080	7.4069
RCN1	10.9766
TXNDC6	0.7532
MN1	7.6572
OR52A1	0.0
PSG9	0.7532
DNAJC30	9.5839
RHOV	0.7532
OR52A5	0.0
OR52A4	0.0
ANKRD27	8.7827
ANKRD26	5.9545
UBFD1	10.2321
ANKRD24	8.9238
ANKRD23	4.2345
ANKRD22	3.0944
GOLGA6A	5.5312
ACO1	11.9045
RHOB	15.4131
PTGES	1.2455
ACO2	12.2729
RHOG	9.3401
CYTIP	5.8033
ANKRD29	7.9649
ANKRD28	10.0256
INHA	3.8788
TMEM66	12.2981
TMEM65	8.0382
TMEM64	11.7997
TMEM62	8.2447
TMEM61	0.7532
TMEM60	7.5345
OC90	0.0
PATE1	0.0
TMEM69	8.944
TMEM68	9.2968
ITM2C	10.6355
ITM2B	13.3332
ITM2A	7.272
TNFRSF9	4.384
EGFL8	6.3585
TNFRSF11A	2.5357
IQCF6	0.0
?|8225	9.7435
CIR1	9.4028
IQCF2	0.0
FJX1	5.5734
IQCF1	0.0
UGT8	3.8788
LOC284232	0.7532
TRY6	0.0
PYROXD2	11.3514
TRIM38	9.056
PYROXD1	8.3586
TREML2	1.2455
RPS14	13.741
SMC6	8.9074
OGFOD1	9.1018
ZNF629	8.4166
OGFOD2	9.0672
ZNF624	4.1809
WFDC3	3.6615
RUFY4	1.9038
RPL9	11.0628
ZNF620	3.8099
ONECUT3	0.7532
ZNF622	9.9822
ZNF623	8.8804
EID2	8.1608
NEURL2	6.2568
NEURL3	3.0944
NEURL4	8.3918
UGT2B11	7.4675
RPL7	11.3976
S100A9	7.4294
SNORD105B	0.0
RPL4	14.4828
APAF1	8.2283
S100A8	6.9266
RPL5	13.7842
OR2A7	3.9445
FSCB	0.0
GML	0.0
TMEM120B	8.0915
PDZK1P1	10.367
MANBAL	9.833
LOC283999	0.0
MLXIP	8.9895
ADC	6.5995
ADA	6.698
ADO	8.4137
ADM	10.7064
ZNF77	5.3491
ADK	10.1759
PROX2	1.6119
ZNF488	0.7532
FHDC1	2.8419
PPIL1	8.9953
ATCAY	0.0
RASGRF2	6.3556
USHBP1	6.7632
ZNF480	7.4579
MEIG1	2.6969
ZNF483	3.4961
ZNF484	5.4201
TMC5	0.7532
IGFALS	6.7632
ZNF487	3.9445
ZIC3	0.0
PRM1	0.0
PRM3	0.0
PRM2	0.0
OR6B1	0.0
DECR2	11.183
BRE	9.3808
S100A2	1.9038
CD200R1L	0.0
ACVR1	9.7967
SH2D4A	9.7481
SLC25A2	1.9038
KALRN	8.7486
TTTY17B	0.0
JUNB	11.6134
SNORA77	0.0
JUND	12.4208
TFF2	0.0
TFF3	4.1254
HIST1H2AM	3.8099
HIST1H2AL	1.9038
OR7E156P	0.0
WDR63	0.7532
HIST1H2AH	0.7532
HIST1H2AK	2.1465
HIST1H2AJ	1.6119
HIST1H2AE	7.138
HIST1H2AD	0.0
HIST1H2AG	6.3435
HIST1H2AA	0.7532
THAP10	6.4827
HIST1H2AC	11.8223
HIST1H2AB	0.0
THAP11	9.3985
WBSCR17	0.7532
PRPF19	11.2728
MPL	4.0675
SNORA76	0.0
TCFL5	8.4367
HIGD1A	11.8701
HIGD1C	0.0
HIGD1B	3.7279
SNORD6	0.0
SNORD7	0.0
OR4N3P	0.0
SNORD5	0.0
SNORD2	0.0
PTPN1	9.7493
GOLGB1	11.2421
FAM179A	4.0073
FAM179B	7.7882
SNORD9	0.0
TMPRSS9	6.63
TRAF2	8.8593
CPXCR1	0.0
TRAF4	9.7132
TRAF5	5.2997
KLB	10.7752
TRAF7	11.2121
HOOK2	8.068
HOOK3	8.0344
TMPRSS2	10.5842
HOOK1	8.536
TMPRSS4	0.0
TMPRSS5	2.3542
SUZ12P	4.384
TMPRSS7	0.7532
ESD	11.1791
TSC2	10.7212
KCNE1L	1.2455
OR4F6	0.0
SEBOX	0.0
OSTBETA	6.0015
ABCC12	0.7532
ABCC13	0.0
ABCC10	6.9824
ABCC11	5.4878
KIAA0226	7.6911
KILLIN	5.443
OR4F4	0.0
LOC348021	0.0
TEDDM1	5.1123
SNAR-G1	0.0
TGIF2	7.9688
RSU1	10.0528
DSPP	0.0
SNORD33	0.0
EMG1	8.96
DKC1	10.2726
HEATR7B2	3.4961
TBC1D10C	5.1406
SLC4A1AP	9.1117
FLJ37307	2.1465
MUSK	1.2455
MOV10	10.691
TRIM16L	7.5494
ABP1	2.3542
MOCS3	8.215
LASP1	12.0639
MOCS1	11.0976
TM7SF4	1.6119
PMAIP1	2.6969
SRP54	10.4773
SLC33A1	9.9406
ZNF585A	6.294
COMMD8	6.8515
COMMD9	10.0453
KANK1	11.8929
COMMD2	8.5702
COMMD3	9.4117
COMMD1	8.9319
COMMD6	9.9851
COMMD7	9.4303
COMMD4	11.1594
COMMD5	10.4069
TSC1	9.0634
VTRNA1-2	0.0
ZNF585B	5.5734
METTL12	5.3276
METTL13	9.7619
METTL10	7.6965
METTL14	8.327
ZNF862	7.9125
ZMYM2	9.2159
NPR1	8.7624
NPR2	11.1341
NPR3	4.5196
ATXN7L2	6.294
ZMYM4	9.1018
TPM3	12.3761
CAMK2D	9.7308
WIPF2	8.9934
CYP2B7P1	6.294
CAMK2G	8.6487
ZNF177	4.7575
CAMK2A	5.2997
CAMK2B	7.1589
PAN2	10.3383
RIOK1	8.1711
TMEM215	0.0
UTP14A	9.3808
LOC100288778	8.3664
APBA1	8.0717
DEPDC1B	1.6119
TMEM184C	8.5883
SMAD5OS	3.8788
SHFM1	11.8517
JAK2	6.8601
LPAR4	0.0
C20orf201	0.0
RNASE13	2.1465
RNASE12	0.0
APBA2	3.7376
S100PBP	8.1745
C6orf150	3.8099
ZSCAN18	9.3911
RPL19	14.4869
C6orf153	8.95
C6orf154	5.0834
C6orf155	3.2057
SLC30A9	9.755
TROAP	2.6969
OR5A2	0.0
SEC16A	11.2527
OR5A1	0.0
ENOX1	7.7148
CD1D	4.6825
CD1E	0.7532
ANO8	8.3515
ANO9	2.3542
CD1A	0.0
ANO4	2.1465
ANO5	6.7263
ANO6	11.4614
ANO7	3.2057
C9orf57	0.0
ANO1	11.4118
ANO2	3.0944
ANO3	5.1406
POLR1A	8.678
POLR1B	9.0981
POLR1C	8.6585
POLR1D	10.9438
POLR1E	9.0165
LOC100134229	7.2847
COL3A1	10.319
PEX26	8.6763
MC4R	0.0
HIP1R	10.7758
TCP11L1	7.3991
WDR41	8.5909
DUS1L	11.1783
ATP2C1	10.4526
WDR44	8.8571
WDR45	10.899
WDR46	10.0074
HCG22	0.0
WDR48	9.4893
USP54	9.043
UBE2N	10.0796
TTC21B	7.5399
GTF2B	9.1461
SNAR-G2	0.0
GRM8	0.0
JAK3	5.9222
JAK1	12.4358
GRM4	0.0
GRM5	0.7532
GRM6	0.7532
GRM7	0.0
GRM1	0.7532
GRM2	2.3542
GRM3	0.0
SLC25A26	8.8539
HOXB8	1.6119
HOXB9	2.1465
ZNF507	8.938
LOC729020	4.2861
HOXB2	4.8968
HOXB3	4.2861
HOXB1	0.0
HOXB6	4.7936
CHUK	7.9409
HOXB4	4.0073
HOXB5	3.4961
PPARG	8.3635
PPARD	9.0203
WDR54	5.443
RHOU	11.3825
PPARA	11.911
TREML1	0.0
CSGALNACT2	8.661
SPAM1	0.0
CSGALNACT1	6.6397
C5orf13	7.2656
POLR2E	12.4184
C1QTNF9B	1.8082
RHOJ	6.4827
TNFSF12	6.9444
PTF1A	0.0
SPDEF	1.6119
MAGOHB	8.2479
OR4E2	0.0
ST7OT3	1.9222
ST7OT2	0.0
MPP3	6.2029
CD14	13.5725
GOLGA6D	2.1465
EML3	9.6345
CTAG2	0.0
GOLGA6C	3.2057
EFCAB4A	5.4201
MPP1	10.5602
CD19	0.7532
NCRNA00181	6.906
MORC2	9.7132
NCRNA00183	8.2577
NCRNA00182	5.8033
NCRNA00185	5.5524
PLXND1	10.05
ASH2L	8.5145
NCRNA00189	0.7532
NCRNA00188	12.3506
PCDHGB8P	0.0
PRKDC	11.7606
MKRN1	10.8054
RHOC	12.3907
DYRK3	7.1309
DYRK2	8.0193
FTHL17	0.0
DYRK4	7.7148
GGTA1	6.8515
LHFPL5	0.0
RECQL5	9.4657
GADD45G	11.4085
RGMB	9.1005
LHFPL1	1.9038
LHFPL2	8.0717
LHFPL3	0.0
UTF1	0.0
ENPEP	10.549
TLL2	2.6969
WFDC2	4.2861
PRKAB2	12.6071
FAM74A4	0.0
NR2F6	11.1446
FAM74A1	0.0
INHBB	9.637
FAM74A3	0.0
NR2F2	9.8481
FLNC	6.8343
INHBC	9.1053
PBK	4.0675
DDB2	9.1806
ELL2	12.3164
BHLHB9	6.8937
KIF21A	10.4471
RIMS1	0.0
RIMS2	1.6119
INHBE	7.4912
LOC144438	8.6634
OR4F17	0.0
GRID1	7.827
GRID2	0.0
RPIA	7.9884
MCAM	10.2386
MCAT	9.4531
ST7L	6.4827
HCRT	0.0
TRPS1	6.5893
CYP2C9	15.4506
CYP2C8	13.5677
TAGLN3	0.0
APOBEC3H	1.9038
APOBEC3D	3.0944
APOBEC3G	5.9384
APOBEC3F	7.6863
APOBEC3A	3.0944
APOBEC3C	4.384
APOBEC3B	5.6143
TIGD1	5.8033
C10orf67	1.9038
OR10P1	0.0
RBMS2	7.5957
HSPE1	12.6017
C10orf62	2.8419
SNORD54	0.0
KRTAP5-7	0.0
PPP1R15B	10.9343
DKFZp686A1627	0.0
PRKD2	9.7743
PRKD3	8.596
TTTY14	4.6435
TTTY15	5.3491
TTTY16	0.0
CTTN	11.5063
TTTY10	0.0
SNX11	8.8804
SET	11.4169
SEMA3B	8.4021
DHFR	9.04
ZNF800	8.0863
TTTY18	0.0
NARG2	9.0727
VPREB3	5.3246
RFC5	7.8366
FAM109B	4.6435
FAM109A	8.465
BSND	0.0
USP50	0.0
MSR1	7.7289
NAA20	10.7147
GIPR	1.6119
EIF2S1	10.364
EIF2S3	11.6581
EIF2S2	10.3451
PRODH	6.7992
LPIN2	10.9408
LOC286002	0.0
LPIN1	11.1813
GYG1	8.2217
PTPN20A	0.0
RS1	1.9038
KLF7	5.594
KLF6	11.9128
CERKL	5.9805
KLF4	8.2447
KLF3	10.0868
KLF2	7.7972
KLF1	1.2455
TMEM222	10.4083
TMEM223	8.6462
TMEM220	10.4457
GYG2	8.2673
EFR3A	12.7133
TMEM174	0.0
KLF9	12.5919
EFR3B	2.8419
HEATR6	7.145
MT3	6.877
HEATR4	3.5869
SNTG2	0.7532
HEATR2	8.8909
HEATR3	7.1239
TTC23L	1.6119
HEATR1	9.4783
FAM189B	9.9704
REST	6.9588
ASCC3	8.9238
TPH2	0.0
BATF3	3.7376
KLHDC7B	4.6435
CCNA2	4.9173
KLHDC7A	8.7509
DEDD	9.8364
POU1F1	0.0
PHF21A	8.2381
KLRK1	4.8968
MUSTN1	6.2756
VPS25	10.1526
NUP35	7.4179
NUP37	7.8538
LOC440173	0.0
ATP13A1	10.3789
MAP3K12	4.9532
MAP3K13	6.1829
ADNP2	8.8028
DDA1	9.4671
TTTY1B	0.0
LOC349196	0.7532
SLC1A4	9.1107
CYP11B2	0.0
CYP11B1	0.0
SLC1A7	0.0
ZNF549	4.2861
FUCA1	10.8284
DLEU2L	0.7532
SLC1A3	7.0437
YEATS4	7.7972
LRRC10B	1.6119
ATP13A2	7.9767
RSPH4A	1.9038
VCL	9.8254
NCAPG	5.0988
FAM60A	8.5806
DHTKD1	13.0017
OSBPL1A	9.003
IQCF5	0.0
DCTPP1	8.8507
FCGR1B	3.8788
FCGR1A	3.8788
IKBKE	4.3359
UNC93B1	9.4783
RG9MTD2	8.327
SNHG3	4.5621
MICB	7.3223
ENTHD1	0.0
IQCF3	0.0
GNL3	10.523
GNL2	10.016
GNL1	10.3139
RARB	7.8751
FAM163B	0.0
FAM163A	3.4961
DHRS9	5.1956
DHRS7	12.2727
DHRS4	11.3996
DHRS2	5.1684
DHRS3	13.1378
DHRS1	10.3244
RARS	10.4521
MIPEP	8.8992
RABIF	8.3209
DYRK1A	9.9704
RPS28	9.658
DYRK1B	7.9806
PHF21B	0.0
MAS1L	1.2455
CCNL1	9.8831
JAKMIP2	2.1465
JAKMIP1	1.2455
CCNL2	10.7287
LOC727677	0.0
DHRSX	10.1343
GHRLOS	3.0944
TPO	0.7532
SLIT2	1.9038
GNLY	5.7491
PCYT2	11.9691
NOMO2	9.8286
NOMO3	9.881
SLC11A2	10.8532
NOMO1	11.27
BAZ1A	8.2801
IMPA1	10.3221
IMPA2	9.4934
BAZ1B	10.3337
CCRN4L	5.7674
IL15RA	7.6375
HRK	0.0
M6PR	10.4234
SNAI2	10.4849
SNAI3	2.6969
HRG	14.8711
SNAI1	5.6929
HRC	4.5621
OSBPL10	4.4758
OR4F29	0.7532
LELP1	0.0
SEPT14	0.0
SLC2A9	3.8788
SLC2A8	9.5709
PTGES3	12.9726
PTGES2	9.699
SLC2A5	10.7599
RSPO4	2.5357
SLC2A3	10.2205
FA2H	1.2455
SLC2A1	7.4579
ECHS1	14.7994
SLC25A5	13.4632
DIXDC1	8.8929
PLAGL2	6.7992
HKR1	8.215
PLAGL1	4.4758
FAM24A	0.0
FAM24B	2.3542
FAM197Y2	0.0
TBC1D3B	7.2132
SLC1A5	7.7611
SYF2	10.3367
USP24	9.81
C1orf112	9.3292
TBC1D3H	3.2057
LOC100270710	4.0159
C1orf111	2.5357
SOX2OT	0.0
TEAD4	6.062
MCM8	6.1482
IGFL3	0.0
CCAR1	9.2825
IGFL1	0.0
MTDH	13.1138
AMELX	0.0
C1orf116	2.8419
SLC1A6	0.7532
MADD	9.3658
C1orf115	12.7246
EXO1	3.8099
ZBTB8A	7.3036
ZBTB8B	0.0
SHKBP1	9.2778
CEACAM1	10.5457
ATRIP	7.5704
CEACAM3	0.0
CEACAM5	0.7532
CEACAM4	1.9038
CEACAM7	0.0
CEACAM6	0.0
CEACAM8	0.0
SLC46A2	1.9038
SLC46A3	10.5311
SEPT11	10.4062
OR51G2	0.0
PARP2	8.4982
TMEM154	2.3542
OR51G1	0.0
RAPGEF4	7.8538
ENG	11.0679
LAT2	6.1057
ZNF274	8.7715
GTF2IRD1	8.0344
GTF2IRD2	8.0382
KIAA0415	9.1823
CHAC2	5.3968
SNORD114-8	0.0
PCDHGC4	0.0
AGMAT	9.681
F12	14.4435
THADA	11.2178
F10	11.4423
F11	11.48
EXOG	5.9058
SNORD1C	3.6817
EPAS1	12.873
HDGFL1	0.0
SNORA3	0.0
IQUB	0.7532
SLC27A1	9.2325
IL34	3.8099
C20orf141	0.0
LOC219347	6.5263
C20orf144	0.7532
FZD9	8.6512
SNCA	2.9736
CDKAL1	7.5557
SERPINA12	3.2057
SERPINA13	0.7532
RAPGEF6	6.3914
SERPINA11	10.9165
TRNAU1AP	7.8918
TMEM126A	8.1677
TMEM126B	8.7114
SNORA71B	0.0
MOCOS	9.2682
TMEM67	6.6397
TNR	0.0
CYP4B1	6.3435
ZNF621	8.1608
FAM81A	1.6119
RCOR2	1.2455
C21orf45	6.4378
FAM81B	0.0
TIGD5	8.8421
ADHFE1	10.7909
TIGD7	7.2643
TIGD6	7.2847
SEPT12	0.0
FLT4	7.896
PPDPF	11.9314
FLT3	2.1465
C21orf49	3.3091
FLT1	11.5561
PODN	5.3731
SCGB1D4	0.0
GSG1L	0.0
LOC728276	0.0
UGT2B15	13.3849
PIP5K1B	2.6969
TIPIN	6.5263
H1FX	11.2331
VKORC1	12.7071
OXSM	8.8072
ZNF214	4.8633
SDR9C7	0.0
PRKRA	8.3665
TSHB	0.0
PVALB	0.0
UGT2B10	14.4194
S1PR5	4.2345
SLC24A2	0.0
SNORD55	0.0
SOX21	0.0
H1F0	13.1195
COL25A1	3.2057
ZNF19	5.0159
FIGNL2	7.2847
LOC81691	5.9384
MRPS18B	11.4374
CLC	0.0
ELMOD1	0.0
PLOD3	11.3627
ELMOD3	8.8783
ELMOD2	7.953
RASSF8	6.8256
CLU	16.5732
SLC24A3	3.4056
PDC	0.0
SNORD56	0.0
VEGFC	6.9667
NTM	1.2455
SKIV2L2	9.7262
KNG1	16.4498
NRARP	5.8892
VCX	0.0
LOC407835	5.7491
COBL	9.1214
TAF9B	10.0528
SNORD57	0.0
ZNFX1	10.4863
NOP14	10.0256
AMOTL1	9.8694
AMOTL2	10.919
LCN1	0.0
LCN2	10.5047
BPI	6.9902
SF3B4	10.5047
PNPT1	8.2414
VPS52	10.7322
LCN9	0.0
LCN8	0.0
SF3B3	10.8349
SF3B2	11.8724
CYP17A1	4.2779
ALOX15	0.0
RRP12	9.2042
ALOX12	3.0944
SLC24A1	8.2434
TSHR	1.6119
RAPGEF3	8.3325
PRKY	4.8633
MAGEF1	9.2357
OR14I1	0.0
SEMA6C	9.4755
TNFSF8	3.8099
SEMA6A	6.1342
CNIH3	5.1123
CNIH2	1.6119
NSMCE4A	9.2455
CNIH4	9.0616
ELAC2	10.367
DDHD1	7.1096
ADCK4	9.4948
ADCK5	9.3643
ADCK2	9.4232
ZBTB11	8.7873
ADCK1	7.7428
DNAJC16	8.9895
DNAJC17	8.205
DNAJC14	10.1215
DNAJC15	9.6641
DNAJC12	10.6759
DNAJC13	9.4346
DNAJC10	9.5017
DNAJC11	9.9144
TRPC3	0.7532
EPRS	10.7117
CTXN3	1.2455
FEM1B	9.7458
ASF1A	8.6828
DNAJC18	3.4961
DNAJC19	9.589
EDF1	12.7614
ZNF689	7.0057
TMEM85	10.5745
SUPT16H	10.6097
NUDT16P1	7.6474
MLN	0.0
MLL	9.4517
MS4A6A	8.327
NAT8B	6.8081
LMAN1	11.9485
MGC16384	0.0
LMAN2	13.0719
EPR1	4.7096
MLX	10.9611
OR1M1	0.0
NAT8L	2.3542
SCML4	2.3542
LOC642846	5.5312
OR8B2	0.0
NRM	7.2656
CXorf48	0.0
FAM195B	10.8065
PFKFB3	10.4257
FAM195A	10.0026
CXorf42	4.1254
CXorf41	0.7532
SLITRK1	0.0
ITPA	9.5407
CTRB1	0.0
UGT1A4	14.6699
SH3BGR	8.6313
YWHAQ	11.6077
OR10A5	0.0
PPM1L	6.1057
ZNF17	6.5581
OR4X1	0.0
OR4X2	0.0
SCIN	5.8033
TCF7L1	6.902
ADD3	8.9012
ACTG1	15.1417
ACTG2	6.7992
SNORA21	0.0
PPP4R4	8.2641
PPP4R1	9.5513
PPP4R2	9.2841
SLC11A1	6.0767
TTTY21	0.0
PKD2L2	0.0
PKD2L1	7.7382
TBRG1	9.0888
OR10A4	0.0
CWC27	7.6863
CWC25	8.3725
CWC22	8.465
OR8B8	0.0
TMED10	12.8384
LTBR	11.4096
MAP3K8	7.8918
MAP3K9	6.2556
SNORA26	0.0
ZPBP2	0.0
MAP3K2	8.565
MAP3K3	9.1163
PRPF31	10.5946
MAP3K1	8.1573
DEAF1	8.3467
MAP3K7	8.7578
IER3IP1	9.8534
MAP3K5	5.8724
SNORA28	0.0
RBMY1A1	0.0
MARVELD1	5.3212
FMOD	6.4263
MARVELD2	8.3332
NUP214	10.1639
CCBP2	9.9028
H2BFXP	0.7532
VPS54	9.2159
FMO2	7.1931
FMO3	15.0256
FMO1	2.8419
ZNF202	6.5995
CASZ1	5.7854
FMO4	10.7444
FMO5	14.6132
IDH2	13.7884
IDH1	13.0396
EVX1	5.3246
ZNF208	2.1465
EVX2	0.0
SETD8	8.1949
SH2D2A	3.8788
OR10A6	0.0
OTUD6A	0.0
FNDC3A	11.1002
TLL1	3.6615
KIAA1797	7.7006
SETD2	10.143
KRTAP27-1	0.0
SETD4	7.6225
SETD7	11.9644
ITFG2	7.1795
PSRC1	7.1168
TRPM7	10.2901
DZIP3	8.3363
PRAMEF18	0.7532
DZIP1	8.5269
PRAMEF16	3.2057
LOC100133612	3.7376
PRAMEF14	0.0
PRAMEF12	0.0
PRAMEF13	0.7532
PRAMEF10	1.2455
PRAMEF11	0.7532
MARCKSL1	9.9395
PRSS27	2.5357
PRSS21	0.7532
HBM	1.2455
PRSS23	9.9394
LXN	4.9297
SURF6	9.8841
EME1	4.0658
EME2	2.9736
RBCK1	10.8638
STX3	7.6275
AKNA	8.5598
DUOX1	5.0834
DUX4	0.0
DUOX2	0.7532
VENTXP7	0.0
RIT2	0.0
SNORD50A	0.0
ZNF486	2.1465
PYCR2	10.9766
GLYR1	11.0475
SNORD117	0.0
SNORD110	0.0
SNORD111	0.0
KRTAP4-9	0.0
KRTAP4-8	0.0
ATP2B2	5.5524
PCNXL3	9.6195
PCNXL2	3.4961
KRTAP4-1	0.0
KRTAP4-3	0.0
KRTAP4-2	0.0
KRTAP4-5	0.0
KRTAP4-4	0.0
KRTAP4-7	0.0
TIMM17A	11.788
ECH1	14.0958
RRM2B	10.5874
TAPBPL	10.1929
NPPB	0.0
GBP1	10.812
NPPA	2.3542
RASSF4	10.581
ACSF3	9.8502
FRZB	6.902
MAL2	8.6487
MAN2A2	9.2968
GUCY2GP	0.7532
MAN2A1	9.9773
FAM38A	10.8322
NDUFB10	11.3932
SPRR2G	0.0
FAM38B	8.205
SPRR2A	0.0
DECR1	14.0395
SPRR2C	0.0
DNER	0.0
KRTAP12-1	0.0
TAOK3	9.2682
?|391714	0.7532
KRTAP12-2	0.7532
TP53	9.3015
KRTAP12-4	0.0
CDHR1	2.5357
CDHR2	7.8016
CDHR3	6.4293
CDHR4	0.7532
CDHR5	13.5102
ST8SIA1	0.0
C6orf176	1.2455
C6orf174	4.7922
SHQ1	8.4137
C6orf170	3.4056
WNT10A	1.6119
TECTA	3.9445
PKM2	10.1175
TMEM232	4.1254
DUXA	0.0
FLJ39582	5.7854
STX1A	4.2345
FARS2	8.7278
STX1B	9.1617
RABL2A	7.3468
TOLLIP	11.9087
RPS15A	12.8914
ALS2CR11	1.2455
ALS2CR12	0.7532
BTBD19	4.1809
BTBD18	0.7532
NF1P1	0.0
HESRG	0.0
BTBD17	0.0
BTBD16	5.5524
BTBD11	4.1809
BTBD10	7.9609
BTBD12	6.8854
SIK1	10.7502
LSM3	9.8395
SIK2	11.332
KRT80	2.6969
KRT81	1.2455
KRT82	0.0
KRT83	0.0
CST9L	0.0
KRT85	1.2455
KRT86	0.7532
RAB22A	9.7709
TSEN2	6.8685
RAPGEFL1	7.8104
DUS3L	8.9797
SNAR-A2	0.0
TPRX1	0.0
XPR1	9.567
SNAR-A4	0.0
SPACA4	0.0
SC5DL	12.6301
EDA2R	5.0239
SPOCK1	8.2705
LCT	0.0
NCS1	7.6275
MAST1	5.1123
MAST2	9.4116
MAST3	9.5327
MAST4	8.9319
SALL3	0.0
SALL2	2.9736
FAIM	7.3769
CD180	4.9618
WAS	7.4005
SPACA1	1.2455
RAB9A	8.1677
CYP1A1	12.7328
CYP1A2	11.878
RAB9B	0.0
C5orf39	5.4656
C5orf38	0.0
LOC285692	0.0
C5orf35	7.6424
C5orf34	3.2057
C5orf36	5.5734
ZBTB7A	9.5928
C5orf30	2.3542
C5orf33	13.5147
C5orf32	11.2899
STX11	6.5476
FARSB	9.3508
FARSA	10.43
FIS1	11.9223
C9orf71	7.8234
C9orf70	0.0
STX17	9.2569
C9orf72	9.2026
STX19	1.2455
STX18	9.4685
ZMIZ1	9.6308
SMO	10.6342
C9orf79	0.0
C9orf78	10.4647
LOC285696	0.0
LIPA	11.5594
SLURP1	0.0
CUTA	12.1436
BPGM	7.8323
CUTC	8.9799
ZSCAN23	0.7532
TTC33	8.9279
LIPC	13.6782
MOSPD3	9.8862
MOSPD2	6.4148
MOSPD1	7.561
ATP11C	9.9152
ATP11B	8.8116
ATP11A	8.6755
ZBTB40	8.1469
OR9G9	0.0
PAN3	8.1434
LOC642587	0.0
IFITM5	0.0
PCDHA4	0.0
RAB5B	11.7376
PCDHGA10	5.1406
PCDHGA11	0.0
PCDHGA12	2.3542
PARP3	8.9953
DPP8	7.088
DPP9	10.4436
RPL23AP32	1.6119
POLE4	9.4587
GBA	11.9357
LIPH	0.0
DPP3	9.4517
DPP4	13.2963
SUOX	10.7392
DPP6	0.0
DPP7	11.6649
CEP68	8.8699
C14orf86	0.0
CEP63	8.9817
OR5B12	0.0
SLC7A11	8.1364
COQ10B	9.3523
GLTSCR1	8.3665
GLTSCR2	12.7101
COQ10A	8.6062
C11orf66	5.986
IK	10.6729
CYP2A7	5.2744
CYP2A6	12.865
C17orf50	1.2455
LIPN	0.0
C17orf53	2.9736
TMC8	6.1057
MRPS16	10.9047
OTOS	0.0
HS1BP3	10.6904
TFDP3	0.0
C14orf80	8.2928
NOC3L	8.2705
PCP2	0.7532
RNFT1	8.068
C11orf63	3.0944
HIAT1	9.6457
PNLDC1	2.6969
SECISBP2	9.9131
PRPF18	8.472
A4GALT	7.8751
TMEM167A	10.7287
C11orf61	5.7674
TMIGD1	0.0
OR10R2	0.0
FLJ45079	0.0
FLJ36777	4.4758
TMEM229B	5.5097
CTRL	1.9038
CTRC	0.0
SEC24B	10.086
TRMT61A	9.6506
WRAP53	6.6594
MFHAS1	7.4691
TRMT61B	8.3213
ZFYVE9	9.4361
LOC400931	2.1465
DHX16	9.8747
IFLTD1	0.0
DHX15	10.259
LEPROT	9.4501
ZFYVE1	9.658
LDOC1	4.6435
DGCR9	5.9384
DGCR8	8.1881
MUM1	10.3206
ZNF557	6.998
RXFP1	1.9038
CCDC88A	8.465
CCDC88B	6.1758
CCDC88C	5.7491
DGCR5	8.6238
FAM27C	2.8419
H2AFB1	2.5357
DGCR6	9.8373
ZNF782	4.2345
ZNF781	1.2455
FAM27B	0.0
ZFAND6	10.3989
RGNEF	8.84
ZNF785	6.4842
PITRM1	11.0798
GOT2	13.1228
SCARNA22	0.0
RNASEK	11.3062
GOT1	11.2784
RNASEL	8.1364
PCDHA9	0.0
RNASE1	10.095
MPEG1	8.8378
RNASE3	1.2455
ODF3B	7.9649
RNASE4	13.7662
RNASE7	2.8419
ACCN1	0.0
RNASE9	0.0
KRTAP17-1	0.0
ZNF551	5.2997
UBE2O	9.0671
C14orf50	0.0
ZFAND5	13.4884
C14orf53	4.8289
OR2T8	0.0
QTRT1	10.5938
OR2T6	0.0
TTTY12	0.0
OR2T4	0.0
OR2T5	0.0
OR2T2	0.0
OR2T3	0.0
OR2T1	0.0
C18orf18	7.4352
C18orf19	8.3695
CCDC89	0.0
LOC339535	0.0
OLFM2	11.3161
CCDC83	0.0
CCDC82	8.2544
C22orf40	8.2217
CCDC80	7.1096
CCDC87	4.5196
CCDC86	9.1667
C18orf16	0.0
CCDC84	6.6198
ADAMDEC1	2.5357
CTR9	10.7536
CD7	5.6344
RRAS2	9.1426
SNORD8	0.0
SPRYD5	0.0
ZNF568	6.3556
ZNF567	5.594
ZNF566	6.9347
ZNF565	6.1342
PSKH2	0.0
ZNF563	8.0231
SCARB1	12.7603
ZNF561	8.5145
OR5AS1	0.0
STMN4	0.0
NECAP2	10.0768
CCR6	3.6615
STMN3	5.2224
STMN2	1.2455
IKBIP	7.5662
ACRBP	3.4961
OLFM4	0.0
DCLK1	2.9736
DCLK3	2.1465
DCLK2	4.5621
NOX1	1.2455
NOX3	0.0
TRAF3	6.2813
NOX5	2.6969
NOX4	5.1684
PGS1	7.8236
AZU1	0.0
TRAM1	13.5594
FAM161A	5.8209
FAM161B	4.6033
DKFZP434K028	0.0
MRPL42	9.1356
UBE3B	10.0284
RAF1	10.8327
ASB16	3.1013
UBE3A	10.0667
KHDRBS2	0.0
MIAT	4.1254
MRPL40	10.6129
MRPL47	8.7394
TOP2B	10.6142
IPW	6.9576
MTRF1	7.3099
LOC400794	1.6119
HGFAC	6.698
SDAD1	9.7698
APH1B	6.3556
SNORD32A	0.0
MRPL44	10.0537
SETD6	7.7247
C10orf68	1.2455
SLC26A1	9.1073
SLC26A2	7.1096
SLC26A3	5.7674
SLC26A4	2.6969
SLC26A5	0.7532
FGF9	0.0
FGF8	0.0
FGF7	4.9297
FGF6	0.0
FGF5	0.0
FGF4	0.0
FGF3	0.0
FGF2	5.8065
FGF1	4.1254
BCAN	1.2455
OLFML2B	6.8256
OLFML2A	6.6198
BCAM	10.8933
HTA	0.0
GLOD5	5.1956
GLOD4	10.445
SDC2	14.9458
GCH1	8.7417
SDC4	13.22
TTYH1	0.0
ELOVL6	9.8155
ELOVL7	1.9038
ELOVL4	1.6119
ELOVL5	11.6621
ELOVL2	10.0612
ELOVL3	0.0
ELOVL1	9.8491
SNF8	10.1887
AMY1A	1.9038
FAM54A	1.2455
SPPL2B	9.675
KIAA0182	9.0146
ZCCHC8	8.7231
TLN1	12.4767
ERAP2	10.5483
DEFB1	11.4705
NAALADL2	6.6885
POM121C	9.2618
UPK1A	3.4056
TM9SF4	10.7948
LOC441601	1.2455
DIABLO	10.1235
ZNF593	9.4559
IFNB1	0.0
CWF19L1	8.6585
SPRR2D	0.0
CWF19L2	8.1881
HEYL	7.3946
LOC650623	3.0944
NAA25	7.9767
RPL13A	13.8218
SGCG	0.0
TTYH3	10.1802
SGCE	6.9347
RILP	8.8028
CNKSR1	6.4827
SGCB	10.4647
CNKSR3	10.8617
CNKSR2	5.2997
ZNF691	8.6948
NCRNA00207	0.0
DUSP9	8.2801
DUSP8	8.1677
LOC284688	0.0
DUSP5	8.0717
DUSP4	3.8099
DUSP7	7.9042
DUSP6	11.3308
DUSP1	11.9838
DUSP3	12.4953
DUSP2	5.1684
LRRC8E	6.7541
LRRC8D	10.1518
GBGT1	4.384
NKD2	7.3649
ELN	11.8231
RBL1	3.8099
ELL	9.0745
LRRC8B	4.1809
QDPR	12.3124
OR51E1	3.3091
OR51E2	0.0
SLC8A1	5.054
RGS7BP	1.2455
RPL26L1	8.3084
MIXL1	0.0
HDX	4.384
HEY2	6.2813
HEY1	6.7903
LRRN4CL	0.7532
MFSD9	7.0952
XRCC6BP1	6.9902
STX4	9.7709
MTF1	8.2609
MTF2	7.2331
TM9SF2	11.7339
PRKCQ	2.5357
LEP	0.0
TAB3	10.129
LOC80054	7.1931
CNTN1	0.0
STX6	8.4726
C20orf123	0.7532
CSN1S1	0.0
TBC1D12	7.3709
HDC	5.7674
TSNAX-DISC1	0.0
XYLB	8.964
TBC1D16	8.3785
RPL34	12.7902
TBC1D14	10.1785
FBL	10.6317
MAGEB18	0.0
TNFRSF6B	5.3676
RPL35	13.3336
AUTS2	9.4657
PLA2G1B	2.6969
MAP2K5	8.5386
NUMA1	11.9572
MAGEB10	0.0
C21orf67	6.5893
ARFGAP1	10.2964
C21orf63	7.5662
C21orf62	1.6119
GPR52	0.0
HSPA1A	17.294
BMP10	0.0
IKBKAP	9.589
GPR56	9.0891
BMP15	0.0
FAM83C	2.6969
FAM83B	0.0
FAM83A	3.0944
PCDH7	3.0944
FAM83G	5.8724
FAM83F	0.0
FAM83E	1.6119
FAM83D	9.7284
C12orf70	0.0
C12orf71	0.0
C12orf72	7.3946
C12orf73	7.2527
C12orf74	1.6119
C12orf75	8.2512
C12orf76	6.1057
C12orf77	0.0
ATP7A	7.3649
DGKQ	8.6036
C8orf4	9.9203
VKORC1L1	9.7653
DGKK	0.0
DGKH	5.2744
DGKI	0.7532
DGKB	2.6969
SYNRG	9.1975
ATP7B	8.9299
DGKG	2.1465
DGKD	7.953
DGKE	7.1096
ICK	11.2372
LOC283761	0.0
SNORD43	0.0
TMEM106C	9.7458
CNP	11.0584
METT5D1	8.528
SRP72	10.7831
SUV39H1	8.6363
ZNF169	4.4307
PTGIS	4.2345
PTGIR	4.0675
TMPRSS3	5.9545
NEK5	0.7532
TCERG1L	0.0
CLTCL1	8.7984
RTEL1	8.5708
NPM1	12.6651
NCRNA00085	3.9445
NCRNA00086	1.2455
NCRNA00087	5.443
HSPA13	9.4587
ZCRB1	9.538
FLJ40292	1.2455
VSNL1	9.4058
SMU1	10.3789
PEMT	9.292
HSPA14	8.1608
RHCG	5.2997
MXI1	10.9428
RHCE	7.5345
RUVBL2	11.0573
AKR1D1	11.4402
PKD2	10.6448
TMEM25	8.7624
PDE2A	9.0107
DGCR11	4.7936
DGCR10	3.0944
C1orf95	4.1254
C1orf94	0.0
C1orf93	6.7244
DGCR14	8.4706
C1orf91	6.958
DENR	9.8023
AHNAK2	6.2029
ANXA8L1	0.0
FKSG73	0.0
PTPN18	10.0612
SCFD1	9.7527
SCFD2	8.1711
PPP3R2	0.0
MYPOP	7.3769
ZNF167	1.2455
GCOM1	5.398
IQCB1	6.6097
SCG3	0.7532
MEN1	10.1708
LOC202781	7.5076
CPSF4L	0.0
KRT222	7.5869
DDX54	10.9658
SNORD114-12	0.0
SEMA4A	4.4307
SEMA4B	11.3088
CSRNP3	0.7532
SEMA4D	5.6736
GABRB2	0.0
OR2L2	0.0
PPAP2B	12.1841
OTUD7A	3.9445
CTAGE9	2.6969
C10orf110	2.2458
C10orf111	2.5357
C10orf116	9.3423
C10orf114	9.2308
SQRDL	10.7848
CTAGE1	4.1809
C10orf118	6.9185
C10orf119	10.0055
CTAGE4	1.2455
CTAGE5	11.572
CTAGE6	0.0
OR6W1P	0.0
HSPA9	13.3923
SIP1	6.579
GLP1R	0.0
SCN4A	7.0952
SCN4B	6.2556
OR2L3	0.0
SUMO3	10.8739
ZNF30	6.2163
TMCO3	8.6188
TNRC6B	9.5447
FAM129C	1.6119
GIP	2.1465
TMCO4	8.3178
CRTAC1	1.9038
SCCPDH	11.5824
RPP38	8.0936
ZNF195	7.1096
GIF	0.0
SERP1	12.6667
MFSD1	10.8833
OR2S2	0.0
LRP6	10.521
MS4A4A	7.5345
TMCO7	8.9197
CNDP1	1.2455
CNDP2	12.7384
LYPLA2P1	6.1482
NPL	7.7748
STRBP	7.5452
LRP4	4.4758
MOCS2	11.6328
CXorf61	0.0
TXNRD2	11.6437
LRP5	12.1593
CXorf65	0.7532
CXorf64	0.0
CXorf66	2.6969
AHR	11.6581
SCGN	2.6969
GADD45GIP1	10.1157
COLEC12	5.054
ENC1	8.3204
COLEC10	2.5357
COLEC11	6.5263
MAP3K11	11.6627
TXNRD1	11.0428
LRP8	4.1809
NPS	0.0
ACTA2	11.7563
ZNF197	7.6572
ACTA1	1.9038
ZNF192	6.062
EMCN	8.8529
WNK2	3.5811
QSOX2	8.0717
INSL5	0.0
PDS5A	10.37
PDS5B	9.172
MFSD3	10.9917
SYCE1L	3.2057
TSTD1	9.8
TSTD2	8.1048
PLXNA4	0.0
PKHD1L1	1.2455
BNIPL	2.3542
TADA2A	6.8256
TADA2B	9.6701
PSMB4	13.0599
NR2C2AP	8.5858
PAICS	11.8469
OR1I1	0.0
RSBN1L	7.6761
UBXN2B	10.0045
UBXN2A	7.6225
VWA5B2	2.8419
VWA5B1	1.2455
KIAA0319	2.5357
DYNC2LI1	8.0643
EDARADD	6.3189
IFNW1	0.0
ZNF212	9.043
OR4D6	0.0
ZNF224	6.6609
ZNF225	5.4878
ZNF226	7.0511
KIF9	6.5995
KIF6	3.7376
KIF7	5.9053
ACMSD	11.0315
KCNQ5	0.0
KCNQ2	0.0
KCNQ3	1.6119
KCNQ1	7.7793
ALDH8A1	10.867
HOXC10	0.7532
HOXC13	0.0
HOXC12	0.0
VEGFA	10.9333
TSPY4	0.0
PLN	3.2057
LHX4	1.3148
UBE2E2	8.6536
RTTN	7.1309
BNIP1	7.0362
BNIP2	9.4403
BNIP3	12.1981
PDE4C	4.0675
UBQLN1	11.6406
INSL6	0.0
ZNF491	3.9445
ASTN2	7.7566
ZAN	0.0
KCTD15	7.7882
LEKR1	4.7936
KIR2DL3	0.0
PTGER4	5.3491
KIR2DL1	0.7532
SNORD71	0.0
FLOT1	11.5312
FLOT2	11.0329
KIR2DL4	1.6119
NCF1C	3.6615
ZNF544	7.752
NAB1	9.5928
UAP1	11.5934
NAB2	8.7827
PDE6B	2.1465
SEPP1	17.1866
ZNF490	7.1096
IYD	10.2147
LINS1	7.2132
OTUD5	10.5054
OTUD4	9.5085
OTUD3	6.3556
AP3M1	9.7923
AP3M2	6.4263
PTGER1	4.1254
SPEM1	0.0
AKAP14	0.0
AKAP12	11.0803
AKAP13	11.0693
AKAP10	7.6959
AKAP11	9.1143
HTRA4	1.2455
PTGER3	3.384
COL2A1	2.8419
CCDC8	2.9736
HTRA2	9.5428
HTRA3	4.8633
BSDC1	11.4201
PHEX	0.0
MFSD6	7.4352
PYY	1.2455
S100Z	0.0
UNC5CL	9.657
PRIM1	7.4635
NTN4	9.5273
KIRREL	3.4056
NEFH	2.5357
MGC16121	2.3542
LNP1	6.791
DNAH2	0.0
C17orf88	0.7532
C17orf89	8.8421
SNX12	8.1434
EGLN2	10.0074
C17orf82	6.0015
C17orf80	8.0936
C17orf81	9.8945
C17orf86	6.2685
C17orf87	2.8419
C17orf85	8.0753
SPIB	0.0
SPIC	0.0
TNKS1BP1	11.8517
LGTN	10.6904
LOC222699	5.1684
HECA	9.8351
PCLO	0.7532
C6orf118	0.0
ARID5B	8.324
ARID5A	8.958
C8A	13.9544
C6orf114	4.0073
C6orf115	10.3826
LOC100129726	3.0944
LOC731789	0.7532
MAP2K1	10.229
TP73	3.4961
ABT1	9.5206
AKR7L	8.9659
TBP	7.6275
LOC285740	0.0
LOC100302640	1.6119
PRR20B	0.0
GLS2	1.6119
SLC38A5	4.0073
LAPTM4A	13.5534
GALK2	10.1576
SPCS2	10.1112
LAPTM4B	10.8414
ANKH	10.5602
RASGRP2	8.2512
ALG1L2	0.0
EGFR	9.7845
SLC38A7	8.3665
DHFRL1	6.4036
RCVRN	0.0
KIAA0649	9.1823
WDR86	1.6119
ALOX5AP	5.8209
WDR81	10.7859
WDR82	10.489
NLRC5	8.2769
SLC38A1	8.5883
UBAC1	9.1356
WDR88	0.0
S100G	0.0
ACER2	6.6594
ACER3	6.3189
FRMD4A	7.8104
ACER1	5.054
SLC38A3	12.9961
SNAR-C3	0.0
SNAR-C2	0.0
TMEM90A	0.0
AARSD1	9.2905
ESYT1	11.8121
ESYT2	10.7909
ESYT3	0.0
CXCR3	3.9445
CXCR2	4.1809
CXCR1	4.3359
CXCR7	7.272
CXCR6	3.4056
CXCR5	1.6119
CXCR4	8.8656
JAG2	7.1998
JAG1	8.324
CLRN2	1.9038
CLRN3	9.4976
CLRN1	0.0
MYF6	0.0
PIP4K2A	8.2928
APPBP2	9.2076
MINK1	10.1101
TFF1	0.0
QRICH2	4.4758
QRICH1	9.8373
E4F1	9.8427
CRYBB3	0.7532
CRYBB1	2.3542
PRRX1	4.4758
RAP1GAP	8.9156
EXOC2	8.8783
EXOC3	9.7319
DEFB107A	0.0
EXOC1	8.3605
BNC1	1.2455
EXOC7	11.3549
EXOC4	10.2909
BNC2	2.8419
UBE2Q2	7.0586
EXOC8	8.9719
MAPKBP1	6.9667
SERTAD3	8.0606
ANK1	1.9038
ANK2	4.4758
ANK3	4.7936
MGAT4A	8.042
CHRNG	0.0
CHRND	0.0
CHRNE	5.773
C9orf96	4.4758
C9orf95	10.0658
IFI44	8.2928
C9orf93	4.4758
C9orf91	9.0963
BZW2	9.6653
RAD17	8.6828
FAM99A	3.0944
FAM99B	1.2455
CRAMP1L	8.3844
SNORA10	0.0
IDH3A	9.3233
OR9A2	0.0
ARSF	0.7532
C5AR1	7.6767
TNRC6C	7.661
TNNC1	3.6615
OR9A4	0.0
CYP3A7	8.4339
PHACTR1	5.8209
USP26	0.0
USP25	9.4275
PPL	10.2541
PSMD6	10.0141
CYP3A4	18.6824
TRIP4	8.405
LOC644936	4.2861
ADAMTS5	6.4148
ADAMTS4	9.4361
ADAMTS7	5.9058
ADAMTS6	1.6119
ADAMTS1	8.872
TMEM134	9.5367
ADAMTS3	0.7532
ARHGEF9	9.2618
ARHGEF6	6.7813
ARHGEF7	9.9496
ARHGEF4	1.6119
ARHGEF5	6.6496
ARHGEF2	7.6023
ARHGEF3	7.7972
COTL1	8.4253
ARSG	5.6143
CDH9	0.0
CDH8	0.7532
PROKR2	0.0
FAM48B2	0.7532
RPL23AP53	5.6929
CDH1	8.4594
CDH3	0.7532
CDH2	9.9635
CDH5	10.3527
CDH4	0.0
CDH7	0.0
CDH6	4.9931
CENPO	4.5882
CENPN	8.3199
DPP10	0.0
CENPL	5.8904
CENPK	3.3091
CENPJ	5.5097
CENPI	2.3542
CENPH	4.9931
CENPF	5.5734
CENPE	2.3542
RAMP1	10.8473
CENPB	11.0633
CENPA	2.1465
RAMP2	8.0717
LDB2	7.9569
LDB3	4.384
CLCF1	5.4656
KAZALD1	4.8808
PALM	7.1024
FOXE3	0.7532
SSH1	9.2569
CENPW	5.0239
CENPV	9.1089
CENPT	8.9778
SERPINI2	0.0
CENPQ	4.5196
CENPP	5.7603
TRMU	8.946
TRPC2	0.7532
SPRED1	7.8016
PDXDC2	7.1096
LIN9	5.8033
LOC389705	0.0
ATP5G1	11.1204
UCA1	0.0
UCKL1	8.6779
PLEKHA4	6.2295
PLEKHA5	9.3793
PHACTR2	9.7249
PLEKHA7	8.8204
ATP5G3	12.5788
PLEKHA2	7.5766
PLEKHA3	8.1504
NETO1	0.7532
WDR34	9.4275
NETO2	5.5097
PLEKHA8	6.2163
PLEKHA9	4.9618
STBD1	12.7296
CTPS	11.0479
RFESD	5.3731
OR1D2	0.0
SEC62	11.5459
OR13C9	0.0
DHX38	9.8997
SAMD4A	10.157
TRIB1	11.6449
TRIB2	11.0493
TRIB3	10.3557
DHX30	10.6305
DHX32	8.7913
DHX33	7.5504
DHX34	8.661
DHX35	8.4622
DHX36	9.7037
DHX37	8.8846
LCE1F	0.0
LCE1D	0.0
LCE1E	0.7532
LCE1B	0.0
LCE1C	0.0
CABIN1	9.5287
LCE1A	0.0
LAYN	6.4148
MGAM	1.9038
AP4S1	5.4656
B3GNTL1	6.3259
LUM	7.7054
VN1R2	0.0
MTR	10.6009
VN1R1	2.6969
ZNF768	10.201
VN1R4	0.0
VN1R5	0.0
ZNF765	6.3914
LOC100009676	6.7898
ZNF767	6.3796
ZNF766	8.2512
ZNF761	7.1519
ZNF763	2.6969
PGBD1	5.1123
TPT1	15.9074
OR2V2	0.0
RPP21	8.1538
SPATA5	6.7357
VNN1	6.2295
RPP25	6.6198
DSCR10	0.0
PMCH	0.0
PLSCR4	8.8677
NKX2-8	0.0
C14orf72	0.0
ECSIT	10.2917
C14orf70	0.0
ZSCAN10	0.0
WIF1	3.2057
HHATL	0.0
LOC339047	7.8538
FAM185A	7.4466
C14orf79	7.5557
RETNLB	0.0
PCDH8	0.0
SUPT6H	11.274
YBX1	13.0097
C18orf34	2.5357
CILP2	2.3542
C18orf32	10.2941
DOPEY2	8.8971
DOPEY1	7.8738
RBMY2FP	0.0
PRIM2	6.0169
ZNF501	4.4758
ST8SIA5	0.7532
ZNF503	9.6578
WDYHV1	8.2959
SMAD4	9.9665
ZNF506	6.1894
ZNF415	3.0944
TBC1D10A	9.5974
PSG8	2.6969
TSR2	10.1103
GPBP1	10.579
ENOX2	8.2316
TREM1	2.6969
TREM2	4.7205
STK24	10.3886
CD1B	0.0
SMAD5	9.8852
RPL41	14.1715
CD1C	4.2861
MYH2	0.0
MYH3	10.2444
GREB1	10.5575
HAO1	13.6113
MYH6	0.0
MYH7	0.0
MYH4	0.0
THBS2	7.6523
RACGAP1	8.7208
FAM167B	6.8937
FAM167A	5.7119
MYH9	14.1167
BAGE2	0.0
RNLS	8.9136
C9orf53	0.0
DPH3B	3.0944
UGT2A1	0.0
SNORD88A	0.0
LOC29034	1.9038
CELF6	7.657
VGLL2	0.0
VGLL3	5.054
CADM4	7.9166
VGLL1	0.7532
CADM2	0.0
CELF5	2.1465
VGLL4	9.7716
CADM1	12.1451
FGD5	7.5504
FGD4	10.5562
KRTAP5-6	4.1254
C9orf50	0.7532
FGD1	7.6911
KRTAP5-1	1.6119
FGD3	5.443
FGD2	5.8724
LST-3TM12	7.6718
CELF3	0.0
CEP250	8.225
KRTAP5-8	2.1465
KRTAP5-9	0.0
CELF2	6.6789
TBX18	0.0
CELF1	11.04
MERTK	11.0357
VCPIP1	10.5602
RLN1	0.0
UHRF1	4.5196
UHRF2	8.69
FAM149B1	9.0165
CNNM1	9.3703
CNNM3	10.339
CNNM2	7.8666
CNNM4	7.7474
HHLA2	1.2455
HHLA3	8.3147
PIP5K1A	9.8351
HHLA1	0.0
KEAP1	10.9692
MYO9B	10.4062
MYO9A	6.2295
TRIP6	8.7043
RLN2	0.0
ZBTB8OS	7.592
ZNF337	7.7818
DSCC1	5.5524
PHF14	9.6043
PHF15	8.962
PHF16	8.3545
PHF17	9.4601
PHF10	9.5684
PHF11	8.2705
PHF12	9.6294
PHF13	9.1823
FOXQ1	6.294
ZNF710	7.4466
PHF19	6.4263
FBRSL1	9.503
ZNF711	0.7532
EZH1	9.2794
SLC5A1	1.2455
MEGF8	9.7389
EZH2	4.6825
SLC5A4	1.2455
CCNB1IP1	10.4633
SLC5A6	13.5042
PTGDS	8.1399
RLN3	0.0
PRSS8	4.0073
TIA1	9.3911
MEGF6	11.207
UBN2	8.205
UBN1	9.7389
RALGDS	9.1443
PNLIPRP1	0.0
PNLIPRP3	0.7532
PNLIPRP2	0.0
NKX2-3	3.3091
RAVER1	8.5226
RAVER2	4.9618
ALX3	5.8724
NAA40	7.2847
ALX1	0.0
RB1	8.7486
ALX4	0.7532
YY1AP1	10.761
LOC400043	2.6969
UCN	4.5196
NKG7	6.717
LOC649330	3.2057
ZBTB3	6.698
ZBTB2	7.8835
ZBTB1	8.8928
CARD18	0.0
ATAD3C	4.2345
ATAD3B	7.9649
ATAD3A	9.3837
MAT2B	11.111
NBR2	7.4063
CYP21A2	7.9673
CARD11	4.8968
CARD10	9.6469
CARD17	0.0
BOD1L	9.2569
LOC151534	10.8548
CARD14	2.3542
CASC3	10.3587
CASC2	4.384
CASC1	3.4056
HCG26	4.9618
ARR3	0.0
GNB3	0.7532
CASC5	5.3968
CASC4	11.1164
COL24A1	2.9736
PXMP2	11.2113
GNB2	11.4291
PXMP4	9.1823
HAO2	10.3826
RIPK3	2.1465
ZMYND12	7.5662
LOC284379	0.0
C20orf108	11.841
HN1L	11.2356
MGC21881	6.7992
C20orf106	0.0
C20orf107	0.0
C20orf103	2.5357
CUL4A	10.2734
TAF1	9.7354
CUL4B	11.274
CYP2C19	9.7373
CYP2C18	10.2439
WDR49	0.0
BOLA1	9.5826
NUDT16	10.3737
BOLA3	8.3393
BOLA2	10.0326
RIPK2	8.6188
IMMT	11.1952
PPBPL2	0.0
GLCCI1	7.4409
SLC6A3	0.0
C21orf82	2.1465
C21orf81	0.0
SLC6A7	5.9384
SLC6A6	5.5524
NDUFB9	13.3475
C21orf84	2.1465
NDUFB7	11.5564
CROCCL2	3.9445
CROCCL1	9.0494
C21orf88	0.0
NDUFB3	10.0519
FAM160A2	9.7867
NDUFB1	10.8414
GPR39	7.7023
WDR13	12.1473
YDJC	8.2769
GSR	8.6585
POM121L1P	0.0
ZNF667	1.6119
KIAA1919	6.9508
GPR31	0.0
ASB14	2.5357
GPR32	0.0
GPR35	4.384
GPR34	6.0913
GPR37	4.0675
LRPPRC	11.8214
C12orf56	0.0
C12orf57	10.566
C12orf54	0.7532
CYMP	0.0
C12orf52	9.3926
C12orf53	0.0
C12orf50	0.0
C12orf51	9.3808
FMNL2	8.6561
FMNL3	7.8558
FMNL1	6.3796
ZIC4	4.6825
C12orf59	2.9736
STAP2	10.2782
STAP1	1.2455
TBC1D20	9.9325
NEXN	5.6736
RIPK4	11.1056
INGX	1.9038
SH3BP4	12.0312
MAPRE1	9.4217
MAPRE3	9.0069
MAPRE2	10.063
AQP6	10.6632
AQP7	7.828
AQP4	3.4056
ANKRD46	10.7844
AQP2	0.7532
AQP3	9.4671
ANKRD43	7.9207
AQP1	11.4863
TBC1D24	8.6536
ANKRD49	7.3036
TM6SF2	10.4102
AQP8	5.2997
AQP9	16.5584
NR1H4	11.0748
NOP2	9.2618
SCARNA9	2.1465
SCARNA8	0.0
SCARNA7	2.5357
PATZ1	9.9812
SCARNA5	0.0
SCARNA4	0.0
SCARNA3	0.0
SCARNA2	2.6969
SCARNA1	0.0
AFG3L1	6.0913
GTF2I	10.7502
MRRF	9.7026
MPV17L	8.0078
PHB	12.3157
GPR150	2.8419
ZNF516	8.0569
GSC	1.2455
ZNF382	4.5196
SNHG5	11.2265
PGGT1B	8.1573
RHAG	0.7532
SNHG6	10.8739
IFIT1B	0.0
NR1H2	10.8938
GUCY1B2	1.6119
GUCY1B3	5.8724
RNF215	8.6112
RNF214	7.9042
RNF217	7.1719
FAM126A	8.1504
LZTR1	10.2742
SNHG8	10.4626
RNF213	10.8984
RNF212	0.7532
MED29	10.6662
FUNDC2	10.4766
STX2	7.0734
ZNF326	7.7927
ADORA1	7.6863
MED20	8.4166
ADORA3	5.1684
FAM47B	0.0
MED25	9.622
MED24	10.5575
MED27	7.6572
ENAM	5.3491
C14orf73	8.8656
GUCY2C	3.2057
CC2D1A	10.5311
SEPT8	8.8421
CC2D1B	9.3703
SEPT5	5.7491
C10orf131	0.0
SEPT7	10.6668
RESP18	0.0
SEPT1	6.5893
BDNF	1.991
SEPT3	2.5357
C10orf137	7.0057
YPEL2	8.9738
UTS2R	0.0
LOC100128554	0.0
LOC100131551	1.6119
SNORA5C	0.0
GK2	0.0
GK5	9.3401
TRIAP1	9.7214
RBM34	9.6834
?|280660	0.0
CDK5R1	5.2997
TXNDC15	9.8297
RBM33	9.522
CDK5R2	0.0
RPS3A	11.8642
GSN	12.5283
RBM39	11.5662
RBM38	7.752
UGT1A7	0.0
EPHB2	9.8683
EPHB3	2.6969
EPHB1	2.3542
EPHB6	7.949
PARP9	10.8209
EPHB4	9.755
SPANXN2	0.0
DNAJC5B	3.2057
TOM1L1	11.232
PARP6	9.3417
EPN1	12.8032
DNAJC5G	0.0
EPN3	1.2455
EPN2	8.7961
BTNL9	10.0602
BTNL8	1.6119
BCCIP	9.9656
TP53INP1	12.7827
TP53INP2	10.8306
BTNL3	1.2455
BTNL2	0.0
FBXO10	7.5084
TSN	10.8828
ANG	14.3882
ALDH4A1	14.8681
TIFAB	0.0
LOC729375	4.2345
SLC6A8	9.4531
MELK	5.1406
SNPH	3.0944
RIMS4	0.0
NVL	8.5934
FGF22	0.0
FGF23	0.0
FGF20	0.0
FGF21	10.7029
MDFI	3.3091
XAGE5	0.0
RASIP1	9.4159
XAGE3	0.7532
LAGE3	9.7607
ACTC1	0.7532
DSN1	7.3887
TXNDC16	7.5184
ZNF34	7.8192
AK3L1	9.0336
ZNF32	8.942
SNORD36B	0.0
ATP8B2	6.2556
ZFP3	2.6969
SH3GL1	10.4689
SH3GL3	9.637
SH3GL2	0.0
SLC10A3	8.4281
NPY	0.0
SLC10A1	12.7577
RFPL4A	5.5097
SLC10A7	7.4294
SLC10A6	3.2057
SLC10A5	6.6789
PART1	1.2455
SNORA24	0.0
MPST	12.8264
ING1	8.7646
FHL2	9.2794
FHL3	7.7972
FHL1	9.2504
TYRO3	4.9618
FHL5	5.4201
OR1K1	0.0
PUS10	8.4537
FTH1	15.6604
UGGT2	7.6621
TSGA10	2.1465
SULT1C4	4.0073
UGGT1	11.6434
SUV420H2	6.9746
BSPRY	1.2455
ZNF248	7.066
SNAR-I	0.0
ITPRIPL2	9.2585
ITPRIPL1	2.3542
KIAA1751	0.0
FLJ40852	3.9445
WWC1	9.1975
SFTPA1	0.0
KIAA1755	8.6011
LOC732275	0.0
LOC100189589	0.7532
RFPL3S	2.3542
ALDH7A1	12.1225
PAWR	8.2991
RAD51C	7.0586
RWDD2B	8.5702
VASH2	3.6615
PYY2	1.6119
?|391343	0.0
C9orf144B	0.0
LOC286238	0.0
C5orf15	9.9625
CTDSPL2	8.1915
PDPR	8.5423
UGT1A10	3.3041
ST7OT4	1.6119
COL21A1	5.1123
TRMT2A	10.0275
GATAD2A	9.9978
VTRNA1-3	0.0
GPA33	0.7532
VTRNA1-1	0.0
LGI1	0.7532
WBP1	10.8056
HMGXB3	9.3598
HMGXB4	8.2833
LGI2	2.9736
FLJ10661	2.1465
DIP2A	8.0078
DIP2B	9.4346
DIP2C	9.7687
BAHD1	9.0317
MYLPF	0.0
ZFP36L1	12.4525
NIT2	10.9844
DCLRE1B	7.1589
DCLRE1C	5.443
YES1	9.9223
DCLRE1A	8.1328
SNORD41	0.0
DNA2	4.7205
ECT2	4.8633
KIAA1632	8.2737
STAM2	9.3793
KIAA1712	7.4352
NADK	10.4018
LOC143188	3.3091
ZCCHC9	9.2968
WDFY4	4.3359
KCNS1	0.0
KCNS2	0.0
KCNS3	8.8072
TBX4	5.2486
ZCCHC2	8.7417
CYP4A22	10.2064
ZCCHC7	8.324
ZCCHC6	11.26
ZCCHC5	0.0
ZCCHC4	6.7903
C17orf60	2.9736
C17orf61	10.547
C17orf62	10.1492
C17orf63	8.2959
C17orf64	0.0
C17orf65	6.6292
C17orf66	1.9038
C17orf67	6.0169
C17orf68	7.4466
C17orf69	0.7532
ADAM21P1	0.0
LOC654342	7.0362
SLCO2A1	8.9934
CHADL	9.8804
OR2M5	0.0
EFCAB4B	2.3542
OR2M7	0.0
FKSG83	0.0
OR2M3	0.0
OR2M2	0.0
WBP11	10.5874
IPPK	7.7989
KIAA0087	0.0
NDUFA4L2	8.4509
C6orf132	0.7532
UPP2	6.2163
C6orf130	9.4039
ARID3B	5.9384
C6orf136	8.7019
C6orf134	6.1894
FAM9B	1.2455
FAM9C	0.0
C6orf138	7.272
CASQ2	4.1254
P704P	3.2057
INA	0.7532
LOC285768	3.0944
PUS7L	6.3313
SNORD62A	0.0
SNORD15A	0.0
TRIP13	3.5811
GLRB	2.8419
MUDENG	9.0873
ADPRHL1	4.7936
ADPRHL2	9.3955
LOC392196	0.0
DARS	10.5868
GLRX5	11.2442
LYPLA2	10.8289
MC2R	0.0
TPI1P2	4.6825
GLRX2	8.6585
GLRX3	9.2341
PIH1D2	3.3091
ATP2B1	9.056
ARGFX	0.0
SPG7	10.9893
ICA1	9.5813
WBP4	7.8016
DARC	5.1123
S100A10	12.9562
KIAA0664	13.0642
S100A12	3.5811
S100A14	5.5097
PHYHIP	4.1809
S100A16	10.8098
C19orf40	4.2861
C19orf41	0.0
C19orf42	10.5906
C19orf43	11.0456
C19orf44	7.7409
C19orf45	1.6119
C19orf46	8.0972
C19orf47	7.7242
C19orf48	10.157
A4GNT	0.0
GRK4	5.6736
GRK5	8.7394
PPYR1	0.0
CYBRD1	9.0354
CAPN7	9.2857
CAPN6	2.8419
CAPN5	10.7915
CAPN3	8.0165
CAPN2	11.7986
CAPN1	11.598
DLEU2	4.6721
DLEU1	6.0767
DLEU7	0.0
NECAB2	8.0606
CAPN9	0.0
CAPN8	3.7376
SOD2	14.0416
SPAG8	2.6969
SPAG9	10.0093
SPAG6	1.2455
SPAG7	10.0113
P4HB	15.4848
SPAG5	5.6736
TBX5	0.0
SLC2A12	9.1992
HTR6	0.0
HTR7	2.8419
HTR4	2.1465
KLHL5	9.7664
KLHL2	9.1975
KLHL3	2.8419
KLHL1	0.0
WAC	11.0263
SLC2A10	10.3019
KLHL8	8.1364
KLHL9	9.1874
CAB39L	6.3677
FUT11	6.12
FUT10	5.2224
FAM82A2	10.717
FLJ37453	7.3099
SGMS1	9.0616
FAM82A1	8.5883
ZNF696	8.7939
ELFN2	4.7575
MKRN3	0.7532
MKRN2	8.8529
KATNA1	7.0952
DEFB105A	0.0
KDELR3	7.3161
KDELR1	12.3634
RSPH10B2	1.2455
HIRIP3	10.4228
RP1	0.7532
CLEC12B	0.0
CLEC12A	2.6969
POU2F1	4.8633
ZFP30	6.3313
MAMDC4	11.2074
ANKRD33	0.7532
MAMDC2	4.3359
ZMAT3	5.8554
MEGF11	0.0
ZNF354A	6.2029
KIAA0947	8.8248
ST14	11.6272
RP2	7.667
MOBKL2B	7.1998
MOBKL2C	7.9084
MOBKL2A	9.303
TEX19	0.0
AANAT	0.0
ST18	0.0
TAS2R7	0.0
TBR1	0.0
LOC730101	6.877
CDV3	11.585
LYG1	3.6615
LYG2	0.0
TCTN2	6.7075
TCTN3	9.9655
CMAH	4.9297
TNXB	6.8634
SOHLH1	0.0
SOHLH2	0.0
CMAS	9.699
GRAMD2	1.9038
FATE1	3.7376
AKT1S1	10.6735
LOC728554	6.8937
GRAMD4	10.0322
PRDM14	0.0
RGMA	5.3491
TAS2R4	0.0
SLC5A2	0.8606
DCHS1	6.3677
DCHS2	3.8788
LCE6A	0.0
NT5C3L	10.1404
SERPINB11	0.0
SERPINB10	0.0
SERPINB13	0.0
SERPINB12	0.0
WHAMML1	6.0169
TMEM132C	0.0
CMA1	4.384
TMEM11	8.7161
PLEC	12.8695
TXLNA	10.8322
ZNF546	5.3731
LOC550643	7.4746
NELL2	2.5357
PLEK	7.1589
BSCL2	11.1455
LTK	1.2455
GOT1L1	0.0
POMGNT1	10.7797
NWD1	1.6119
KDM5A	10.1183
PRAME	0.7532
GOLGA2B	8.0936
PRDM12	2.3542
SPOCK2	9.3462
SPOCK3	0.0
ZNF133	7.6474
TMEM18	8.2801
PDE4DIP	12.4992
CLDN12	10.8098
CLDN10	2.4296
CLDN11	3.3091
CLDN16	3.7376
CLDN17	0.0
CLDN14	10.0482
CLDN15	10.0914
SYNGR4	1.6119
NR2F1	9.2159
CLDN18	0.7532
CLDN19	1.6119
NDUFA11	11.8869
APOOL	8.4678
ISCA1P1	6.9746
PGBD2	6.6692
PRDM13	0.0
SNX5	11.0535
SLC5A5	0.0
GAD1	4.6825
GAD2	0.0
TSKU	14.3637
ZNF746	8.4509
MTHFD2L	7.6838
PHYH	12.3511
ZNF740	9.7516
LCE3D	0.0
LCE3E	0.0
NDUFA12	9.9305
LCE3A	0.0
LCE3B	0.0
LCE3C	0.0
TMEM150B	6.9266
ODF3L2	2.1465
ODF3L1	2.9736
PHLDB2	10.187
SNORD116-5	0.0
AGTRAP	9.3294
DNHD1	7.592
MTP18	8.3275
LOC220429	2.9736
C14orf19	1.2455
SNORD103A	0.0
PABPC4	11.9146
PORCN	6.4937
ELL3	6.7277
OR11H1	0.0
TAS2R1	0.0
OR11H6	0.0
MPV17L2	8.2016
OR11H4	0.0
SYNE1	8.8804
SYNE2	10.9267
FAM187B	0.0
TNFRSF13B	0.0
GOPC	9.4559
WFIKKN2	1.2455
C18orf54	3.4056
C18orf55	8.4021
C18orf56	5.2224
DDB1	12.4566
ZNF527	6.4263
WFIKKN1	4.9931
ZNF525	5.3246
ZNF524	8.6828
ZNF529	7.3285
ZNF528	5.5097
JRK	7.3161
OR56A5	0.0
PCDHB19P	1.2455
FEZ1	5.9703
SLC5A8	1.2455
OR56A4	0.0
RNF144B	9.0354
YJEFN3	4.4687
RNF144A	6.3313
STEAP1	7.4857
OR56A3	0.0
STEAP3	6.9185
KIF21B	8.3575
OMA1	9.5017
PRO0611	0.0
FEZ2	8.4339
OR56A1	0.0
OR4F15	0.0
LOC100129935	0.0
BCL11A	1.9038
BCL11B	3.2057
PALM3	8.3454
LOC253039	6.2029
VPS11	9.6407
TST	14.2577
DSCAM	1.2455
UBASH3A	0.0
GCLM	9.8534
AVL9	7.8876
GRHL1	6.3555
GRHL2	1.2455
GRHL3	3.4961
UBQLN2	9.6195
UBQLN3	0.0
OR4C45	0.0
GCLC	11.1376
TUG1	10.761
C1GALT1	7.4005
OSMR	8.9115
WHAMM	8.2959
OR8B12	0.0
FAM165B	8.3605
BIVM	9.2537
DAPK3	10.1103
DAPK2	8.1504
DAPK1	8.5624
ULK2	9.2537
DPY19L1	9.2439
DPY19L2	1.2455
DPY19L3	6.6097
DPY19L4	10.6638
PIM3	9.7026
C21orf129	2.6969
C21orf128	0.0
ZFPL1	9.4403
C21orf125	3.7376
C21orf122	5.7491
C21orf121	5.3491
MAN1C1	10.3066
TMPRSS13	0.7532
MYNN	8.3844
TOMM70A	11.2511
TNN	4.2345
SATL1	6.2556
LOC440040	0.0
HRNBP3	0.7532
SNORD42B	0.0
FAM138B	0.0
PREX1	8.5306
TMEM39B	8.2769
FAM138F	0.7532
FAM138E	0.7532
FAM138D	0.0
SLC43A2	6.6397
TAAR2	0.0
PITPNC1	8.9319
GORAB	7.7927
NOTO	0.0
HES1	9.265
MYO7A	9.4116
MYO7B	3.5811
UBL5	11.6854
BPTF	9.2341
UBL7	9.9305
STK19	8.6019
UBL3	10.2925
OR6C74	0.0
LTB4R2	5.0012
STK10	8.5226
POLG2	6.8343
STK16	10.3915
GPAT2	4.7575
FKBP4	12.3509
FKBP5	13.8513
FKBP6	2.4818
FKBP7	7.9962
FKBP2	11.1851
FKBP3	10.1904
KCTD6	6.8168
HES2	3.3091
LOC153910	0.0
FKBP8	12.3922
FKBP9	10.0055
SLC27A6	0.0
NAPSA	4.0073
ZNF135	1.6119
NAPSB	4.8968
TYROBP	8.6213
PCDH1	10.2582
TAS2R14	0.914
PPME1	9.3386
GABARAP	12.6876
LOC100303728	6.3435
C14orf159	10.0575
LOC645323	0.0
MANF	10.9692
GPR109B	1.9038
C14orf153	8.8103
SV2C	0.7532
GPR109A	2.5357
C14orf156	9.6245
IFNA16	0.0
SPRED3	0.0
IFNA14	0.0
SNORD42A	0.0
SYMPK	10.9859
MAN2C1	11.1671
PXT1	0.0
SAMD3	2.6969
ZNF639	8.709
KRT34	1.6119
EHF	3.5811
FCHO1	2.3542
RMND1	9.6333
TBCK	9.1826
LRRC16B	3.9445
IFT122	9.4432
TRIM63	3.3091
BRP44	12.8682
SNORD37	0.0
BET1L	11.1261
IL20	0.0
FKBPL	7.1863
GRB10	11.3408
GM2A	10.7005
GRB14	9.6494
FDXACB1	5.2775
SAMD9	5.9545
TNFRSF17	1.6119
GPR172A	9.3875
GPR172B	0.7532
HES5	0.7532
MED11	8.431
PRRC1	10.5654
CSRP1	11.1667
SNX30	8.9095
CSRP3	0.0
CSRP2	10.7993
ZNF460	5.0239
TBCE	10.6212
A2LD1	8.0378
GPR17	2.9736
ATP6V1D	10.2197
EGFLAM	5.6344
ATP6V1F	10.0198
ATP6V1A	11.0134
GPR12	0.0
HSD17B14	6.8081
DTL	6.1482
EMX2	0.7532
ATP6V1H	10.9226
CHRNA10	2.3542
GPR18	1.2455
SLC26A6	8.8741
HES6	6.7632
PIWIL1	0.0
NHP2L1	11.1217
C12orf39	4.2345
C12orf34	6.9588
C12orf35	10.9888
C12orf36	0.0
EMX1	1.9038
SNORD114-1	0.0
C12orf32	7.145
ZG16B	2.6969
ARNTL	8.7417
NPIP	7.6605
PANK3	9.3015
PANK2	8.3424
PANK4	8.776
LOC158696	4.0073
ETAA1	7.1658
KIF2A	7.7702
KCNMA1	7.2591
SLC26A7	3.7376
KIF2C	3.2057
SLC25A30	11.4194
KIF2B	0.0
ZNF324B	6.7992
PCYOX1L	4.2861
FTSJD1	8.1949
PADI1	1.6119
HEATR5A	8.0448
HEATR5B	8.4789
OR14C36	0.0
RPL19P12	5.3246
NFASC	7.2948
TMEM22	7.6523
LOC643008	1.9038
RAP1GDS1	10.4429
MYBBP1A	9.5693
IGJ	6.2685
ARNT2	5.2224
PLXNC1	2.8419
ZNRF4	0.0
ZNRF1	9.056
ZNRF3	11.2265
ZNRF2	9.8188
SLC26A9	0.0
CBL	7.0586
EBI3	5.3731
GPX1	12.7465
CBS	9.1565
GPX3	14.5142
GPX2	12.6798
GPX5	0.0
GPX4	13.4067
GPX7	5.054
GPX6	0.0
EFCAB5	0.7532
FLNA	13.3639
EFCAB7	6.3796
EFCAB6	4.5196
EFCAB1	4.5621
ANKRA2	8.8507
EFCAB3	0.0
EFCAB2	7.9084
NPDC1	8.1293
LOC494141	0.0
TNFAIP6	1.2455
RCAN1	11.9617
RCAN3	3.7376
RCAN2	5.6541
LETM1	10.0814
GRTP1	9.0411
WASH7P	9.78
LETM2	2.6969
RIMS3	3.4961
PLCL1	4.2345
PRKCSH	12.9629
PSAT1	9.2601
ADCYAP1	5.1684
STT3B	10.5893
UBE2J2	9.5098
LOC100128573	0.7532
TTTY11	0.0
BRIX1	8.6536
HIC1	7.2132
CELSR2	6.062
WDR37	8.6462
TTTY13	0.0
HCG4	1.9038
HFM1	0.0
RAD51AP1	4.7936
RAD51AP2	3.4961
RBBP9	10.4598
RBM17	10.0322
RBM16	9.2605
RBM15	7.5238
ICA1L	3.6615
PARVB	11.3574
SIT1	3.0944
RBM19	9.1036
PARVA	9.632
SMYD4	7.3946
PARVG	5.9222
STXBP1	7.8538
BEND6	0.0
BEND7	7.5184
BEND4	0.0
BEND5	6.7723
BEND2	0.0
BEND3	6.5686
ARVCF	8.0606
HSD11B2	7.0952
RXRA	12.253
RXRB	10.1166
TTTY19	0.0
KCTD11	8.0001
CCNYL1	8.0269
TUBAL3	0.0
MVD	9.8166
ALDH9A1	13.3508
GRAMD1C	7.1239
GRAMD1B	3.8099
CXorf27	0.0
CXorf26	9.3553
CXorf21	2.6969
CXorf23	6.4937
CXorf22	0.7532
ZFYVE21	9.7641
ALK	1.2455
PLCG2	9.2682
NTS	0.7532
ALB	19.7134
PLCG1	10.2917
RELL2	5.1891
ABCA6	12.1711
ABCA7	7.6959
ABCA4	5.7119
ABCA5	9.2794
CLLU1OS	0.0
ABCA3	8.5199
ABCA1	11.6455
RFT1	8.6658
TUBGCP2	10.4915
CIZ1	9.9233
TUBGCP4	6.6594
LRRC14	10.1954
ABCA8	9.6798
ABCA9	6.3914
HARBI1	6.2813
MT2A	12.7865
HAND2	2.3542
PSMD5	8.49
PSMD4	13.2182
PSMD7	10.3159
FLAD1	10.0658
PSMD1	10.9353
PSMD3	11.4009
PSMD2	11.5927
RTP4	7.2527
RTP2	0.0
RTP3	10.358
RTP1	0.0
ZNF14	3.4961
ZNF16	8.324
POTEC	0.0
ZNF10	6.9103
ZNF12	8.5064
SNORA18	0.0487
CLLU1	0.0
WDR33	10.1094
TMEM132B	3.2057
PLEKHG4B	6.7632
LOC283914	0.0
SELPLG	7.088
SNORA15	0.0
BAT4	9.3402
OR8A1	0.0
BAT3	12.2394
HIST2H4A	9.8577
ZMYND10	2.1465
SPON2	11.4899
SPON1	2.5357
BANP	8.4844
KIAA1737	10.364
SNORA11	0.0
SCN8A	5.9703
RGAG4	7.4121
KIAA1731	7.0362
PLK5P	0.7532
TIMP4	7.806
RRN3	9.9526
NDUFA10	11.9027
SNORA13	0.0
MCFD2	11.6785
ST6GALNAC5	1.2455
OR4N5	0.0
COPS7B	9.3093
ST6GALNAC2	5.0834
CIDECP	6.3932
COPS7A	10.8865
NAF1	7.1096
NMUR2	0.0
NMUR1	2.9736
OR5E1P	0.0
NCK1	9.3432
NCK2	7.9409
FAM111B	6.1758
DKK4	2.5357
DKK2	0.7532
DKK3	10.9903
DKK1	0.0
RABGGTB	10.5437
KIF13A	9.0203
KIF13B	8.8335
RABGGTA	8.954
PTPN20B	0.0
LILRA6	5.5868
LILRA4	2.5357
FAM111A	7.9125
LILRA2	3.4056
LILRA3	2.3542
LILRA1	0.7532
AVPR1B	0.0
AVPR1A	3.2057
SAMD13	3.6615
TGDS	8.2283
TIMP2	12.2675
UPRT	8.9054
HPS5	8.776
HPS4	9.8023
HPS6	8.942
HPS1	10.5529
HPS3	9.0747
RPLP0P2	3.6615
TMEM170A	8.1642
CYP2D7P1	6.2426
C20orf96	6.294
DOM3Z	8.3215
C20orf94	3.5811
BET3L	0.0
HERC2P4	1.2455
NFE2L3	6.0321
NFE2L2	11.9865
NFE2L1	13.1876
POF1B	1.6119
KLF5	3.9445
ROPN1L	0.0
ZNF264	8.1293
ZNF266	8.4079
KCNU1	5.1406
ZNF260	7.9962
ZNF263	9.2829
ARAP2	6.1894
ZNF268	8.3635
MASTL	7.6124
ZNF467	8.2959
LOC440905	0.7532
C17orf46	0.7532
C17orf47	0.7532
C17orf44	6.4492
C17orf42	7.088
NCKIPSD	9.6918
PLBD1	6.902
ASNSD1	9.8416
MURC	2.3542
LOC340094	0.0
C17orf48	8.9679
C17orf49	10.2076
CORIN	3.0944
FRMD4B	8.2609
SCAND3	3.4056
RBBP8	7.7382
ROBLD3	11.41
KIRREL2	0.0
KIRREL3	0.0
CACHD1	5.3491
STK17B	6.9185
CEP350	9.91
SARNP	9.4018
HPSE	3.7376
AKD1	5.2486
ZC3H11A	11.6109
SIGLEC16	2.8419
IAH1	9.5314
ARID1B	9.6005
ARID1A	10.5444
LOC100130776	4.523
MANEA	10.4235
SVOP	0.7532
YEATS2	7.8581
RHOD	9.9395
DHRS4L1	7.1239
DHRS4L2	10.2598
YIPF1	9.4685
YIPF3	11.6523
KLF8	2.8419
YIPF5	9.8034
YIPF4	9.5618
YIPF7	0.0
OSCAR	4.8968
SDR39U1	9.7368
CYB5R4	8.4844
CYB5R3	13.4607
CYB5R2	6.2029
CYB5R1	11.3825
HTR3C	0.7532
TM2D1	8.5253
MYO5A	6.4492
RBBP6	9.6357
UTP15	8.2083
RBBP5	8.776
BTF3L1	0.0
TCEANC	5.4656
RBBP4	11.0279
BTF3L4	8.8929
MCTS1	10.633
C19orf66	11.1545
YPEL4	3.3091
ZNF706	11.8184
C19orf62	10.4307
C19orf63	12.1337
C19orf60	10.43
C19orf61	8.8204
PPP2R4	12.2153
FTSJ2	9.0504
FTSJ3	9.9842
MKL2	9.6107
C19orf69	0.0
DERL1	12.6243
DERL2	9.7867
DERL3	7.9845
TBC1D3C	4.6033
HSF2BP	2.3542
C11orf53	0.0
C11orf52	8.2086
C11orf51	9.0444
PRR24	7.9166
C11orf57	9.1196
NLGN4Y	5.4201
PNMT	1.9038
C11orf54	11.4575
SORL1	11.0563
NLGN4X	4.7205
TICAM1	8.5009
NCR3	2.3542
RAB41	0.7532
FAHD2A	9.8651
MLLT10	8.4481
FBN3	0.7532
RAG2	0.7532
DAP3	11.5195
RAG1	7.3828
EIF4H	11.8801
EIF4E	8.2349
BCAR4	0.7532
LOC151162	7.6275
BCAR1	10.3237
BCAR3	8.1364
EIF4B	12.9476
HSPBAP1	7.1998
CD99	12.2904
CD96	4.1809
CD97	8.3903
CCDC106	8.9992
CD93	10.0602
WASF1	7.8016
OBP2B	0.0
S100A7A	0.0
HIATL1	9.125
ZBTB45	8.1151
CYB5RL	5.9703
DEFB103B	0.0
CLEC10A	6.0169
EFNB3	2.8419
HDAC3	9.8297
EFNB1	10.0444
HDAC5	10.3767
HDAC4	8.9719
HDAC7	8.0863
HDAC6	12.1888
HDAC9	3.3091
CIRBP	12.2617
TMEM161A	10.6564
OLAH	0.0
KCTD16	1.2455
NHLH2	0.0
NHLH1	0.7532
ITIH1	15.5951
LOC145837	5.1684
ITIH3	14.6442
ITIH2	15.5483
ITIH5	9.1107
ITIH4	15.9504
NMI	8.6634
SOBP	4.6033
FLJ13197	4.0723
POFUT2	8.205
FILIP1	3.8788
LOC100130522	4.2861
CDT1	5.7306
TMEM190	0.0
UCMA	0.0
SKAP2	8.3053
CST8	0.0
CHPT1	12.1675
TRAPPC10	9.1891
ZNF512B	9.5398
CST2	1.2455
CST3	13.4992
CST1	2.5357
CST6	0.0
CST7	6.1342
CST4	0.7532
CST5	0.0
AURKAPS1	1.6119
SKAP1	4.9931
SNW1	10.275
CSTB	11.4639
CSTA	5.594
GMPPA	10.5516
ANKRD26P1	0.0
GGT8P	0.0
REEP1	2.8419
SUMO1P1	0.0
SNORD115-33	0.0
ESM1	9.397
MAS1	0.0
CMC1	8.8072
PRSS16	1.2455
TOB1	11.4053
JOSD2	8.5145
OXGR1	0.7532
CSTT	0.0
OIT3	7.6911
?|728788	0.7532
LOC100272228	5.4878
OR10H2	0.7532
OR10H3	0.0
OR10H1	0.0
OR10H4	0.0
KL	6.5047
SNORD115-30	0.0
RPL10A	13.3748
RAD52	6.6299
RAD51	4.1809
ENDOD1	8.2609
AMIGO1	5.3246
RPL10L	0.0
AMIGO3	6.902
AMIGO2	4.4307
TNS4	0.7532
CDYL2	6.0913
SRCAP	10.5529
STRADA	8.6413
LOC441089	5.9703
RPL36A	4.6435
SLC6A9	8.9967
USP2	6.0169
USP12	7.7838
USP4	8.6112
USP5	10.9052
TTTY9B	0.0
USP7	11.0376
SNORD115-31	0.0
SOX8	0.7532
MRM1	7.7242
OR2W1	0.0
RNF39	1.6119
SOX2	0.0
SOX3	0.0
BBC3	7.6325
SOX1	0.0
RNF32	5.6541
SOX7	7.6073
SOX4	8.6487
RNF31	9.2569
ZNF721	8.1791
CEBPB	11.7955
CEBPA	11.123
TRAT1	2.8419
CEBPG	10.547
CEBPE	0.0
CEBPD	13.3396
RALGAPB	9.1232
XRCC5	12.9262
STX5	10.4429
LCE5A	0.0
ZNF547	4.9416
PHKB	10.9781
HOXA11AS	2.3542
TFDP1	9.0945
PPIEL	3.6615
RNF222	0.0
SLC13A1	0.0
LOC100131691	6.1258
CEBPZ	9.9687
PITPNB	10.6429
TRIL	6.6097
MAP3K15	0.0
INTS3	11.2032
C14orf33	5.6929
INTS1	11.4642
KLRC2	0.7532
INTS7	7.828
C14orf37	4.182
C14orf34	0.0
INTS4	8.2083
TPP1	13.4388
INTS9	6.9746
C14orf39	0.0
MTHFS	10.7088
SLC13A5	13.9738
RGS4	4.5196
OR7E5P	0.0
OR6Y1	0.0
CRNN	0.0
TRIO	9.6005
CTNNA1	12.6326
CTNNA2	12.1024
CTNNA3	4.7575
FAM181B	0.0
FAM181A	0.0
TCEAL2	1.6119
YTHDF2	10.6417
OR5AU1	0.0
SLC1A1	11.4302
FUCA2	11.1693
LIMCH1	7.6621
TGIF1	10.1929
FES	7.145
ZNF777	8.8635
NFYC	10.0397
CDRT15	0.0
TM7SF3	11.4284
MYO19	8.7771
RNF138P1	3.2057
KRTAP9-4	0.0
EPB41L4B	11.766
SNORD114-2	0.0
BGN	10.37
EPB41L4A	6.998
MYL6	13.7595
MYL7	0.0
MYL4	0.7532
MYL5	8.9047
MYL2	0.0
MYL3	1.6119
BLCAP	12.0264
ATP2C2	0.0
PTENP1	8.0936
CLDND2	4.4307
CDKN2AIPNL	8.4761
MYL9	9.9978
NCEH1	5.8724
LINGO4	5.5097
LINGO3	2.1465
LINGO2	1.2455
LINGO1	6.3435
TSNARE1	8.0972
CHSY1	8.7509
MPP2	1.6119
LOC150568	0.0
SFTPC	0.0
MPP7	7.1309
MPP6	6.2426
MPP5	9.6846
MAPK8IP1	8.1677
FAM110A	6.4937
INHBA	6.0767
FAM110C	1.2455
FAM110B	8.1813
GP9	2.5357
GP5	0.0
GP6	0.7532
TUBGCP3	7.9369
GP2	1.6119
MGC27382	3.5811
PRPSAP1	10.4142
GPI	12.8974
PRPSAP2	8.6062
MFI2	2.8419
EXTL1	2.8419
EXTL2	8.042
EXTL3	9.2341
STAU2	10.6059
ETFDH	11.6709
LOC440356	0.0
RGSL1	9.1214
ZFP106	9.9496
GPT	12.4765
RGS12	8.3755
LOC440354	5.443
LOC390858	0.0
MAN1A1	11.1923
MAN1A2	8.8248
KRTAP20-2	0.0
IKBKB	8.0154
SNORD115-38	0.0
ATIC	10.2038
NIN	8.3332
KRTAP20-4	0.0
PCTP	11.3362
TSPO2	2.8419
PSPH	8.0039
MYLK	12.323
TM4SF20	7.752
TNFRSF8	1.9038
LOC152225	0.0
TUBGCP5	8.2577
HDAC11	9.0745
FCGR1C	3.3091
LRTM2	0.0
IKBKG	10.3886
SNORA71C	0.0
LOC100190939	5.8724
SNORA71A	0.7532
SYNM	8.3903
PLCB3	7.953
GSPT2	7.7657
SLC22A5	7.949
GORASP2	10.8917
GORASP1	9.481
PPRC1	9.2176
SYNC	3.1534
IFNA6	0.0
CRTC1	7.7195
CRTC3	9.6208
CRTC2	10.1776
PNMAL2	4.8633
RGS18	3.6615
PNMAL1	2.6969
FAM13B	7.1239
FAM13C	6.8848
OR13J1	1.2455
AP4B1	8.8185
OR5M10	0.0
OR5M11	0.0
LY86	5.1406
SUMF2	11.9293
SDHAF1	8.6313
SDHAF2	9.3062
SUMF1	10.0444
CRHBP	6.7723
NCALD	5.6929
ZBP1	2.3542
MALL	6.5155
C14orf174	1.6119
MICA	8.0457
C14orf176	4.4307
C14orf177	0.0
C14orf178	0.0
C14orf179	8.8699
FNDC3B	10.2337
SURF2	8.1983
SNORD18C	0.0
SURF4	13.0228
PTPLB	6.8937
SGEF	10.628
RARA	10.0065
LOC400752	6.7357
RALGPS1	5.9222
TTYH2	6.168
GBP3	8.5806
GBP2	10.2052
ACSF2	12.0064
EFS	2.3542
GBP7	6.9933
GBP6	0.0
GBP5	4.8289
GBP4	8.4734
GRLF1	11.6162
SPANXE	0.0
TSPAN18	7.0437
CORO2B	2.8419
CORO2A	7.9329
CCDC134	4.8633
CCDC135	6.2029
CCDC136	0.7532
CCDC137	8.9156
CCDC130	8.3301
GALK1	9.5565
CCDC132	7.8581
SPACA3	0.7532
OTOA	4.7936
PRTFDC1	3.7376
CCDC138	4.6435
PCDHGA8	3.0944
OTOF	1.2455
WIZ	10.3144
STK31	0.0
FRG2B	0.0
FRG2C	0.0
POLE3	9.9516
POLE2	4.5196
STK36	8.816
SNORD12B	0.0
NXNL1	0.0
AGTR2	0.0
AGTR1	9.7037
NXNL2	0.0
SYN2	6.1342
GGNBP1	0.0
GGNBP2	10.2854
SYN1	1.9038
PTH1R	5.6929
LCNL1	0.7532
LOC100287704	0.0
ACCSL	0.0
THEG	0.0
PAPD5	9.4116
STARD4	6.3313
LOC285205	0.0
CD4	8.2544
CD5	3.7376
CD6	4.4307
DARS2	9.7799
CD2	4.5196
KIR3DL1	0.0
PLA2G16	10.7786
TMEFF1	4.0092
HSFYL1	0.0
CD9	10.7881
SLC17A5	9.5139
CDY2B	0.0
LOC727896	4.6435
CEP164	8.2705
APH1A	12.6251
NCRNA00111	0.0
NUSAP1	5.9384
STAT2	10.7052
STAT1	11.0706
CHRNB1	7.8918
FAM54B	10.8178
CHRNB3	0.0
CHRNB2	2.6969
CHRNB4	3.0944
HBEGF	7.9288
RBM11	0.7532
CHGA	0.0
CYP7A1	9.5967
NCRNA00028	0.0
NCRNA00029	0.0
OR4C46	0.0
VCAN	7.2911
IGFL4	0.0
LOC150622	0.0
TRPC5	6.5263
TGM1	2.3542
SNORD114-19	0.0
HEATR7A	10.2038
PLA2G10	0.0
HTATSF1	10.9538
SNORD114-13	0.0
GABRB1	0.0
AKR1B1	10.1878
GABRB3	0.7532
SNORD114-17	0.0
BTAF1	8.855
PODNL1	2.1465
GSTT2	1.2455
SLITRK5	0.0
CDA	8.0457
PLXNA3	7.2199
PLXNA2	9.5327
PLXNA1	7.1658
ASNS	6.3313
MTMR2	7.1727
PLG	16.9367
KIAA1009	6.4263
MAP3K10	7.5869
MRPS27	10.8349
PDE4A	5.2486
PDE4B	6.3435
MYT1	0.7532
PDE4D	5.2631
PEG3	3.0944
SCAI	7.0134
JAKMIP3	2.5357
MRPS25	10.447
LOC728323	4.8289
WASH5P	8.4253
MAP2K3	10.471
CACYBP	11.3442
BMPR1B	0.0
LOC642826	5.2631
MAP2K7	10.1076
MAP2K6	8.9797
CT47A11	0.0
CT47A10	0.0
AACS	7.5399
GTF2IRD2B	6.4378
ADCYAP1R1	0.0
TRAPPC6B	9.3294
ELF3	9.8166
SLITRK3	0.7532
NLRC3	4.6435
DYDC2	3.9445
DYDC1	0.0
FBXO22OS	6.2335
MSC	4.5473
LOC254559	0.7532
NR1H3	10.4307
MT4	0.0
SEC31B	7.2963
TSC22D1	13.6827
SOCS7	3.8099
TPRG1	7.5766
ACY3	9.8651
ACY1	13.2941
ATP5G2	12.2571
ZNF772	6.0913
TSC22D2	9.5877
PHF8	10.919
COL18A1	15.6942
TMEM231	5.8892
TMEM138	8.0569
SPANXB2	0.0
ZRSR2	6.9428
OR4P4	0.0
PHF6	9.2999
SUCLG1	11.4774
TBC1D22B	6.9295
PPP2R5E	8.4195
ALDOA	12.2528
GRPR	7.7289
ALDOC	8.0078
ALDOB	15.4409
KIAA1875	5.9222
SMARCAL1	8.8464
NHEDC1	1.6119
PDSS1	5.707
ARX	0.7532
SIGLEC10	4.6033
FSHB	0.0
MAP3K14	9.2983
PHF3	10.6205
SLC2A4RG	11.7078
SNORA11E	0.0
ARC	3.9445
ABCC8	2.3542
ABCC9	10.2313
OR5H2	0.0
ABCC4	3.7376
ABCC5	7.3828
ABCC6	12.3034
PHF1	9.4989
ABCC1	8.2117
ABCC2	11.8924
ABCC3	10.312
DNAH14	6.6097
TMOD4	0.7532
IFI35	9.7073
DNAH17	3.9445
DNAH10	2.9736
DNAH11	4.7677
DNAH12	5.5524
SLC24A5	2.3905
PRDM4	7.8236
PSMF1	11.8637
PLCZ1	0.0
SH3YL1	7.9369
PPCDC	6.698
HPVC1	0.0
LCMT2	8.1364
TALDO1	11.7382
PPP2R5D	9.4783
APLP1	5.0834
DYX1C1	1.6119
ZNF71	6.6397
ZNF76	9.1373
KITLG	8.5985
ZNF74	7.4857
RPL22L1	9.0241
GLI2	2.6969
SNORD116-8	0.0
XAGE2	0.0
RYR1	2.5357
SNORD116-4	1.2785
RYR3	0.7532
RYR2	0.7532
SNORD116-1	0.0
SNORD116-3	0.0
SNORD116-2	0.0
YIF1B	9.8089
GOLGA1	9.2455
GOLGA2	10.6161
GOLGA3	10.3707
GOLGA4	11.2066
GOLGA5	10.8009
GOLGA7	9.1908
EDN1	6.1894
EDN3	0.0
EDN2	2.6969
EP400NL	6.6594
TP53I11	8.7463
KIAA1715	9.7342
PTTG1IP	11.6474
MAFB	10.3027
SLCO3A1	6.12
GLI4	9.2934
KIAA1244	4.8633
ENPP6	2.1465
ENPP7	9.6942
ENPP4	6.5047
ENPP5	0.0
ENPP2	10.5264
ENPP3	4.0675
KIF26B	3.8099
ENPP1	11.8212
BTN3A3	8.7601
T	0.0
GIPC1	10.3221
GIPC2	8.4537
GIPC3	5.9222
CSNK2A2	8.4927
CSNK2A1	9.3417
TAS2R41	0.0
CIRH1A	8.9914
FZR1	9.6056
MEGF10	1.2455
HBG2	0.0
HBG1	0.0
CD2AP	9.1443
SLC2A7	0.7532
SLC47A2	3.4961
ZZEF1	9.3015
PTMS	13.7182
DKKL1	2.3542
SLC2A6	4.6435
KDM5D	9.2537
TP53I13	9.6295
CPS1	13.785
KDM5B	9.3673
KDM5C	10.1622
CS	12.0114
DAD1L	0.0
SLC2A4	10.0814
SNORD89	0.0
AIPL1	0.0
PDGFA	6.1621
PDGFB	9.2407
SLC2A2	14.3039
STAB2	1.2455
OPN1MW	0.0
GLUL	19.794
LONP1	12.3504
DNM1	7.3407
UBE2L3	10.5277
DNM3	5.2997
DNM2	11.4913
TSPAN17	9.481
SMYD1	0.0
SNORD85	0.0
TGFA	4.5621
ICT1	9.3386
SNORD84	0.0
PREX2	4.4758
ZKSCAN1	10.2296
HCG2P7	2.4092
SDK1	1.6119
RIPPLY2	0.0
SLC35E3	8.3022
ZPLD1	0.0
SNORD82	0.0
MUC21	0.0
C9orf109	0.0
ZNF630	2.1465
CNFN	5.7491
LOC440925	9.4685
STK25	10.8844
C9orf100	6.0814
ZNF287	2.1465
C9orf102	6.0935
C9orf103	9.7319
ZNF160	7.8876
ZNF283	4.6825
C9orf106	0.0
ZNF281	8.6438
AGXT2L1	10.4098
AGXT2L2	9.6671
SLC14A2	5.7854
SLC14A1	6.717
STRN4	9.9395
OR51V1	0.0
GYS1	8.8248
GYS2	11.3323
PPAPDC2	9.5565
PLAU	7.4365
KIAA0040	8.6924
CNIH	10.8676
EVPL	2.3542
STT3A	11.2425
PLAT	7.9125
RFXAP	4.1254
STRN3	9.1908
ETV1	8.2928
ETV3	6.2813
ETV2	5.0239
ETV5	8.0753
ETV4	7.667
ETV7	4.2861
ETV6	8.3785
SDR16C5	0.0
FAM8A1	12.565
PCNP	10.7479
BTBD9	7.9609
BTBD8	1.2455
BTBD7	8.3814
BTBD6	8.8507
BTBD1	9.6604
FAM5C	0.0
BTBD3	8.2641
BTBD2	10.7346
SULT1B1	8.8867
MRPL48	8.7872
RAD23B	12.9596
LUZP2	8.3454
MESDC1	8.816
RPL29P2	0.7532
SLC6A19	0.7532
HRNR	5.6736
NOM1	8.7417
IKZF5	9.3217
IKZF4	6.0321
IKZF1	6.062
IKZF3	1.6119
IKZF2	5.6143
C1orf190	1.2703
RHOXF2B	0.0
SLC24A4	0.7532
TTC18	7.3072
C16orf86	8.0494
C11orf71	9.7214
C11orf70	1.2455
C11orf73	9.2341
STON2	8.9299
C17orf28	6.0169
C11orf74	7.2847
TNFRSF10D	8.2705
IL4I1	5.1642
C1orf194	0.7532
RCOR3	9.2093
ZFYVE27	9.8199
SPATS1	0.7532
PLEKHG2	7.9609
SPATS2	7.4746
SNORD32B	0.0
PLEKHG3	8.4424
CST11	0.0
SLC13A2	2.1465
SLC13A3	13.7838
SLC13A4	0.0
NFIA	11.4452
TCEAL3	6.4032
STON1	5.0834
TCEAL1	9.7653
PLEKHG1	8.805
TCEAL7	2.6969
TCEAL6	2.6969
TCEAL5	1.2455
TCEAL4	11.56
TCEAL8	9.6822
RGS16	7.1931
PSPN	1.2455
RGS14	11.0798
IFNA8	0.0
FAAH	11.1428
RGS13	2.3542
RGS10	6.3796
KNCN	0.0
ZNF219	8.9218
IFNA2	0.0
IFNA1	0.0
SELK	9.6457
IFNA7	0.0
CCKAR	0.0
IFNA5	0.0
IFNA4	0.0
EMX2OS	2.3542
KDR	9.8427
PHF20L1	10.3451
TIMM22	8.4789
HMX1	0.0
MYCL1	10.259
HMX3	0.0
HMX2	0.0
ST6GALNAC4	6.6397
SMN2	9.7825
CLEC16A	8.956
CRYAB	11.3593
MINA	8.9037
CRYAA	7.4005
STOX2	5.3731
RPS25	13.2791
STRA13	10.2492
IGFL2	0.0
BTN2A3	4.1809
BTN2A2	7.8148
BTN2A1	7.9688
ELF2	9.3598
ELF5	1.9038
ELF4	6.0169
RPS23	13.5586
MRPL21	9.6444
PRPS2	10.1819
CAND2	2.1465
CAND1	10.3722
PRPS1	10.5351
CDR2	8.9817
CDR1	0.0
RIMBP3	2.8419
BRPF3	9.763
BRPF1	7.7335
TTLL11	7.2199
TTLL10	2.5357
TTLL13	1.8082
TTLL12	10.412
LDHD	12.2928
GMPR2	10.5041
AMELY	0.0
FOXD4	2.1465
LDHB	8.6188
LDHC	0.0
DNASE2B	3.8099
ODF2L	5.3491
FOXD2	3.5811
ACAP1	4.7205
ACAP2	9.1018
ACAP3	9.5841
LUZP4	0.0
OR10J5	0.0
LUZP6	11.0582
C1orf198	9.9625
CFL2	11.313
CFL1	13.6425
OR10J3	0.0
C8orf83	10.5777
C1orf192	5.0239
PLAA	9.6031
C8orf80	9.538
C8orf86	0.0
C8orf85	0.0
C8orf84	11.6328
NFIC	11.0153
NFIB	10.818
H1FOO	0.0
NFIX	11.8879
PLEKHG6	5.7854
PLEKHG7	3.7376
PLEKHG4	3.9445
PLEKHG5	6.1621
SLC7A14	2.1465
SELE	4.7575
SLC7A10	0.7707
PLA2G2C	0.0
METTL11A	9.857
TULP2	0.0
NPY5R	0.7532
GNGT2	2.6969
GNGT1	0.0
TULP3	8.6804
PTRF	10.6478
BCL6B	8.0972
GSTK1	13.4515
SELP	3.5811
SELS	10.4591
